9016 959 18428 470 1000
2 3 3 9 1 4 1 5 1000 5 3 4 2 1000 6 3 4 5 2 2 4 1 2 2 1000 2 3 1 2 3 1 3 3 2 6 4 2 3 2 3 5 3 5 4 3 4 5 2 4 1 2 4 4 4 1 6 6 4 2 6 3 3 3 3 4 4 3 3 3 2 1000 6 4 1 4 2 3 1000 5 2 3 5 6 3 3 3 1 2 3 3 1000 2 5 4 5 3 3 4 1 6 2 4 5 6 1 3 5 2 3 3 2 3 7 1000 1 3 3 2 3 2 1000 4 4 2 2 3 1 2 4 6 2 2 3 3 4 3 2 1000 3 2 3 3 6 6 6 1000 5 1 3 3 1000 2 5 3 2 1000 4 5 9 5 5 4 3 5 1 6 1000 1 1000 6 2 5 4 5 6 1 2 6 3 6 1 6 4 4 4 6 2 4 6 2 5 1 2 3 9 4 5 2 3 2 2 2 3 3 3 1 1000 3 2 6 2 3 5 4 3 9 5 3 6 2 3 3 3 4 3 6 2 1000 5 5 3 3 2 2 3 4 8 8 7 4 5 6 2 6 2 7 3 2 3 5 2 2 2 4 3 1 3 1000 5 5 2 3 1 1000 2 2 3 3 3 7 8 3 3 4 7 2 1 5 2 6 3 3 1000 8 9 6 3 1000 2 3 3 3 5 5 3 7 4 9 2 3 3 2 4 4 2 3 2 3 3 4 5 2 5 6 5 5 2 2 5 4 6 4 3 2 3 1 3 3 4 4 3 1 4 3 2 2 4 3 6 3 4 1 2 5 3 2 7 3 2 7 2 5 2 6 4 6 2 2 4 5 2 1 2 2 4 2 4 4 3 5 3 6 2 2 1 2 6 3 2 3 2 7 4 5 6 4 7 1000 5 3 3 3 5 5 2 4 2 9 2 5 3 4 4 7 4 2 4 1 3 1 3 2 1000 3 5 8 2 2 5 3 2 2 5 5 3 4 2 4 1 1000 3 2 3 10 1000 4 2 2 3 1 2 3 3 2 2 5 2 5 3 2 4 4 4 2 2 2 1000 3 2 3 2 1000 4 1 2 1 4 2 2 3 3 2 3 2 5 2 3 2 1000 5 5 5 2 3 2 2 2 6 1 2 2 3 3 4 5 2 3 1 4 5 3 3 1 3 6 3 2 2 5 2 4 4 3 2 2 4 2 1 5 2 6 3 2 8 4 1000 2 1000 3 7 3 5 4 5 5 5 3 3 6 5 4 6 7 4 3 2 3 4 1 2 3 3 5 6 1 2 4 4 2 5 9 3 2 3 1000 4 4 4 2 2 7 2 7 4 3 4 3 5 2 4 7 2 2 5 2 5 4 3 2 7 9 4 1 3 2 5 2 4 3 3 3 6 1000 4 4 6 2 5 4 3 2 8 2 2 4 5 6 3 8 5 9 5 1 5 2 3 2 4 9 3 4 6 2 5 3 5 1 1 7 3 5 2 1000 5 3 8 1000 2 2 2 3 4 4 4 3 6 5 1 3 5 2 2 2 6 2 3 1 2 4 3 1 1000 3 3 4 2 2 6 3 3 3 4 2 3 4 2 3 3 4 2 2 5 3 4 6 2 2 3 3 4 3 4 2 4 2 4 5 4 2 1000 4 2 2 5 6 3 2 6 3 3 4 4 5 4 1 3 2 1000 1000 4 3 1 4 2 2 4 1 2 8 1 3 6 5 6 3 4 5 2 4 3 4 5 1000 3 4 2 4 4 1 4 3 2 4 10 4 3 4 5 6 1 5 3 6 3 3 2 4 3 6 4 1000 5 1 4 2 3 1000 4 3 1 3 1 4 1 4 5 6 3 1000 4 1 6 2 5 3 4 3 6 4 2 3 6 4 5 3 9 2 2 3 1 2 2 4 6 1000 4 7 5 3 4 1 5 3 3 2 3 3 4 2 5 1 2 3 3 2 5 3 2 1 3 6 2 2 3 4 3 4 2 7 2 3 4 3 1 1000 3 2 6 2 8 2 4 4 3 5 3 3 6 6 2 3 2 4 4 6 4 1000 4 1 2 7 3 2 3 2 4 4 4 4 1000 4 3 2 3 4 5 2 1 2 2 5 3 1000 3 6 7 3 2 3 4 1 3 4 3 3 4 3 2 1000 3 3 1 3 1 3 1 5 3 4 5 4 3 4 4 3 4 3 1 8 4 3 2 3 4 4 3 4 4 7 4 1 1 1000 7 1000 3 4 4 2 3 3 2 3 5 6 1000 1000 6 4 4 2 6 3 2 6 5 4 3 3 4 3 5 5 3 3 3 3 2 5 3 2 4 3 1 2 1000 4 3 6 2 1000 6 3 2 4 1 4 3 4 3 4 2 2 2 3 2 1 2 4 5 3 3 2 1 1000 3 1 4 2 2 4 2 1000 2 1 2 3 1000 3 4 5 3 4 6 2 4 3 6 4 3 3 4 1000 7 3 5 1000 5 5 4 1000 3 5 1000 3 2 3 3 3 3 1000 3 1 2 3 3 4 3 3 6 2 5 2 2 5 3 2 9 6 5 4 1000 2 4 3 2 2 2 2 3 5 7 2 6 5 1 4 3 3 2 1 1 2 1000 4 4 2 2 4 3 4 2 2 6 9 1 3 5 3 4 4 2 3 2 4 5 4 1 4 5 5 3 1000 3 4 4 4 3 2 2 3 4 3 3 3 6 3 3 3 6 4 5 3 4 1 2 3 4 2 6 3 3 4 3 2 5 4 1000 2 1 3 3 2 1000 3 4 1 2 2 4 3 10 1000 5 5 3 4 4 7 6 1 2 2 6 5 4 3 8 2 4 4 9 3 2 3 4 2 2 5 4 2 3 2 3 3 1 3 2 1 2 7 5 4 4 1 2 2 3 4 4 5 2 2 2 2 2 1 2 4 4 3 1 2 4 1 1 2 3 1000 4 2 1000 4 2 1 3 4 5 1 1000 1 4 7 5 4 1000 3 5 4 3 4 2 2 7 1000 2 5 5 2 3 3 2 2 5 3 3 3 3 5 3 2 4 2 5 2 3 5 3 5 6 2 3 6 3 5 3 7 2 2 2 4 5 5 5 5 1 3 1 7 2 1000 1 2 3 5 1000 6 2 2 1 7 5 5 2 3 3 5 1 4 3 3 6 4 3 2 5 3 5 4 5 3 3 1000 3 5 4 3 5 6 6 4 2 5 2 2 6 3 3 7 2 5 10 3 1000 2 3 2 5 3 1000 4 4 3 1 3 4 3 9 5 3 1 2 5 7 3 2 2 2 2 3 1 1 3 3 1000 2 3 4 4 4 5 7 8 2 5 1 3 3 2 2 5 7 5 5 3 3 4 2 4 4 2 1000 3 4 5 2 2 4 1000 3 1 7 3 3 1 1000 4 3 2 3 4 4 3 2 3 6 6 3 2 4 2 2 2 3 2 2 4 2 2 2 7 2 3 4 2 4 2 3 6 3 4 1 4 7 5 3 1 3 7 3 2 4 2 3 3 5 2 3 4 2 2 5 3 4 1000 2 4 3 4 1000 1 6 2 3 4 1000 3 5 2 4 2 1 5 3 3 2 2 2 2 6 1 5 4 2 3 3 2 2 3 3 1 2 2 1 5 5 5 5 1 6 1 1 5 2 2 3 4 7 4 3 6 4 1 2 4 9 4 1000 2 7 6 4 3 3 6 6 3 1 2 2 3 4 1000 2 4 1 1000 1 4 3 1 3 3 3 5 2 3 3 4 4 8 5 3 2 2 2 4 5 2 4 4 5 4 6 2 2 1 3 1000 1 3 6 2 2 4 5 7 3 7 3 3 2 1000 2 1 3 3 4 2 5 4 3 2 2 3 1 3 3 2 7 4 1 5 1000 4 5 2 1 2 6 6 2 2 6 3 3 6 4 3 2 8 4 2 3 3 6 2 5 4 5 2 2 2 5 7 3 2 7 3 2 2 3 2 5 2 3 4 3 3 5 3 2 5 8 5 3 6 2 5 2 8 3 3 2 1000 3 2 5 4 4 3 2 4 2 3 2 4 3 8 3 6 3 5 2 3 8 2 4 2 3 4 7 4 8 2 2 1 3 4 1 6 2 3 2 2 2 6 4 1000 2 3 2 6 5 3 3 4 3 4 3 3 1000 1 2 1 3 5 2 2 1 6 1 1 6 6 5 2 4 1000 1 4 7 1 4 3 4 3 2 5 1 2 1 3 5 4 2 1 5 3 1 5 3 1 4 2 4 5 3 2 5 1000 6 5 1 4 4 2 5 2 6 1000 5 1 4 6 2 3 1 3 2 5 1 5 3 3 4 2 3 1 3 9 1 3 3 2 3 1000 4 2 4 2 3 2 1000 2 5 2 3 2 2 3 2 3 1 1 3 4 2 1 4 4 6 3 4 3 4 1000 2 3 3 1 2 2 2 2 4 1 1000 1000 2 2 3 2 2 1 3 5 3 4 6 2 4 6 3 3 2 6 2 4 4 3 9 2 3 3 3 5 4 7 1 2 6 5 4 3 11 2 2 3 4 3 2 2 3 2 2 5 3 2 2 4 2 2 2 2 2 1000 4 2 3 3 1 5 6 3 2 10 4 5 2 1 3 6 1 2 2 2 4 3 3 1000 3 3 1 5 6 7 3 2 2 5 1 1000 3 2 8 2 3 1 2 3 1 3 3 3 6 2 1 3 3 1 3 4 2 2 3 5 3 4 4 2 5 3 3 4 2 1 7 2 2 2 3 2 3 3 5 5 7 2 2 6 5 1 3 5 1000 1000 2 2 3 3 4 3 4 4 3 4 2 3 3 1 3 1 3 2 4 3 2 3 2 3 5 1 2 3 5 2 2 2 2 1 1 2 3 1000 4 1 7 2 2 4 1000 3 3 5 1 1 3 1000 3 4 1 2 4 4 3 1000 2 4 1000 3 1 1 5 4 2 4 2 2 1 3 6 2 1 5 6 2 4 1000 9 7 2 4 4 5 2 3 3 3 6 4 4 3 1 3 6 2 3 1 4 2 6 3 4 2 3 3 5 4 2 1000 3 3 2 1000 5 4 2 1 3 7 6 5 2 1000 2 4 5 6 3 2 4 3 4 1 3 5 11 4 3 4 1 2 3 3 5 6 2 2 3 4 4 4 4 1000 2 4 6 5 4 4 2 2 4 4 3 3 5 6 4 5 3 2 2 5 3 1000 3 2 6 3 2 9 1000 3 2 5 4 3 3 5 2 4 8 2 2 2 3 2 7 2 4 4 1 8 1 5 2 1000 1 5 2 4 1 2 4 4 2 5 2 3 6 5 3 4 3 3 1000 5 7 3 5 2 3 2 2 2 4 8 2 3 3 10 2 4 4 6 3 4 4 5 5 4 2 1000 2 3 1 4 2 3 3 1000 2 1000 2 5 5 1000 3 6 2 2 2 4 2 3 5 4 3 4 4 2 2 1 1 6 5 2 4 2 4 2 6 4 8 3 2 3 8 5 2 1 3 6 2 1 4 2 1 1 2 5 4 5 7 2 2 5 2 3 2 1000 1 5 11 3 4 1000 3 2 3 5 3 2 3 4 2 8 6 5 1 2 1 1 4 2 6 6 2 1 2 2 2 4 1 4 4 4 1 1000 1 2 2 3 6 1 10 3 6 7 2 5 1000 4 1000 2 2 4 5 6 6 5 4 2 5 1 4 1 3 3 3 1 1 7 7 1 3 4 4 1000 3 1000 2 4 3 3 2 3 1000 5 4 2 2 2 5 7 5 4 2 4 1000 4 1000 8 2 3 5 1 4 4 3 2 5 5 7 1 3 3 5 2 2 1000 3 3 3 2 2 2 2 5 6 5 2 1 2 2 3 2 7 2 7 1000 4 2 4 3 2 4 2 1 3 2 2 1 2 3 3 9 7 3 1 4 10 6 2 3 7 2 3 2 2 2 6 3 3 1000 6 3 2 2 4 3 3 5 3 4 2 2 3 5 4 1 3 4 5 1 2 9 2 3 5 3 3 4 1 2 5 4 2 2 2 3 4 4 3 7 4 3 4 2 4 3 5 3 4 1 3 4 4 5 2 3 1000 6 4 1000 2 4 1000 3 4 1 3 3 3 8 3 8 5 2 5 2 7 1000 3 4 3 1 1 4 2 2 4 4 4 3 2 1 1 3 5 2 4 3 5 1 2 3 1000 3 2 6 4 3 7 2 4 5 1000 3 2 1 4 2 3 1000 4 3 2 2 3 4 7 2 5 1000 5 6 5 3 3 2 6 3 5 1 4 2 3 2 2 3 1 2 2 4 3 2 4 1000 4 4 2 2 4 3 4 7 4 4 3 5 4 1000 2 2 1 4 3 2 3 3 5 2 4 4 3 1000 3 1 3 5 5 2 6 5 2 1000 1000 4 8 4 1 8 1000 7 5 5 8 2 5 1000 3 1 4 3 3 3 5 3 3 9 4 1000 1000 3 2 6 2 2 1000 3 1 2 9 4 3 2 6 2 2 3 3 2 3 5 3 2 3 5 2 5 3 1 7 6 4 3 6 4 2 5 2 6 6 2 1 3 5 3 2 2 2 2 4 5 3 3 1000 3 5 1000 5 5 2 2 4 1000 5 5 6 3 3 9 1 7 2 2 3 6 4 4 1 2 5 2 2 3 3 5 3 2 4 3 4 3 3 4 1000 4 2 1000 2 4 4 3 6 5 2 4 2 4 5 4 2 3 3 5 6 5 2 4 2 1 6 3 1 5 2 2 2 6 2 2 8 3 6 1 1 4 3 1 9 2 2 3 7 3 4 6 1 2 4 3 2 3 1 6 5 4 3 3 3 2 5 2 4 2 3 4 3 2 2 2 3 2 5 1 3 3 1 1000 2 2 1 2 1 3 3 3 4 5 1 4 3 3 5 2 5 4 1000 2 2 6 8 1000 4 4 1 2 3 3 2 3 5 6 1000 2 1000 1 6 4 5 2 4 4 4 7 3 7 2 4 4 3 2 3 2 2 2 2 3 6 3 2 3 7 6 3 2 2 2 1 4 2 3 3 6 4 4 4 1 2 1 2 1000 4 2 1000 5 5 2 4 3 2 6 2 2 4 5 5 2 5 3 1000 8 4 6 2 5 3 4 3 2 6 1000 2 3 4 2 2 3 2 2 2 3 2 5 5 2 3 6 4 5 3 3 2 4 4 5 3 4 4 2 3 1000 4 1000 2 4 1000 3 1 2 4 5 4 1 4 4 1000 3 1 1 3 4 6 6 6 1000 6 2 2 3 4 1000 4 4 2 3 4 2 2 3 3 6 1 7 4 4 3 4 4 2 3 3 4 4 1000 3 4 1 4 5 3 2 8 3 5 4 1 3 3 7 5 1 3 6 2 3 7 5 2 6 2 2 2 3 4 1 1 7 1 4 3 1000 1000 5 2 6 4 2 3 4 2 3 1 3 1 2 2 6 4 4 7 3 2 3 3 1000 4 6 5 2 9 2 4 2 6 4 3 4 5 6 4 5 1000 4 2 5 3 3 2 1000 3 1 4 2 3 2 4 6 7 6 3 4 1 3 3 11 2 2 4 3 2 7 1000 3 4 4 4 3 4 2 5 3 2 6 4 4 4 3 5 4 2 4 5 3 5 3 5 7 3 2 3 3 2 3 2 5 3 3 3 1 5 6 2 1 5 5 3 5 4 1000 4 3 6 2 2 1 4 2 1000 6 3 3 6 1000 3 5 8 2 3 2 3 1000 4 3 5 2 3 3 6 2 4 4 3 4 5 2 4 4 1000 5 3 5 3 4 3 5 6 2 5 4 6 3 5 3 3 1000 6 2 4 5 7 3 3 1000 4 3 5 3 2 2 5 1 4 1000 3 9 7 1 1000 1 5 2 6 2 3 5 6 6 5 3 4 1 2 2 4 5 4 3 2 4 5 2 2 1 6 2 5 4 6 4 2 1 2 1 3 2 5 6 1 2 4 3 3 1000 3 4 2 6 2 5 4 2 3 2 3 3 4 4 1000 3 5 2 1 3 6 1000 3 5 1 1000 1 4 3 5 4 4 4 3 6 2 2 6 4 5 2 2 3 2 1000 4 2 2 4 1 2 2 2 2 1000 1 6 3 5 5 6 6 1 5 1 4 1 1 5 5 6 3 2 1 3 7 3 1 2 1000 5 1000 4 6 1 2 1 6 2 4 1000 2 5 3 2 3 1 3 1000 3 7 3 2 2 6 4 6 1000 3 4 2 1000 6 4 3 3 9 6 5 3 5 1 3 1 2 3 4 4 4 4 1000 1 4 4 3 5 1 2 2 4 2 5 1 4 6 4 7 1 7 1 4 2 5 2 5 4 2 5 6 3 3 1 2 4 3 2 4 2 2 2 2 8 3 4 2 2 4 6 3 4 5 5 2 3 4 5 1000 4 4 5 3 1 3 2 2 2 3 2 7 6 3 1 1 6 2 4 6 8 2 2 1 1 4 2 5 1 8 2 5 4 1000 5 3 1000 3 1 4 5 5 2 3 5 3 5 3 1000 2 4 3 4 4 3 2 3 2 8 6 5 5 4 1000 2 3 3 5 3 3 5 1 4 4 10 1 4 3 4 2 5 4 3 5 1 1 2 3 5 2 4 9 3 2 2 2 6 2 3 3 2 2 1000 5 3 1 2 1000 2 2 1000 2 4 3 4 1000 2 3 6 3 4 1000 4 5 3 3 2 2 3 1 3 3 6 3 4 6 4 1000 1 5 4 4 3 2 5 3 5 2 3 4 3 5 3 2 1000 3 1000 5 3 3 3 2 5 1 2 2 1000 4 6 3 5 6 2 4 5 1 4 7 4 2 5 2 5 3 1000 3 4 2 4 4 6 4 2 4 4 2 3 2 2 1 1 3 4 3 1 4 3 3 2 2 5 2 4 3 2 3 5 2 4 3 4 4 5 4 2 3 2 4 3 1000 6 6 4 2 2 4 3 5 6 3 1 3 2 2 2 4 1 4 1 2 8 2 5 3 2 3 1000 4 1 2 5 5 4 2 3 2 1 3 3 3 4 5 4 4 3 3 2 1000 4 2 2 2 4 4 1 3 1 2 2 4 3 3 4 4 1 2 2 2 3 2 2 1 8 1 2 3 3 7 2 2 3 3 1 2 3 3 4 3 1 6 1 3 3 1 3 2 4 4 7 3 3 4 3 2 6 10 1000 2 1 3 4 6 3 4 1 1 4 2 1 3 2 4 5 10 4 5 3 1 4 7 3 2 4 1 5 4 2 4 2 3 3 1 7 3 2 10 1 2 3 1 7 5 5 3 6 1000 3 4 2 4 1000 4 2 5 1 7 5 7 5 3 5 1 7 2 2 5 2 2 3 5 1 4 3 2 3 4 5 2 2 3 4 3 2 3 2 2 3 7 6 2 1 2 2 5 5 2 2 2 1000 5 3 3 4 1 4 4 2 6 1 1000 1000 4 2 2 3 3 4 3 8 3 4 2 4 6 3 2 1000 5 4 3 7 3 6 2 2 3 4 2 2 3 6 5 2 2 3 3 3 2 5 2 2 4 6 5 1 4 2 3 3 7 8 3 1 3 1 1000 1000 2 3 1 5 4 4 2 4 5 4 2 4 4 6 2 2 2 1000 1000 4 2 1 3 2 2 4 4 3 5 3 6 4 2 1000 3 3 3 2 4 3 4 1 3 4 3 1 4 4 1000 4 1 7 5 1 6 3 2 4 2 5 5 3 5 5 4 4 3 3 1 4 2 2 5 5 5 4 3 5 3 5 4 2 4 4 6 4 2 3 3 2 5 2 4 5 6 4 2 5 8 3 5 2 4 2 2 2 2 1000 3 3 2 2 2 4 6 2 2 3 2 1000 1 5 3 4 2 6 3 4 6 1 1 3 2 2 2 2 1000 3 3 6 4 3 3 4 5 5 7 3 5 2 3 3 3 5 3 1000 3 1 3 2 4 3 4 2 6 4 4 6 4 2 3 2 2 4 5 1000 1000 5 1 3 1000 7 2 7 6 3 3 6 3 2 4 3 3 3 6 3 3 5 6 4 7 5 4 2 2 2 5 2 2 9 4 6 4 2 2 2 2 4 2 3 2 2 1000 2 1 4 3 6 2 7 1 2 5 4 2 2 3 3 2 4 3 3 2 3 2 5 3 3 3 1 3 2 1 2 2 2 4 2 7 2 1000 2 4 4 7 5 3 4 3 1000 1 2 2 3 2 2 3 3 1 5 1000 3 3 3 1 4 4 6 5 6 1 4 2 5 2 3 1000 2 1000 4 1 4 3 2 5 3 2 2 3 2 2 1 2 1000 2 5 5 4 3 5 6 1000 1 5 5 5 4 3 2 3 8 4 2 8 2 1000 2 2 3 7 4 2 3 8 1 2 1 1000 1 6 4 3 2 2 1000 4 1 3 5 1000 2 1 1000 2 3 1 3 2 4 3 2 4 2 5 2 2 3 9 2 2 6 3 3 7 4 4 4 1000 4 3 1 1 3 2 4 2 4 3 2 1 3 5 2 4 2 4 5 1 5 3 3 3 7 4 3 3 2 3 6 4 5 4 3 3 5 3 4 3 2 2 1 4 1000 4 5 4 4 2 2 3 2 1000 5 2 5 2 2 6 4 4 5 1000 7 5 5 3 2 5 1 2 3 4 7 4 5 2 2 8 3 4 5 3 5 1 2 4 8 6 4 2 3 2 4 3 1000 3 2 2 5 4 4 6 4 3 7 2 4 2 2 3 3 3 4 3 4 2 2 4 3 2 3 3 2 5 4 2 1 4 3 2 4 2 4 2 2 5 6 2 4 1 2 3 4 2 4 3 4 1 3 1 2 2 2 1000 2 2 7 4 3 3 3 2 2 2 4 8 4 5 4 3 4 5 3 2 2 7 2 6 3 1000 7 1 1 5 2 3 3 3 6 1000 4 2 4 3 5 2 2 4 3 3 8 3 2 3 3 2 4 3 1 7 2 2 3 4 3 5 5 2 2 3 3 5 3 3 4 2 7 3 2 3 3 3 2 2 3 9 3 3 5 9 6 2 1 6 4 7 3 4 9 4 6 1000 3 4 4 2 2 3 1 5 3 3 3 2 3 5 2 4 3 3 2 5 7 2 1 2 5 3 2 4 2 6 4 5 5 2 2 2 2 3 1 3 2 3 6 4 1000 3 5 3 2 5 1 2 3 2 2 3 5 4 4 4 2 6 1 2 4 7 3 6 6 2 1000 5 4 4 2 2 3 2 5 2 5 4 4 4 3 1 7 3 2 3 5 2 6 3 1000 4 3 3 2 5 3 3 3 5 2 3 4 2 3 3 2 4 3 4 4 2 3 2 2 3 1000 3 2 1000 2 1000 3 3 4 2 2 3 1 1000 1000 2 6 4 4 1 4 3 4 6 2 4 1 3 2 1 4 4 1000 3 2 1 5 2 2 2 4 2 9 6 3 5 1 2 1 3 5 1 2 4 2 4 1000 2 5 4 2 3 2 5 2 4 6 3 3 1 1000 4 7 6 3 3 6 2 2 2 5 8 2 3 1 6 2 3 6 8 3 2 7 4 4 4 2 3 4 5 3 3 2 4 3 7 7 1 2 6 4 6 3 6 5 1000 1 2 4 1 1000 4 4 4 2 6 1 7 4 6 3 3 5 5 2 3 2 2 1 5 3 1000 3 3 3 3 1 3 3 5 5 1000 2 2 5 5 1 5 6 3 6 5 3 8 4 1000 4 2 4 2 4 3 3 5 3 1000 2 4 4 7 4 2 2 3 4 2 3 8 2 3 6 6 1000 3 2 5 4 2 4 2 8 4 2 4 4 4 4 3 3 2 4 2 2 3 7 4 3 3 3 4 2 4 4 2 3 4 2 3 1 5 3 5 3 2 1000 4 7 1 4 2 1 6 2 3 4 4 3 4 3 1 4 4 4 4 5 2 2 2 4 4 3 5 1 4 4 3 1 2 6 3 5 2 3 1 1 2 5 7 3 3 4 4 3 5 4 2 4 5 5 6 1000 4 7 2 3 3 2 4 5 3 3 2 3 3 5 4 3 2 3 4 8 2 4 3 1 4 1 5 5 2 2 3 2 4 1000 4 2 3 3 1 2 3 1 2 5 1 2 2 3 3 1 2 3 10 5 2 1 2 4 3 5 6 3 4 1 3 4 2 3 3 2 2 2 2 2 6 3 4 2 1000 5 2 4 4 4 4 2 3 5 3 3 3 1 2 2 2 4 3 3 7 5 1 1000 1 3 4 3 7 7 6 6 3 2 4 1000 2 7 3 3 1 5 3 5 2 3 3 6 6 5 5 3 3 5 1 3 3 2 3 4 3 1 3 4 2 4 5 4 3 4 3 4 3 4 2 1000 5 2 2 8 3 1 1 2 2 4 7 2 5 1000 2 5 2 4 4 2 1 2 5 5 1 2 4 4 3 5 6 3 4 8 1000 2 1 2 7 5 1 1 3 2 2 5 3 1000 4 4 4 3 3 7 3 8 5 1 2 4 4 2 4 4 4 3 5 6 2 1 3 7 1 5 6 3 5 4 3 2 1 4 3 2 1 3 2 5 5 2 5 4 5 3 2 2 6 2 1000 8 1000 3 4 3 5 3 4 5 2 3 2 4 5 3 5 1000 3 3 3 1000 3 3 3 5 1 5 3 2 2 3 1000 4 2 1 3 1 2 2 3 3 3 9 2 3 3 6 2 5 4 2 4 2 3 4 1 1 3 1 3 2 2 1000 8 1 3 5 3 3 2 3 4 3 4 2 7 4 3 3 2 3 9 6 5 6 1 3 1000 6 6 4 4 3 3 4 2 4 1 4 1 2 2 6 5 6 4 6 4 6 2 3 5 6 4 1000 4 2 6 2 3 3 1 9 5 3 3 1000 2 4 5 1000 1 6 3 6 7 3 4 1000 4 8 4 2 3 5 2 1 6 3 4 2 7 4 1 2 6 5 3 2 3 4 2 2 2 3 1 2 3 4 6 1 6 6 4 5 2 4 3 3 5 1 4 6 5 2 3 4 2 4 2 4 1 1 1 3 5 2 1 1000 3 4 3 3 3 6 2 6 3 4 4 5 1000 2 3 4 4 2 3 2 3 4 1000 4 1000 3 3 2 3 1 3 1 3 4 5 6 5 2 3 3 3 3 2 2 3 5 3 1 4 3 6 4 7 3 3 2 2 5 3 3 1000 5 2 3 2 7 2 4 3 2 3 4 4 5 4 4 2 2 5 2 5 3 3 1 6 5 5 1 4 9 2 5 4 2 9 4 2 3 3 4 4 3 2 4 6 3 1000 4 4 2 4 2 4 1000 2 4 3 1 6 2 1 4 4 5 4 3 3 3 4 4 5 1000 2 5 4 3 4 5 2 4 3 3 7 3 2 2 2 3 3 2 5 4 2 7 4 5 1000 5 4 4 5 3 3 4 5 2 3 5 5 5 4 1 2 3 2 5 5 3 2 5 4 5 3 5 5 2 3 1000 2 4 8 2 3 3 3 1 1 4 5 3 2 4 4 3 4 3 3 3 4 3 3 3 8 4 5 1 4 4 2 2 5 1 1 4 2 1 6 3 2 2 1000 4 3 2 4 5 4 1 1 3 3 5 4 4 3 4 2 3 4 4 2 6 2 3 3 6 9 2 3 3 3 6 3 5 3 4 4 2 6 2 6 2 1000 3 2 3 4 2 2 7 1000 4 8 5 2 2 2 2 5 3 4 4 3 5 3 1000 2 5 6 2 6 6 1 2 2 5 4 4 2 4 3 2 2 1000 3 2 1 5 3 3 3 4 3 4 3 6 3 4 4 4 4 3 4 2 8 7 2 3 2 2 2 4 4 8 6 1000 4 3 3 5 2 5 5 4 3 3 3 2 4 3 2 3 1 3 6 5 3 6 2 2 4 4 5 4 5 2 4 2 4 2 4 5 5 1 4 1 2 4 7 2 1 1 1000 4 3 2 3 3 2 2 5 2 1000 3 7 5 2 2 1000 3 1 3 2 4 7 5 3 4 2 5 3 2 7 3 5 3 3 3 2 5 4 7 6 3 3 4 2 2 3 5 3 3 3 1 1000 4 2 1 2 4 2 4 3 1 6 5 2 4 5 4 3 4 5 4 2 4 6 5 2 3 8 5 5 4 4 4 2 4 1 3 3 4 4 2 4 4 7 2 4 2 2 5 2 3 1000 3 2 4 4 3 1 1000 3 2 3 3 4 4 6 5 1 2 3 3 5 4 7 2 3 3 4 3 1000 4 2 2 2 2 4 2 4 6 2 4 4 3 3 2 3 1 5 3 4 2 3 1 4 3 6 3 5 2 2 5 4 1 3 5 2 3 2 2 1 2 4 3 4 5 2 3 4 1 1 2 1 4 3 2 3 2 6 4 4 6 5 6 3 3 3 3 2 1 4 3 2 3 4 4 1 1 2 2 2 3 2 2 3 6 2 5 2 6 4 4 1000 2 4 3 3 5 5 4 5 5 4 2 1 4 2 4 6 1 1 4 5 4 4 1 4 4 4 4 3 3 2 2 3 3 1000 2 2 3 3 3 1 4 2 3 2 6 4 6 2 5 3 3 3 4 4 3 2 3 2 3 5 2 3 2 5 2 1 3 3 2 4 2 2 3 8 3 4 3 1 3 3 2 1000 2 6 2 2 1 3 1000 4 3 3 1 3 3 2 1000 2 2 5 1 3 7 2 4 2 2 7 1000 2 1 3 1 3 4 1000 2 3 3 4 4 1 3 4 5 4 6 4 1000 2 3 2 4 7 6 2 3 4 1 4 6 1 3 5 4 2 7 1000 5 4 3 5 2 4 3 1000 2 4 3 4 2 2 3 3 2 4 1000 5 3 3 3 4 3 1000 3 3 2 2 3 2 3 3 1 2 3 3 2 5 3 5 4 5 2 2 5 4 4 4 1 3 3 4 3 3 3 4 1000 1 4 2 6 2 3 4 6 3 2 6 5 3 3 9 2 6 1 6 2 2 2 3 6 4 2 4 6 3 3 4 4 5 5 2 3 2 2 1000 6 4 2 3 8 3 4 1000 1 8 6 4 2 3 4 6 2 4 3 1 3 3 3 3 2 5 5 4 2 1000 2 1 3 2 5 6 2 3 3 3 3 5 2 3 2 3 4 4 2 2 4 6 5 4 3 4 2 3 5 3 2 4 3 7 5 2 7 5 2 1000 3 2 3 3 3 2 4 6 1 3 4 2 2 3 4 4 5 5 2 1 2 2 4 1 3 3 2 4 7 4 5 3 4 3 4 3 5 2 3 4 2 3 2 2 2 2 3 1000 5 8 2 4 2 2 2 5 5 2 5 1 3 6 4 2 1 4 2 2 2 4 1000 4 1 9 5 4 3 4 2 3 5 6 1 7 4 1 5 2 2 4 2 2 2 1000 5 1000 5 3 5 2 7 1000 2 2 3 2 2 4 1 2 1000 2 4 5 3 2 3 5 6 1 8 3 3 6 3 3 2 2 4 5 3 4 3 7 3 6 7 2 5 5 4 5 3 4 2 4 4 4 1 3 3 4 4 7 5 8 1 3 4 2 1000 4 3 1 2 1 6 6 2 1 2 3 2 3 4 3 2 1 3 3 2 1 3 4 2 2 3 5 5 2 3 1000 2 3 2 3 3 2 3 3 4 2 4 2 2 5 5 2 5 6 1 2 2 2 2 3 4 4 8 1 3 4 2 3 3 4 6 2 3 4 7 8 3 2 2 5 3 2 6 4 4 2 5 1 3 1 6 3 3 1 1 5 2 3 2 2 2 5 5 3 2 4 6 2 1 1000 3 1 3 4 1000 5 3 9 3 1000 1 4 4 4 3 3 1000 4 3 4 5 5 3 1000 2 8 6 2 4 2 2 4 3 1000 1000 4 2 1000 1 3 6 1 1 2 5 3 4 6 1000 1000 4 3 1 4 2 1 7 1 3 4 3 2 5 4 2 3 1 5 1 1 2 2 7 3 2 3 2 5 2 3 4 3 3 4 8 3 4 5 3 3 7 6 2 2 2 3 2 2 3 3 3 1 3 7 4 4 4 4 4 1000 6 4 5 4 7 2 5 2 4 4 2 3 2 4 1000 9 2 2 4 2 3 2 3 7 4 1000 2 2 5 3 3 2 4 7 2 2 5 5 5 3 2 3 4 3 4 1000 7 5 3 3 3 3 5 4 4 4 1000 7 2 4 2 3 4 4 1000 7 2 3 6 1000 2 4 8 3 3 3 1000 3 2 3 5 4 2 2 4 1 3 3 5 5 2 4 4 4 3 2 3 3 5 2 1000 3 2 3 1 3 3 4 4 1 2 5 7 4 1000 3 3 2 7 1 2 1 5 4 2 2 6 2 6 7 2 2 2 6 1 1 2 2 5 1000 3 4 1000 5 2 6 2 1 7 5 3 4 2 4 1000 10 7 5 1000 6 1000 3 1000 1 2 5 3 1 4 1000 1000 6 1000 2 3 2 6 3 6 2 6 3 2 3 3 4 3 7 3 4 4 2 1 2 1000 1 5 5 4 4 5 3 4 1000 5 3 8 2 4 2 1 6 1 1000 5 3 6 2 1000 2 3 5 4 3 8 4 1 2 3 3 3 3 3 2 1 3 4 3 2 2 4 5 1000 3 5 3 5 1000 3 4 3 3 6 4 3 1 2 4 2 1 4 1 3 3 4 3 3 3 8 8 5 5 2 5 5 3 5 1000 3 3 5 3 6 4 2 3 3 5 2 2 2 7 5 1 3 1 3 3 4 3 3 5 6 5 2 2 3 4 4 2 4 4 2 4 3 1 6 3 2 2 1000 1 6 2 3 4 2 2 3 2 4 2 7 3 4 2 4 4 3 5 2 4 4 10 2 5 1000 7 2 2 1000 3 4 2 3 3 2 3 2 6 3 6 2 2 3 4 4 2 3 1000 5 3 5 2 5 2 3 2 3 1 3 3 2 4 3 6 2 4 1 4 3 2 4 7 5 3 1 4 4 3 2 3 4 3 2 3 2 3 4 3 1 2 5 3 4 2 5 1000 2 4 1 3 3 10 5 2 5 1 7 3 3 1 3 7 5 5 4 2 4 4 4 1000 4 1 1 2 2 1 3 3 3 1000 2 5 2 3 1000 1000 6 6 1 2 5 2 3 4 3 6 2 4 3 2 3 4 10 1 2 2 6 3 2 4 2 5 3 4 4 6 2 4 2 7 4 1000 4 2 4 5 3 3 2 6 2 5 5 1 4 4 2 2 4 1 4 3 2 4 2 7 3 8 6 5 3 2 2 3 4 5 4 4 6 4 2 4 5 1 1 1 3 5 1000 2 5 1000 5 2 3 3 2 5 4 9 2 3 3 2 5 2 2 1000 3 2 8 3 6 2 4 2 3 2 5 3 2 2 4 4 2 2 2 4 2 2 2 1 1 3 3 2 3 3 6 5 3 4 4 2 5 1 3 4 1 5 2 2 2 3 4 6 5 3 2 2 3 1000 4 3 2 3 6 2 4 3 4 3 4 3 7 3 1000 2 9 3 1 4 2 3 4 1000 6 1000 4 2 3 1 2 2 2 5 2 3 1000 1 1 6 4 3 4 2 1 5 3 3 1 4 1 5 1000 2 1 1 1000 5 4 3 3 2 4 11 3 5 4 1 4 5 1000 4 3 3 3 6 2 1 2 1000 2 2 3 4 1 6 3 4 4 3 2 3 6 2 7 3 2 3 6 3 4 8 3 4 2 5 4 2 3 3 4 5 1 4 1 4 3 5 1 2 3 4 2 3 3 6 3 4 4 1 5 3 6 4 3 1 2 2 7 7 3 3 3 3 2 3 2 4 1000 3 4 4 4 3 3 2 4 4 3 4 3 9 4 2 6 6 3 2 4 3 2 1 1 3 2 5 2 4 2 4 5 8 3 2 3 5 4 3 3 2 3 4 3 3 6 3 2 3 4 4 4 2 9 3 3 2 2 5 4 6 3 2 3 4 6 3 3 2 5 4 1000 2 3 6 2 2 4 5 7 5 1 2 1 3 2 6 1 6 3 2 2 5 2 2 8 2 6 8 2 4 8 1000 3 1000 6 3 1000 1000 2 2 1 2 3 4 2 3 3 5 3 3 2 6 1000 3 4 2 2 1 3 6 2 2 3 5 8 2 5 3 2 5 5 1000 6 3 3 3 1000 5 4 2 3 2 5 2 3 1000 1 4 4 2 3 4 6 4 2 3 4 2 3 5 2 3 4 2 1000 2 7 2 1 3 6 6 2 2 5 3 5 1000 4 4 3 4 2 4 2 1 2 1 7 4 1 4 3 4 1 4 3 4 2 5 3 4 6 3 8 4 3 4 1 3 2 2 3 4 1 7 3 1 4 4 3 4 3 3 4 4 3 2 2 5 5 3 3 6 5 4 7 3 2 4 2 2 6 3 2 3 3 5 3 3 4 4 5 5 5 2 2 3 3 5 3 5 8 1 3 6 3 1 5 3 1 3 6 5 2 2 4 4 7 2 3 2 4 1 2 5 4 4 1000 4 3 2 2 5 3 1 1000 3 4 3 6 3 1 3 7 3 3 3 6 4 1 3 3 2 3 1 4 4 2 5 2 4 1 6 3 2 4 5 4 2 2 3 1 6 2 2 2 4 5 2 5 2 7 3 4 3 1 1000 2 3 1 2 7 7 3 5 5 4 4 4 2 1 2 1000 3 3 4 2 3 3 2 4 4 2 3 5 5 2 4 2 1 1000 1 9 2 4 6 8 4 3 5 5 1000 4 2 6 4 1 4 1000 3 2 4 3 5 6 4 5 4 3 1000 1 3 6 8 4 1 6 6 1000 4 1 5 2 4 6 3 5 4 1 4 4 3 1 3 2 5 4 8 2 5 8 2 3 4 2 1 3 4 2 7 3 2 3 4 5 5 2 3 6 9 5 2 5 4 2 1 3 3 3 3 4 3 4 4 2 7 5 8 2 4 2 2 3 3 5 3 9 1 5 1 2 4 4 3 2 3 4 2 5 3 4 2 1 5 6 2 2 3 5 3 4 2 2 3 2 5 4 1 4 3 5 3 6 2 3 4 8 6 1000 2 8 5 6 2 3 2 3 5 5 4 1000 3 2 4 5 1 3 3 4 2 4 2 4 3 2 7 1 6 4 4 2 3 6 3 5 6 2 3 5 3 3 2 2 5 9 3 1 4 2 2 1 5 5 5 4 6 1000 4 1 2 1000 4 2 2 3 2 4 4 5 3 3 4 1 5 3 3 1 4 5 5 4 8 5 2 1 4 1000 1 3 2 3 2 5 2 2 2 8 2 2 5 2 5 3 4 4 3 5 1000 4 4 2 4 4 4 3 3 9 3 4 2 2 5 6 1000 2 4 1 4 4 2 4 4 5 3 1000 2 5 4 2 3 2 2 2 3 4 1000 1 3 5 6 5 2 6 2 6 2 4 1 7 3 3 5 6 6 4 4 2 1000 6 3 6 5 3 1 6 5 4 2 2 6 8 4 7 2 2 5 3 4 4 4 2 2 3 2 4 3 2 5 5 6 6 10 4 3 3 5 3 5 3 4 4 2 1 3 5 5 1 5 4 5 7 1000 7 1 2 2 2 5 3 4 6 2 2 3 2 3 3 5 3 4 4 3 3 2 4 1000 1 1000 3 3 4 2 2 3 1 5 3 5 5 2 3 3 6 2 5 1 1000 7 3 2 2 2 2 2 2 4 3 2 2 1 6 1 1 5 2 2 2 5 5 3 2 6 3 3 2 5 5 3 2 2 6 2 2 4 4 1 2 3 2 1000 4 4 2 5 5 3 4 4 4 4 1 1000 2 5 3 3 2 1000 3 2 1 2 3 3 2 5 3 1000 3 3 8 4 5 7 7 4 4 6 3 3 7 5 5 1000 7 6 4 2 1 2 4 6 6 4 5 3 3 2 4 1000 6 1 6 4 2 5 4 4 1 2 4 6 4 1000 3 4 3 6 4 1000 4 1000 5 2 2 5 2 2 4 4 3 2 4 4 2 5 8 6 6 4 6 5 4 5 4 3 4 4 3 2 4 6 3 4 6 6 4 3 1 4 4 3 1 1 2 3 4 2 6 5 3 5 2 1000 2 7 2 3 3 2 4 5 1000 2 3 6 3 2 1000 4 1 3 2 1000 7 1 3 2 3 3 6 2 5 2 3 5 2 1 6 1000 5 3 2 2 1000 3 3 7 4 5 7 5 7 4 3 2 2 5 2 2 2 4 4 3 4 4 7 1 2 5 6 1000 3 2 4 2 2 2 3 4 2 9 4 6 5 2 2 4 3 4 3 5 7 2 2 4 3 1 3 3 5 1000 3 8 1 3 4 3 2 3 3 3 4 1 1000 5 3 3 3 2 2 3 5 6 4 3 2 4 3 2 4 5 2 4 2 3 3 3 3 2 2 6 4 6 6 2 4 7 3 1000 4 3 2 5 3 3 2 2 1 3 2 2 7 5 2 1 3 2 2 2 2 1000 1 6 2 6 4 8 4 4 6 2 1 8 1 5 4 6 4 2 3 5 5 2 3 3 4 1000 2 3 2 3 2 3 3 2 2 4 2 3 2 7 1 3 2 3 2 5 4 7 1 3 6 5 5 3 3 5 1 1000 3 1000 2 2 5 3 4 5 1 5 7 2 2 5 1 3 1 5 8 2 4 4 3 4 4 2 4 2 3 3 1 3 1000 9 3 1000 4 5 2 4 6 6 3 5 2 3 2 2 7 2 5 5 3 4 2 9 3 4 5 5 1000 4 2 2 2 3 1 3 1 2 2 3 2 2 3 4 5 3 4 3 1 1 5 4 3 7 5 8 3 3 4 2 1 2 5 7 8
3228 1
130 50
3494 1
18 1
3965 1
212 27
3222 1
194 7
3049 1
140 39
3267 1
215 24
3726 1
113 19
3506 1
239 36
3110 1
467 1
3436 1
200 6
3632 1
238 55
3654 1
82 6
3003 1
57 38
3693 1
457 42
3459 1
144 9
3145 1
295 58
3576 1
457 42
3041 1
84 29
3250 1
183 57
3840 1
75 46
3665 1
29 12
3277 1
342 43
3867 1
166 39
3663 1
69 13
3412 1
32 31
3204 1
91 52
3203 1
388 47
3045 1
83 41
3276 1
85 34
3106 1
431 20
3341 1
326 47
3932 1
407 4
3076 1
279 40
3777 1
442 44
3848 1
262 34
3156 1
405 2
3613 1
48 44
3460 1
328 59
3541 1
300 55
3271 1
114 17
3255 1
168 4
3260 1
293 44
3792 1
1 45
3218 1
109 56
3681 1
259 45
3080 1
163 30
3062 1
97 51
3490 1
319 7
3747 1
34 12
3198 1
357 4
3793 1
160 43
3002 1
47 7
3058 1
345 41
3709 1
52 43
3389 1
142 57
3419 1
177 36
3421 1
62 47
3310 1
276 58
3513 1
168 30
3067 1
403 31
3616 1
66 51
3195 1
56 47
3157 1
106 5
3353 1
156 16
3951 1
12 24
3502 1
401 36
3010 1
431 44
3839 1
111 12
3497 1
459 10
3594 1
410 20
3008 1
41 14
3396 1
353 53
3047 1
40 49
3175 1
333 40
3927 1
368 5
3257 1
285 35
3467 1
198 38
3984 1
74 54
3475 1
145 32
3190 1
200 12
3365 1
178 15
3926 1
30 50
3433 1
72 9
3549 1
18 1
3545 1
76 29
3894 1
70 12
3006 1
384 23
3174 1
57 34
3681 1
0 13
3692 1
366 2
3135 1
29 46
3990 1
317 1
3023 1
5 29
3562 1
219 54
3495 1
426 6
3586 1
412 47
3584 1
310 27
3507 1
174 33
3009 1
8 52
3802 1
316 17
3690 1
395 50
3253 1
279 50
3452 1
246 31
3182 1
400 24
3602 1
48 31
3563 1
76 31
3692 1
162 15
3032 1
233 19
3432 1
159 26
3998 1
449 7
3989 1
277 25
3406 1
415 40
3775 1
246 41
3016 1
68 11
3377 1
334 53
3074 1
468 53
3997 1
322 29
3029 1
95 29
3404 1
321 39
3981 1
180 52
3605 1
335 21
3397 1
416 34
3116 1
349 32
3525 1
374 24
3057 1
125 47
3963 1
77 4
3692 1
330 32
3343 1
88 48
3461 1
453 40
3549 1
232 19
3634 1
280 38
3481 1
225 43
3832 1
363 51
3789 1
197 26
3066 1
43 13
3614 1
383 26
3410 1
313 3
3822 1
199 14
3538 1
236 20
3669 1
393 35
3612 1
53 6
3133 1
189 25
3548 1
454 35
3713 1
291 26
3932 1
468 16
3580 1
101 53
3064 1
341 30
3017 1
213 12
3564 1
32 39
3360 1
238 44
3479 1
169 49
3025 1
432 36
3561 1
421 43
3130 1
207 26
3846 1
90 58
3692 1
147 33
3793 1
206 44
3912 1
149 28
3772 1
112 11
3420 1
94 46
3136 1
370 41
3130 1
267 9
3143 1
39 12
3203 1
334 18
3634 1
205 38
3318 1
211 25
3916 1
299 37
3446 1
399 36
3462 1
35 18
3591 1
411 41
3883 1
402 30
3821 1
245 38
3861 1
462 17
3814 1
135 27
3699 1
151 14
3447 1
221 37
3381 1
10 51
3823 1
357 24
3082 1
377 48
3903 1
194 9
3208 1
231 44
3915 1
281 13
3821 1
83 49
3873 1
139 36
3397 1
234 50
3338 1
119 2
3514 1
312 30
3110 1
371 8
3188 1
213 10
3870 1
37 53
3618 1
420 27
3635 1
287 35
3163 1
291 50
3346 1
159 12
3759 1
98 18
3532 1
116 45
3026 1
247 39
3617 1
95 42
3773 1
336 49
3991 1
260 26
3775 1
345 52
3398 1
136 52
3467 1
392 44
3463 1
55 35
3825 1
446 7
3694 1
138 7
3781 1
166 9
3076 1
370 38
3151 1
151 11
3315 1
317 34
3828 1
110 60
3722 1
148 21
3118 1
275 34
3894 1
446 22
3417 1
315 5
3487 1
99 54
3689 1
44 37
3277 1
275 30
3546 1
16 60
3939 1
121 45
3009 1
391 41
3097 1
31 12
3086 1
157 4
3894 1
129 5
3247 1
448 19
3756 1
351 20
3983 1
273 9
3152 1
313 15
3330 1
181 60
3461 1
78 59
3311 1
4 2
3693 1
184 4
3040 1
147 48
3797 1
316 49
3257 1
212 2
3926 1
390 31
3818 1
189 54
3614 1
209 20
3649 1
231 55
3551 1
201 49
3748 1
376 13
3941 1
71 34
3254 1
320 9
3945 1
227 51
3371 1
220 1
3889 1
203 21
3250 1
174 4
3619 1
67 54
3083 1
436 2
3378 1
168 26
3966 1
159 18
3345 1
355 21
3194 1
89 40
3878 1
81 15
3210 1
330 41
3293 1
296 41
3640 1
17 12
3768 1
339 2
3378 1
186 3
3880 1
434 30
3492 1
361 8
3535 1
78 25
3880 1
375 16
3701 1
469 55
3151 1
144 7
3492 1
239 46
3866 1
45 48
3401 1
171 55
3632 1
102 23
3382 1
322 9
3560 1
439 27
3067 1
83 49
3990 1
251 23
3677 1
467 24
3896 1
373 48
3034 1
410 42
3455 1
272 39
3867 1
251 24
3219 1
10 14
3646 1
366 46
3406 1
293 32
3760 1
210 54
3052 1
117 26
3439 1
40 41
3069 1
393 30
3303 1
311 23
3027 1
436 44
3078 1
80 4
3288 1
443 37
3734 1
125 46
3479 1
205 50
3706 1
302 3
3322 1
39 54
3805 1
189 53
3950 1
287 52
3414 1
257 26
3260 1
427 47
3606 1
440 28
3341 1
167 1
3066 1
104 28
3316 1
448 30
3118 1
241 57
3542 1
303 23
3767 1
206 38
3796 1
237 13
3836 1
135 14
3656 1
76 51
3670 1
19 1
3857 1
63 44
3589 1
451 1
3231 1
78 50
3845 1
42 47
3467 1
201 3
3822 1
354 45
3065 1
445 34
3787 1
425 43
3681 1
164 56
3158 1
124 28
3181 1
256 32
3132 1
57 19
3390 1
242 40
3678 1
217 60
3243 1
158 43
3098 1
175 14
3062 1
353 54
3993 1
13 35
3250 1
40 59
3165 1
24 27
3632 1
405 46
3336 1
391 56
3330 1
368 46
3633 1
114 41
3342 1
440 55
3217 1
117 30
3334 1
16 25
3982 1
112 11
3309 1
172 25
3448 1
265 3
3176 1
4 46
3483 1
6 41
3574 1
381 1
3436 1
350 13
3331 1
301 43
3052 1
392 59
3585 1
263 39
3988 1
134 34
3318 1
77 22
3168 1
181 11
3899 1
230 19
3896 1
144 8
3801 1
11 53
3227 1
342 44
3573 1
145 28
3551 1
324 39
3537 1
8 10
3234 1
339 55
3277 1
33 13
3584 1
238 19
3903 1
32 55
3515 1
191 28
3114 1
98 2
3626 1
367 53
3488 1
464 58
3171 1
161 45
3102 1
338 47
3401 1
327 20
3594 1
320 8
3635 1
74 19
3406 1
260 44
3102 1
419 47
3796 1
369 12
3663 1
143 30
3979 1
10 43
3770 1
73 6
3373 1
391 59
3442 1
245 52
3160 1
133 40
3370 1
15 25
3710 1
363 29
3671 1
461 7
3620 1
455 9
3834 1
22 5
3229 1
134 37
3898 1
87 21
3259 1
61 17
3808 1
348 57
3360 1
209 7
3515 1
29 35
3594 1
192 20
3428 1
226 26
3650 1
243 51
3587 1
172 2
3174 1
56 6
3183 1
396 21
3956 1
35 40
3089 1
186 46
3068 1
45 18
3498 1
150 26
3398 1
410 1
3625 1
394 59
3497 1
259 38
3335 1
31 6
3859 1
450 27
3044 1
286 19
3473 1
208 43
3691 1
187 8
3956 1
309 46
3874 1
418 30
3080 1
336 60
3785 1
303 38
3075 1
25 1
3385 1
382 49
3261 1
140 50
3307 1
362 7
3781 1
4 22
3223 1
315 34
3412 1
451 39
3654 1
453 29
3836 1
163 16
3600 1
216 16
3389 1
384 31
3456 1
413 25
3725 1
435 31
3756 1
116 48
3429 1
227 30
3444 1
401 5
3219 1
67 11
3594 1
9 43
3718 1
399 28
3461 1
409 36
3825 1
286 25
3234 1
419 53
3301 1
65 20
3861 1
158 4
3629 1
146 49
3574 1
417 42
3781 1
60 59
3498 1
380 3
3876 1
170 28
3878 1
240 59
3875 1
14 36
3370 1
430 15
3910 1
8 39
3773 1
275 38
3581 1
412 50
3448 1
88 12
3170 1
444 24
3219 1
401 1
3129 1
265 5
3474 1
235 39
3741 1
294 37
3797 1
105 28
3508 1
409 23
3270 1
354 40
3184 1
211 28
3931 1
151 16
3256 1
36 7
3809 1
381 16
3740 1
5 1
3758 1
304 4
3764 1
369 45
3509 1
169 47
3064 1
113 50
3484 1
49 60
3716 1
68 58
3947 1
123 44
3759 1
305 53
3018 1
164 19
3007 1
425 10
3168 1
311 25
3378 1
216 29
3107 1
158 20
3979 1
274 58
3992 1
99 23
3070 1
269 10
3102 1
360 5
3128 1
270 46
3365 1
84 46
3669 1
132 31
3625 1
463 8
3068 1
350 9
3780 1
48 32
3810 1
237 50
3963 1
119 19
3221 1
422 57
3162 1
152 50
3477 1
309 38
3601 1
261 36
3393 1
59 51
3167 1
195 27
3702 1
166 27
3122 1
126 3
3833 1
383 10
3312 1
289 49
3715 1
357 34
3204 1
254 6
3852 1
464 37
3549 1
257 2
3489 1
96 5
3901 1
377 3
3898 1
331 25
3219 1
360 36
3208 1
204 45
3187 1
60 44
3456 1
30 48
3577 1
212 21
3694 1
418 49
3182 1
152 56
3247 1
292 54
3122 1
345 30
3456 1
416 43
3296 1
104 57
3742 1
450 15
3623 1
192 49
3378 1
283 15
3542 1
449 9
3056 1
3 8
3074 1
36 19
3134 1
90 12
3604 1
245 3
3058 1
446 23
3054 1
332 8
3078 1
86 10
3548 1
435 21
3694 1
265 51
3507 1
27 29
3298 1
456 23
3602 1
165 9
3792 1
292 20
3504 1
18 5
3201 1
367 59
3539 1
169 59
3229 1
296 10
3298 1
277 46
3381 1
361 59
3448 1
7 40
3235 1
88 41
3243 1
295 45
3123 1
313 9
3476 1
336 37
3317 1
137 28
3418 1
233 12
3691 1
456 39
3805 1
259 21
3941 1
280 31
3497 1
109 31
3762 1
386 54
3360 1
224 6
3940 1
343 54
3258 1
196 41
3601 1
131 5
3568 1
285 10
3396 1
413 9
3268 1
460 32
3339 1
241 2
3449 1
43 44
3003 1
171 33
3457 1
441 18
3657 1
63 58
3018 1
206 54
3136 1
319 54
3563 1
154 20
3623 1
413 52
3508 1
372 57
3875 1
452 18
3276 1
419 52
3425 1
287 51
3277 1
2 48
3856 1
432 32
3993 1
241 17
3634 1
253 55
3163 1
460 14
3354 1
466 21
3225 1
288 47
3448 1
428 37
3056 1
255 52
3696 1
14 34
3979 1
323 15
3876 1
240 40
3106 1
466 60
3776 1
108 35
3137 1
217 1
3091 1
418 57
3434 1
258 43
3528 1
333 24
3916 1
225 25
3627 1
457 3
3389 1
432 19
3423 1
372 6
3962 1
360 36
3782 1
38 52
3336 1
322 31
3312 1
368 35
3978 1
41 38
3862 1
311 45
3677 1
46 56
3204 1
424 4
3349 1
346 45
3913 1
164 26
3540 1
224 53
3200 1
64 56
3714 1
261 52
3901 1
106 49
3200 1
28 26
3048 1
375 15
3221 1
154 35
3445 1
427 50
3501 1
411 10
3515 1
346 15
3194 1
97 48
3822 1
177 26
3994 1
216 21
3467 1
118 25
3280 1
319 54
3789 1
214 44
3996 1
162 30
3718 1
389 3
3697 1
354 42
3920 1
193 27
3147 1
53 14
3030 1
139 24
3271 1
244 9
3381 1
27 59
3387 1
163 26
3395 1
398 10
3938 1
247 7
3635 1
344 35
3536 1
348 22
3901 1
426 45
3735 1
315 56
3713 1
207 36
3442 1
250 3
3849 1
167 54
3972 1
223 55
3177 1
149 13
3829 1
328 37
3687 1
36 5
3990 1
320 43
3268 1
117 18
3070 1
203 14
3250 1
180 34
3626 1
263 48
3969 1
115 22
3632 1
19 18
3321 1
94 16
3710 1
406 42
3070 1
426 59
3446 1
56 15
3504 1
64 5
3931 1
361 50
3453 1
136 44
3963 1
190 5
3067 1
184 7
3513 1
1 28
3476 1
42 28
3186 1
438 8
3020 1
210 1
3710 1
96 9
3670 1
423 55
3941 1
290 24
3107 1
435 52
3917 1
328 3
3483 1
136 2
3784 1
50 18
3423 1
308 23
3651 1
66 22
3172 1
228 60
3637 1
351 31
3080 1
67 57
3192 1
129 52
3498 1
173 18
3788 1
146 35
3261 1
68 2
3720 1
247 60
3628 1
178 51
3136 1
289 54
3884 1
364 36
3265 1
72 45
3547 1
347 56
3774 1
458 15
3460 1
204 19
3676 1
444 10
3391 1
437 60
3545 1
441 21
3565 1
332 5
3203 1
282 25
3426 1
199 32
3373 1
161 41
3272 1
362 31
3539 1
338 9
3456 1
305 52
3435 1
272 2
3418 1
404 8
3043 1
283 43
3270 1
258 39
3199 1
307 27
3566 1
45 35
3750 1
429 51
3188 1
248 46
3009 1
230 48
3938 1
300 4
3026 1
414 8
3385 1
342 42
3256 1
371 32
3523 1
264 41
3121 1
155 2
3510 1
387 10
3027 1
229 5
3177 1
297 29
3625 1
27 12
3581 1
205 32
3666 1
314 29
3606 1
292 17
3166 1
458 26
3240 1
154 24
3597 1
386 39
3951 1
436 29
3716 1
381 53
3724 1
437 30
3571 1
17 48
3830 1
176 40
3428 1
218 4
3370 1
124 7
3678 1
324 55
3859 1
430 41
3542 1
445 32
3581 1
298 33
3086 1
234 47
3310 1
53 31
3383 1
269 24
3723 1
23 54
3810 1
58 60
3617 1
129 3
3891 1
188 42
3991 1
217 32
3912 1
382 14
3969 1
213 44
3360 1
179 6
3474 1
412 28
3069 1
141 36
3223 1
222 44
3910 1
178 60
3899 1
24 42
3557 1
285 54
3685 1
246 57
3777 1
103 60
3995 1
97 45
3859 1
157 4
3368 1
170 40
3029 1
26 41
3897 1
113 18
3180 1
14 22
3547 1
140 40
3901 1
195 10
3828 1
309 5
3638 1
463 44
3154 1
211 19
3198 1
59 54
3477 1
150 46
3487 1
390 31
3280 1
254 31
3865 1
193 42
3311 1
341 55
3928 1
176 50
3825 1
434 27
3956 1
190 9
3674 1
148 4
3572 1
223 21
3852 1
406 57
3247 1
240 1
3798 1
447 48
3410 1
31 43
3883 1
260 54
3475 1
334 33
3378 1
192 33
3394 1
108 26
3824 1
72 37
3484 1
143 18
3840 1
373 10
3734 1
271 53
3911 1
270 14
3755 1
332 56
3474 1
43 38
3754 1
120 53
3010 1
172 48
3689 1
186 43
3143 1
404 3
3670 1
173 14
3135 1
125 32
3851 1
290 45
3503 1
348 28
3788 1
0 53
3589 1
375 33
3392 1
22 58
3815 1
73 27
3503 1
91 20
3286 1
463 53
3498 1
204 52
3617 1
376 28
3873 1
438 60
3012 1
54 55
3395 1
116 49
3148 1
326 20
3305 1
384 49
3486 1
382 4
3038 1
427 33
3719 1
6 32
3899 1
453 56
3535 1
353 27
3126 1
417 42
3784 1
288 18
3524 1
79 7
3221 1
92 20
3935 1
337 27
3229 1
119 53
3535 1
11 34
3721 1
252 1
3251 1
358 54
3011 1
392 43
3441 1
249 36
3701 1
224 23
3694 1
390 1
3198 1
251 45
3475 1
333 49
3938 1
107 38
3607 1
444 58
3121 1
161 32
3421 1
340 55
3453 1
65 57
3845 1
218 19
3499 1
329 47
3955 1
81 16
3942 1
208 6
3827 1
60 36
3498 1
439 9
3328 1
153 14
3519 1
359 10
3163 1
195 58
3568 1
153 38
3846 1
408 20
3366 1
7 58
3904 1
93 10
3805 1
450 22
3140 1
304 5
3676 1
324 58
3241 1
433 32
3900 1
433 32
3575 1
278 26
3325 1
85 59
3345 1
127 28
3781 1
87 50
3251 1
115 7
3972 1
196 34
3291 1
232 55
3669 1
448 2
3325 1
148 17
3843 1
236 14
3000 1
343 17
3318 1
356 19
3786 1
449 46
3894 1
293 38
3381 1
465 15
3694 1
422 4
3326 1
451 53
3180 1
69 36
3424 1
352 4
3322 1
243 18
3993 1
188 10
3614 1
21 12
3802 1
445 52
3715 1
214 4
3107 1
182 37
3245 1
38 34
3678 1
270 13
3221 1
51 29
3861 1
443 27
3860 1
318 51
3303 1
380 58
3017 1
442 34
3054 1
19 30
3458 1
20 48
3088 1
308 58
3413 1
321 5
3733 1
264 60
3588 1
363 17
3766 1
439 56
3828 1
198 40
3281 1
378 27
3161 1
134 8
3653 1
467 36
3703 1
268 17
3634 1
179 22
3165 1
100 55
3739 1
386 5
3986 1
174 21
3013 1
85 20
3163 1
47 10
3250 1
98 15
3763 1
165 5
3944 1
243 23
3468 1
0 42
3421 1
258 18
3931 1
38 40
3765 1
356 12
3012 1
126 9
3890 1
403 3
3244 1
153 29
3381 1
70 37
3873 1
351 59
3345 1
62 29
3256 1
365 12
3667 1
394 55
3191 1
35 2
3612 1
364 30
3457 1
122 21
3923 1
298 27
3798 1
385 6
3805 1
102 2
3254 1
17 37
3257 1
307 5
3179 1
165 5
3628 1
379 42
3490 1
115 50
3746 1
33 54
3835 1
79 21
3329 1
284 39
3538 1
250 20
3915 1
434 51
3990 1
325 32
3624 1
106 30
3712 1
99 45
3602 1
202 48
3313 1
437 23
3671 1
464 17
3578 1
306 33
3839 1
370 26
3902 1
200 6
3904 1
465 40
3865 1
282 20
3946 1
266 5
3004 1
350 8
3695 1
228 54
3690 1
143 45
3409 1
286 2
3021 1
397 32
3516 1
229 24
3968 1
404 3
3884 1
298 28
3545 1
141 47
3307 1
185 3
3032 1
372 18
3589 1
272 5
3401 1
167 4
3430 1
385 23
3197 1
367 4
3527 1
128 59
3217 1
89 11
3556 1
405 59
3817 1
385 24
1755 149 116
2909 276 22
8478 785 19
8532 349 66
858 636 12
6167 898 20
2780 650 6
5591 237 12
511 560 29
2263 309 47
2039 599 8
1123 344 2718
5498 378 5
8607 13 4
4473 117 26
8720 573 7
8576 786 1532
7894 193 26
6025 43 26
337 593 40
1612 430 8
8222 103 54
8065 444 1127
69 855 10
926 781 11
3370 158 53
3413 700 33
7469 774 12
1251 532 30
1985 314 5
2176 93 27
8326 484 40
7513 133 21
167 268 6
8530 115 9
1497 6 20
6859 718 26
3630 654 24
6153 837 93
21 900 7
3824 940 2
4563 61 18
176 44 14
5207 705 29
1476 104 55
1330 126 32
5268 804 20
5559 829 4
2440 535 41
5561 896 38
8978 191 23
4238 641 21
8177 668 73
4345 464 8
3079 860 8
2511 409 8
6393 667 7
4775 475 18
1374 795 53
531 787 11
250 691 12
6968 182 7
8756 586 11
4758 131 36
5257 676 10
7041 579 28
6487 263 30
8982 940 4
3780 7 4
7177 123 19
8597 675 7
7754 675 5
4693 407 19
9014 294 81
2066 574 6473
7493 818 57
7255 47 12
138 816 28
8888 839 25
5488 6 13
7326 554 22
4931 541 7
3386 756 7
8280 158 25
952 825 12
3846 506 50
8812 958 35
6675 668 43
4820 451 55
8040 564 12
8714 178 11
2801 171 6
4391 594 11
3942 872 22
731 54 15
5865 822 17
1162 257 31
2518 88 7
1893 63 10
3135 654 5980
1128 488 16
5094 867 32
3273 551 19
3850 17 37
1191 929 42
4119 899 6
7288 708 29
6051 747 68
3993 830 28
9011 41 3
1836 235 57
4703 89 4
7795 550 48
3698 926 32
274 173 48
3089 364 20
3161 63 7
7068 610 4
6476 766 7
5048 531 6
7971 128 20
5523 107 9
8792 512 71
8808 817 22
3529 499 5
7213 771 55
186 39 21
8251 152 47
2882 790 7129
2300 354 31
2745 192 28
7933 336 29
6277 728 11
7415 696 12
2573 488 10
6966 910 43
5712 342 56
343 906 26
8900 305 66
3964 711 24
5663 774 13
1345 200 4578
5180 147 38
6790 679 19
4894 248 3331
6171 103 41
5284 72 25
2526 816 24
2994 799 6
7158 506 71
2964 679 22
6684 904 15
4488 354 10
8065 95 3459
6769 110 9
5561 51 14
225 948 34
1753 642 11
2974 439 28
7065 822 9
1571 375 8
4354 779 7571
228 561 44
4066 513 10
6336 219 12
2325 146 19
2303 614 34
2236 411 23
3604 953 43
3686 440 45
4598 559 24
5828 387 14
823 778 25
7678 533 26
8729 283 58
1767 652 46
4565 958 20
1285 50 7798
8773 60 70
6584 38 17
3736 529 21
1525 383 11
5512 899 12
1960 129 20
4073 815 8
454 259 5
3761 644 38
5629 277 3
171 329 65
673 861 4
5801 87 45
8817 464 11
3092 882 10
7009 609 36
3093 930 14
4823 894 45
6655 74 26
3335 602 2318
6689 53 20
8232 835 15
4151 880 36
1780 168 10
3034 900 18
7758 931 34
1284 289 20
5597 266 7
3837 605 17
8093 878 31
6098 537 22
4233 465 19
4528 382 26
3849 396 27
2346 850 29
7247 315 25
8761 217 31
7261 481 12
5272 187 57
7412 362 12
1976 24 2248
5120 231 8
2949 584 19
3132 322 6
398 765 16
1044 762 3
7364 824 11
8434 896 35
5022 811 38
6279 551 23
6371 868 42
8422 269 4
7783 340 7
7997 338 8
3877 930 15
4149 211 7077
7994 741 35
4673 708 26
2289 219 14
6929 809 15
8873 88 3
5256 556 22
4414 864 13
3297 451 30
4526 190 46
610 874 20
1829 378 3
9012 772 22
2816 43 17
3877 473 17
3301 768 23
9005 683 62
4961 381 14
4069 694 16
3862 848 36
8674 697 62
3605 359 18
4963 16 6
6380 404 8617
3604 916 17
2257 901 48
1945 494 12
7316 505 68
6259 877 9
1038 106 13
6012 248 11
1048 757 36
5668 77 14
2524 839 10
989 781 13
1734 223 4738
5692 855 11
4090 269 8
4066 774 13
4952 117 46
8671 38 7
3797 433 4
2550 876 26
158 923 17
8298 513 7
8719 109 40
8145 622 16
2860 867 25
157 818 52
7037 569 9
8285 293 26
6773 491 43
2328 407 12
7903 386 5
5402 738 47
8493 831 45
8238 826 13
4365 382 26
8130 29 42
7762 160 19
6730 121 44
6770 55 41
8833 512 46
4036 743 15
7655 462 23
981 548 35
1790 761 21
6509 286 38
4088 310 58
209 42 26
1114 31 72
2367 162 21
8541 282 5
2328 506 51
7159 83 19
1612 403 7
254 283 34
2876 937 36
8126 541 14
2101 905 5
3908 342 48
1205 479 12
5801 12 23
5822 601 24
111 122 28
5278 490 14
257 261 4097
938 797 8
5200 492 12
4746 733 29
2750 855 5
2258 906 13
4088 229 10
2218 887 25
3960 649 70
6649 582 39
893 337 16
925 700 33
2014 16 11
1956 914 18
1271 857 8884
3816 538 28
6757 712 29
3556 848 33
891 543 34
2487 544 16
7469 513 11
4285 863 9
1349 917 7
3739 329 50
8419 658 41
3228 416 45
8680 514 34
1329 541 6
4268 628 5476
726 276 29
2947 833 41
1938 846 16
733 29 22
7659 315 41
3999 431 31
4607 348 41
3584 798 39
2664 214 20
892 366 22
6540 34 27
1497 462 23
3758 881 29
1731 537 17
8844 637 16
4292 428 12
4312 1 3642
3468 615 50
4855 232 30
8589 351 10
3008 193 45
8072 56 27
7675 69 9
166 673 9672
1233 181 24
3104 773 10
3149 678 59
8727 260 21
1103 909 24
3093 473 14
582 543 24
1386 594 16
4018 2 21
6050 797 10
935 893 3
1864 566 10
2219 246 22
7931 813 53
3188 578 7
7178 562 4
4057 645 7
4322 371 10
2443 389 5253
5261 473 15
756 479 16
2801 519 4
3948 749 10
3574 871 16
4175 578 7
116 448 6
6421 102 12
882 608 52
6239 816 17
2940 858 32
4330 416 47
6944 831 53
8324 352 18
3691 339 35
5963 135 23
6502 401 126
8138 197 7
8728 122 6430
5275 490 24
2415 738 48
1487 939 14
864 295 4197
4094 549 47
472 796 22
193 30 5
7512 157 31
773 573 9
3826 592 19
7510 325 31
6480 325 19
3961 491 6580
3020 180 20
8813 510 15
7729 314 2
1832 900 11
5839 943 32
8082 332 44
5537 869 8
4745 709 12
7081 453 8
8956 638 56
3245 713 3
8549 798 40
8756 16 6
8204 310 33
8938 107 16
565 719 12
6093 624 30
3634 321 16
895 222 10
5747 883 35
4281 99 12
6327 731 27
5700 608 31
7371 528 5
4890 860 11
8152 346 11
3269 224 11
2567 249 20
6160 817 43
8298 388 21
8506 84 24
4681 702 20
6176 269 3
3071 195 15
3906 503 11
1071 231 15
8510 425 14
4635 723 17
3400 944 50
6234 187 52
1002 446 8
1082 77 15
1749 295 20
1045 228 12
3172 619 16
6041 155 19
8429 94 49
5092 799 9
5463 519 2
4934 330 28
5650 375 14
647 362 13
4228 669 13
1570 654 10
4884 875 7
2531 320 96
5840 113 26
3181 458 31
7586 7 5
6561 481 28
8683 122 20
4777 880 17
5012 345 9
5985 513 12
936 584 26
8820 142 65
5285 523 6
7482 306 11
1453 818 48
7705 345 8
774 427 42
3802 336 26
3464 577 14
4047 553 22
2729 677 28
6001 221 10
2923 837 95
1933 0 35
2620 603 48
7641 6 25
3969 730 12
8867 160 29
1772 570 20
5486 432 56
8012 723 17
8383 8 1260
1375 595 45
7138 329 9881
6323 866 17
4694 719 11
7304 918 32
4369 668 40
6430 606 13
6396 757 52
6828 0 26
7190 195 22
3677 373 22
2313 34 18
1916 228 7
2124 825 13
1654 720 9
1417 167 15
5468 955 26
4731 856 55
4524 186 28
2548 649 70
3791 47 1963
1912 66 6
7729 869 10
1089 108 39
1494 11 22
5254 620 8
692 916 10
6775 725 8
6158 765 24
2343 486 4
3083 644 24
3096 715 7
288 126 18
5682 521 46
5276 115 11
4464 536 7
6052 55 59
7583 806 2783
4912 894 34
1451 720 8223
6622 901 23
5174 196 7
7993 927 3
5373 37 1740
6954 211 20
4779 821 15
6206 754 32
3015 543 22
1556 63 17
522 922 17
7421 638 18
100 737 3
7580 874 40
1836 759 7
3523 66 7
4480 763 2
2257 694 17
4508 417 28
6012 286 28
8360 742 8
7777 416 32
6847 768 34
1045 347 23
2402 95 25
118 142 35
2977 576 12
3548 434 11
2980 736 26
7266 251 76
60 844 7
4440 784 23
7511 363 6
1075 447 19
6712 774 9
6085 433 4
7280 48 47
8715 777 41
1967 687 46
8024 192 16
8485 888 30
8822 547 55
3865 414 7
4701 314 1401
7533 299 20
3905 588 4
6135 577 52
5655 644 33
778 417 51
4026 634 3
3034 88 5
5370 191 15
7572 537 3850
2309 933 21
6548 220 21
3435 808 11
3774 949 29
7126 634 6
114 385 4
4789 801 48
7921 493 40
1779 353 31
2272 875 14
4543 349 35
750 342 50
8449 808 26
7684 361 14
6665 110 13
1197 743 8
4234 861 6
3377 263 6591
5811 318 20
5800 470 21
3678 663 41
4995 335 11
4232 744 32
8058 140 69
8364 43 10
2209 173 16
2292 909 30
5882 258 37
6693 78 41
6981 663 54
1641 881 59
2468 147 40
6078 476 33
2074 936 32
3669 937 49
4421 308 65
4286 878 24
3505 425 5
5189 405 30
7883 436 14
8528 722 14
5848 740 23
8391 372 16
1380 958 22
2050 744 11
7060 168 11
6151 38 16
3579 3 10
5480 819 59
5106 772 20
2463 397 12
4809 341 16
923 889 10
5082 689 14
2442 459 47
5768 455 3892
7106 765 5408
3819 170 39
3130 444 9
2947 503 21
4902 73 8
4866 792 12
1733 428 7
7722 265 57
184 122 35
8061 910 38
1886 293 23
2123 235 43
4965 102 21
3963 866 9
6681 128 17
3182 267 11
3915 694 13
8085 280 30
7271 63 15
3159 282 5
4438 70 14
8252 899 12
2516 144 7
23 293 24
2235 842 9
6587 317 2
4105 188 13
31 830 42
8872 616 79
5741 291 68
2472 215 7326
2210 120 28
1514 732 45
3578 65 10
1036 30 3
7749 768 29
758 26 11
7404 727 2
261 826 13
8022 629 49
2370 957 15
5421 157 34
4408 84 16
1305 747 37
5962 48 71
1652 82 7431
2128 465 38
3258 123 36
2487 130 56
8052 299 15
3190 367 6
3849 696 13
1820 763 4
2229 644 49
3221 332 85
8273 652 29
4785 427 26
3946 478 26
445 270 29
6058 688 12
902 642 9
8699 692 67
795 398 43
5524 62 20
710 943 35
7517 591 31
6826 488 22
3593 15 44
7898 533 32
6750 226 50
7164 50 36
44 323 36
7428 925 22
1809 236 8
4074 826 2770
7125 306 8
27 394 7
7747 429 21
2587 647 25
5427 918 42
872 861 6
2988 298 20
6310 619 13
4831 683 53
1279 36 4056
2077 737 4
8907 952 15
3514 176 14
8846 588 4
2226 122 42
5342 948 54
4805 19 52
3629 689 5
1198 365 17
3904 206 17
5367 92 27
2644 290 2933
4665 637 12
1314 157 19
6795 285 4
221 853 16
5719 824 32
1811 628 42
3366 674 11
6011 46 64
8184 720 12
8486 930 17
3977 753 37
679 647 43
6968 271 44
3307 713 4
7843 528 11
8953 341 22
1222 882 9
1317 634 7
2006 42 31
4363 98 10
5490 201 4
2831 588 4
6226 749 26
1415 860 7
2683 449 32
1972 98 11
8780 836 47
6231 22 16
1104 409 14
7621 534 37
2851 497 92
1453 202 31
1142 16 17
4549 133 34
2232 774 8
5212 34 67
4137 703 12
6963 296 26
1389 433 5
3699 628 71
433 260 30
3416 296 21
129 497 75
5874 5 7
4622 152 32
6811 486 2
8679 399 32
2225 528 11
36 485 5
3725 875 7
1849 128 27
1677 571 5
8327 512 45
1000 910 25
5658 728 10
7546 927 4
8216 816 18
1681 656 29
3798 491 36
2934 372 23
1427 911 12
7869 740 38
991 190 53
5226 317 3
7104 711 7238
3389 957 24
7061 62 16
6058 413 31
5990 327 47
1983 621 60
2667 272 5
4869 651 25
6790 713 7
4295 41 7
77 848 4723
5982 582 4783
2124 446 8
1248 126 27
5210 507 10
6976 801 47
8664 873 6
2303 870 20
5563 346 10
2379 556 12
65 909 20
2549 151 17
6491 365 34
6418 74 9632
4337 447 20
5197 223 20
4005 209 68
7992 662 17
7556 770 31
1740 700 28
8239 113 47
5070 267 11
3372 366 38
4212 498 13
7740 687 42
1704 491 55
8613 838 57
1901 894 49
6710 165 4
3023 275 5
3114 521 41
8499 670 31
5055 19 50
5671 7 10
3963 899 6
7378 821 31
6334 668 28
4128 640 42
729 897 22
2382 21 20
703 714 6
700 435 33
4023 19 62
8817 113 29
641 39 23
1720 683 41
433 534 35
8227 409 25
8966 343 5
3074 497 79
8224 160 13
6874 580 10
8783 296 27
4952 197 6
6577 380 30
1480 741 22
8014 191 3563
7070 930 19
3700 313 6
7691 95 20
6596 155 24
4610 374 6
5451 479 19
6375 416 33
2510 148 23
3401 10 30
7398 647 25
1196 519 2
5718 719 9
2718 288 23
4314 446 4
2689 648 11
8487 383 14
3197 920 69
3880 40 19
691 580 8
6233 594 25
2997 871 9301
5625 189 20
5412 803 24
8361 673 64
640 481 21
8235 344 16
1230 13 6
7847 130 50
62 100 24
492 100 23
8563 470 22
2390 278 21
7624 58 20
549 278 12
1958 446 7
3586 748 82
5367 458 16
5690 466 34
8511 239 61
1421 591 11
1488 770 20
4240 9 11
978 583 15
6240 177 17
7742 357 7
4528 888 41
2748 774 2994
385 604 52
3548 671 15
277 916 19
1010 378 1863
6288 670 25
6351 297 38
7017 606 13
3929 617 13
3920 720 24
2746 771 24
4015 783 9815
8432 602 6
8794 327 28
282 501 8204
4750 372 17
6958 498 2580
3033 436 24
7479 675 3
2656 529 25
7120 164 58
2064 944 34
4688 520 58
8448 578 8
4058 101 63
572 558 21
3011 126 16
7113 670 5582
6808 611 23
7951 247 21
2451 500 57
468 32 8
6915 774 12
6871 830 9546
281 395 16
5204 589 41
8583 559 20
7597 460 52
4727 688 11
3931 699 16
4139 436 23
4308 724 7798
3853 231 15
4997 958 21
4724 387 15
7099 819 100
3185 612 27
875 45 21
5535 869 8
5928 246 28
3916 926 20
2298 911 14
4813 303 6
1057 668 93
447 252 11
5302 68 26
5808 492 3
5928 97 14
164 237 12
1540 454 29
8526 841 24
4588 22 13
1323 374 4
4447 682 73
8490 50 25
8567 376 55
5884 76 17
4475 545 73
1095 577 36
106 343 11
2608 604 37
6401 804 26
7015 478 41
8557 705 26
7980 174 79
2680 146 33
8492 652 27
3642 318 15
6197 219 13
8339 922 27
8634 127 48
4831 557 18
6607 803 24
7147 600 5323
7944 579 31
4886 624 40
628 328 47
3894 45 18
4760 326 9
1602 401 9500
595 787 11
5678 803 20
2275 691 4
2843 787 11
7850 729 80
4992 55 50
5649 217 8716
4998 283 31
5653 127 44
8292 264 22
8046 709 19
6737 900 10
2604 512 33
8060 517 97
659 319 30
4309 776 14
6803 33 32
8524 349 50
3275 448 5
8278 703 16
2347 270 22
1957 423 5
7859 825 7
2133 735 9
788 92 26
6702 40 22
7849 315 3529
7194 803 14
6293 679 19
3799 270 19
6521 229 6
8800 68 28
185 261 32
6068 629 52
139 513 7
5450 95 18
5253 418 12
1019 792 6
2845 661 22
7695 543 24
8431 854 46
1543 871 30
2344 742 9
5180 188 10
8708 177 20
5809 452 4
1456 279 17
661 99 14
2853 524 24
4029 69 4
5145 175 48
6086 308 48
7761 172 24
6878 319 32
8179 443 25
8487 850 29
4207 446 9
1680 693 11
1006 622 13
8828 446 5
7153 883 22
328 255 19
3606 891 22
2924 367 10
161 818 41
6442 542 40
6729 770 42
1921 159 17
5086 367 3904
114 790 9
3532 721 24
4379 92 28
7500 451 56
5453 60 65
4556 510 21
6809 279 17
4235 499 5
3865 338 3
4492 185 14
3169 462 25
1925 166 24
1154 253 19
1888 110 8
4688 204 16
2105 107 40
5334 282 7
4446 354 18
6671 705 21
853 661 38
6436 69 6
4571 398 26
1864 191 13
4728 520 61
7381 637 11
6026 661 31
2435 155 18
769 564 11
3477 315 23
5623 637 16
6627 331 4
6643 283 33
8280 335 9
7198 355 17
7485 369 10
4266 385 8
3439 911 10
6121 949 30
7210 264 13
7643 885 17
2457 823 45
5699 541 7
7631 750 16
5879 308 36
410 730 29
6600 909 21
7838 385 8
1008 335 20
6805 809 13
406 731 30
5222 452 6
5681 120 23
4693 582 35
5395 808 18
5401 690 15
8565 123 40
3348 193 25
8025 902 11
2729 82 44
6204 33 35
5752 248 17
6056 423 13
2626 504 2391
6843 357 1832
7068 55 25
3005 529 34
7084 425 14
4425 190 63
1788 852 10
3408 256 21
8871 434 6
7038 78 37
5362 538 31
2340 909 27
5380 779 13
1522 786 6
6068 415 45
6418 592 4563
2261 331 8
291 776 10
4790 456 20
4367 85 8
754 785 21
7813 672 13
1591 411 31
6968 27 7
3641 134 41
7206 100 24
4576 589 25
3990 709 15
1024 278 19
3473 597 11
855 881 26
6936 229 6
8305 719 2248
7582 459 54
4736 685 19
1823 130 45
2164 183 40
4185 929 13
4165 726 4533
2273 528 6
6067 514 55
7327 645 16
8384 421 5
3914 182 7
4920 606 5
8279 674 4
1742 199 26
3027 395 39
7366 652 42
183 173 27
5417 140 37
6432 122 32
1193 538 4966
7901 613 6
7843 712 25
5993 318 32
1116 872 28
2662 732 22
5415 21 18
7279 396 28
5504 482 11
1439 184 23
6783 920 35
3027 258 74
6819 878 40
1220 560 25
6680 25 17
5616 802 29
5678 86 22
8352 203 41
5936 709 7
6709 509 51
3603 102 11
3226 794 36
6198 225 7
8469 924 12
7725 156 5
201 749 19
6834 655 28
6167 527 6
6209 201 2
7882 721 9631
5605 557 13
3560 810 23
5469 559 8181
1839 639 24
96 559 42
3530 416 37
5216 763 5
7668 513 12
6641 739 112
4865 518 4
6547 890 29
7045 437 28
5064 161 42
1869 870 15
5745 730 43
627 852 10
1523 488 15
4255 467 52
4224 506 44
4966 854 35
5104 329 44
194 550 88
4765 103 56
1603 472 23
6065 722 29
1938 845 39
6518 160 25
8247 112 7919
5366 409 19
916 112 25
449 397 23
3818 368 15
6053 767 9
3679 874 37
8281 812 55
7695 400 3
7515 126 26
6712 388 27
816 230 4
7312 451 30
4103 314 4
8001 612 13
3538 857 77
2444 316 9
403 320 73
3938 806 9
3734 75 7
6511 293 25
4602 517 72
2045 875 7
5194 871 40
7038 352 18
6156 815 19
8786 822 9
6599 229 6
3083 159 10
2996 3 10
2723 720 21
4107 791 11
7655 750 15
5152 657 53
2222 465 29
8998 813 33
4518 827 37
4138 890 29
6870 816 21
6147 893 3
8771 381 19
1576 827 30
10 704 4
4884 288 27
8970 641 42
1663 62 11
8392 23 30
4714 877 6
7788 228 8
3800 41 3
5546 919 63
4932 384 15
1751 942 12
1196 171 3
5336 841 47
1500 729 40
7962 551 15
605 924 10
1583 277 5
8685 6 27
4442 187 20
2137 228 13
4391 469 20
720 40 26
1859 648 11
267 442 10
1854 48 70
3663 259 2
3432 63 10
2803 668 40
4011 470 17
7365 824 33
8591 592 29
8188 865 29
1974 779 21
2369 733 61
3816 136 27
5066 429 29
4468 81 29
5392 587 14
1670 623 32
7321 267 11
6648 174 43
4409 106 16
4452 36 36
3290 856 42
1528 126 34
414 361 26
6277 140 56
3790 844 5
6522 480 14
5327 887 22
859 347 25
875 623 26
6702 58 16
6326 181 27
8229 674 10
8893 512 32
6360 788 3196
8833 402 25
2058 187 26
3115 491 40
2517 230 4
3133 64 29
417 696 11
8377 436 22
8379 728 8
2971 265 41
476 392 5
6580 266 4
2644 164 6314
6527 426 4059
136 170 19
3839 906 9
5003 213 29
8116 697 34
7236 794 63
2516 115 18
2237 599 11
1628 413 25
1214 179 62
4239 590 1172
4017 805 11
3648 132 8
5058 258 46
8604 834 50
8255 533 33
2382 351 8
1694 657 44
1660 765 29
4201 910 43
4672 471 23
3180 811 64
2969 452 5
2010 324 72
3638 310 40
4207 825 15
732 217 48
5991 894 26
1191 602 12
489 243 9
3811 426 26
54 413 12
2433 16 13
7770 69 6
4695 280 27
3621 371 10
5215 441 15
2481 180 39
8577 335 13
962 44 4720
7933 784 65
6293 713 7
7581 926 5448
1101 705 7585
307 98 17
4972 703 6
5982 407 2663
252 922 20
5087 258 34
6426 421 7
4643 56 34
6276 403 10
3572 817 37
7902 17 27
985 93 52
6349 606 8
4185 62 8
1973 886 19
2456 869 8
5915 100 14
7615 702 38
8819 444 5
3002 161 42
3988 766 7
6663 301 2809
8942 674 11
8936 566 22
3717 118 49
8167 507 21
7452 392 3
3547 937 39
4732 296 23
706 685 33
6991 767 19
5972 108 39
2830 910 47
1807 229 7
1949 893 3
8408 38 10
162 143 31
3381 311 14
4412 259 1715
6021 858 32
4548 680 8
2754 131 23
7750 162 35
7460 503 8
3606 737 5
1272 521 33
5778 31 40
7123 524 17
7079 612 13
2775 589 18
2500 227 26
467 643 19
2571 403 11
8636 450 57
7549 630 10
6358 387 16
3952 249 14
4203 178 24
808 198 16
8160 799 5
8754 770 42
5288 552 24
663 335 21
1283 645 17
2529 616 97
2458 617 7
6498 747 71
3670 602 11
4153 713 3
3863 579 77
3613 705 21
338 197 9
2467 119 14
1721 870 15
2599 596 22
390 858 21
1738 455 21
734 691 10
7598 797 7
4600 177 18
2972 274 41
4079 244 28
6737 88 4
3796 234 24
3909 313 6
7575 921 31
5604 721 23
6291 322 2
6374 25 15
6462 294 60
159 108 40
7897 704 5
6893 283 39
2299 526 37
4444 887 23
3324 165 5
3674 148 29
4193 661 32
3019 511 23
79 358 12
3947 61 14
8899 446 5
5379 511 12
3201 375 15
7346 800 39
4557 244 33
4433 812 36
3936 583 11
3070 817 35
5221 11 31
4763 16 14
8880 118 65
4062 822 17
508 109 34
469 952 12
6389 199 23
8663 716 22
8105 393 97
7449 905 5
484 637 11
6323 390 10
4894 286 8039
5028 556 21
1853 729 49
1098 664 17
4645 919 57
9008 886 29
6911 306 16
2295 83 16
2147 423 12
5711 435 36
1280 338 3
1880 405 19
978 901 51
1910 0 14
8966 818 21
3375 306 9
6344 556 10
3035 851 9
3693 913 32
4205 633 56
5155 402 26
3406 5 13
6658 805 12
1998 477 9
344 275 5
2215 778 23
6042 582 29
4596 925 44
2859 23 33
1647 774 12
2893 456 31
8401 581 12
256 127 32
5557 405 25
1099 124 42
50 176 9
7904 537 9
3219 87 7221
4834 347 24
3834 435 20
1459 623 30
2122 119 9
3447 427 27
1620 315 39
4435 850 24
5201 939 17
8378 176 9
4242 384 17
7444 790 17
7507 583 11
1557 559 22
1658 503 11
3454 840 59
1361 896 46
8756 13 3
7295 845 27
4477 793 30
8108 420 57
3541 540 28
8757 201 4
342 194 11
4588 490 12
5282 213 18
2910 54 34
8934 863 7
6472 325 27
6827 920 35
8284 151 18
3080 667 14
4809 940 5
338 117 67
7977 73 8
608 946 17
2853 337 18
3333 368 6
2089 22 12
5284 326 9
6848 577 43
3438 74 45
2658 148 11
7200 737 3
933 766 7
7989 475 12
7213 401 102
8878 511 27
7348 206 16
3199 309 37
4576 501 52
1885 894 45
1489 779 22
1007 723 18
8746 104 40
7654 601 26
6224 597 15
6424 435 27
5983 404 50
6798 47 19
199 900 20
3592 862 26
5657 557 12
7315 372 25
6289 18 34
2540 386 5
1078 577 38
6977 193 47
4142 280 22
7407 259 5
2269 449 50
3487 236 6
6517 237 11
4647 62 12
5508 865 35
1624 637 11
8203 794 47
6148 754 22
6879 177 17
6495 24 6
1861 268 7
3101 698 45
2347 885 15
562 271 20
4443 13 3
6688 10 40
5497 376 33
1295 293 23
4954 654 20
1800 560 50
510 76 24
7173 521 28
6274 59 11
5012 888 39
8931 59 22
2966 564 25
5399 339 40
7514 710 29
2033 477 6
3925 850 16
3663 764 11
7948 699 23
8410 599 11
4033 776 10
2937 866 10
506 368 7
1820 720 21
4170 145 35
7625 745 10
8541 638 33
7664 435 37
2132 259 3
2717 145 22
5487 355 20
7092 305 58
703 561 27
7593 183 47
1080 856 4967
8664 476 35
1439 727 6
5339 239 57
3176 451 37
3279 298 22
8164 815 8
2192 885 14
3611 333 22
5241 353 22
7401 859 1421
7137 671 16
8642 268 13
4741 47 8
8301 484 48
3952 40 32
8297 287 23
354 102 22
1311 172 32
1244 671 8
5445 120 31
1415 41 5
2517 338 7
2284 20 5
7818 129 9
820 871 31
7620 755 24
8604 270 36
721 947 51
4090 591 27
7254 275 7
3638 229 6
3067 440 45
5517 477 5
19 269 7
4374 6 16
6417 122 35
3087 138 40
3799 834 31
8395 758 4
8199 877 3
5672 808 20
786 558 2547
2795 319 63
2436 422 11
7154 383 5
4846 902 14
7681 381 16
8699 786 10
4328 263 30
6779 254 5
4071 866 22
5323 442 13
7478 125 74
5314 388 35
5419 528 5
4310 223 7
4484 907 17
5030 277 8
2847 655 35
7560 571 12
6379 600 33
415 200 47
4775 589 23
4293 376 37
3709 17 13
1381 131 24
1825 574 15
8478 395 19
3433 100 16
5106 199 13
3389 35 57
7704 680 11
943 179 63
1370 949 24
815 240 107
466 463 27
7382 494 16
3466 845 27
1110 858 37
8268 559 22
1050 835 27
8653 73 4
1833 833 46
7540 74 64
1611 355 14
4324 627 13
7617 444 4
8248 197 3
8037 175 53
8643 341 14
5244 744 35
1001 248 17
3516 577 25
3356 283 34
6710 756 6
4697 896 66
2207 205 73
727 782 3700
3265 91 36
5520 121 86
665 141 17
6602 590 7
2429 377 13
3667 614 23
8732 641 17
1414 64 35
66 111 41
2817 597 19
2427 560 37
78 399 38
2407 469 19
1886 141 12
5267 154 41
1521 218 14
8830 147 53
5047 846 7
7636 68 21
6260 139 26
1437 135 32
3126 284 95
383 417 42
1723 550 80
7733 473 18
5040 299 7
2773 860 13
314 55 52
2297 49 6600
6757 528 12
1930 41 6
2473 574 16
6839 665 8
5605 683 45
6394 165 5
5002 223 13
3112 839 9
462 637 23
7044 880 6114
242 311 13
1572 475 18
6594 712 24
5776 306 14
3821 307 14
3140 149 54
4902 823 54
2518 791 10
5248 783 11
7645 12 19
5860 616 42
1379 308 64
515 529 34
1505 231 12
1545 140 20
4076 661 48
2931 354 12
4374 462 16
3212 159 21
3497 600 36
7583 339 7253
8752 365 21
146 245 43
5835 352 27
6115 688 5
4687 948 38
5665 910 47
3459 748 7114
3255 856 24
5841 363 10
4985 675 5
462 366 50
798 337 4244
6213 243 13
1768 731 32
5930 479 21
4395 37 9
2612 1 12
4010 51 1887
3366 741 40
1265 347 10
7281 96 43
5340 133 26
8767 953 25
1787 226 40
4126 243 13
5702 542 85
8773 665 9
2847 799 9
879 145 13
2359 863 8
3787 838 72
8493 253 23
6845 516 48
2914 487 8
1053 692 104
4979 458 37
4111 368 13
4634 328 25
4173 269 4
4439 81 26
968 81 27
7173 684 9
4167 436 15
5729 868 47
8774 745 21
5714 779 24
4780 783 11
3756 338 11
4415 738 42
6109 417 51
3862 28 46
1697 636 9
6357 519 4
7194 86 16
3672 849 27
7739 289 43
6998 125 61
5600 68 26
8550 492 6
5477 583 11
8659 229 10
5441 703 12
2138 760 27
976 733 5460
8452 559 31
1454 916 19
4591 754 20
1342 841 22
5458 120 5625
3465 150 42
4244 853 13
8220 30 5
493 244 40
2161 133 38
6481 440 22
7450 678 62
5948 425 10
5531 131 34
3153 869 16
2475 457 26
7757 876 27
5071 436 22
6269 433 3
1206 45 22
1485 20 4
8302 649 53
2759 920 8678
2027 230 2
2159 867 25
7199 571 5
2940 903 6
7456 250 34
7894 108 29
6343 781 12
1590 599 12
4493 815 8
286 825 11
4704 914 10
6984 749 20
2315 396 50
27 912 9
6799 857 98
8519 762 7
1632 518 10
6391 147 42
7827 633 31
2668 878 25
7183 90 19
8165 541 9
6611 705 17
2861 659 7
3529 178 18
1453 343 9
6244 609 39
1075 65 10
4307 391 4055
1176 180 27
294 601 33
3826 330 17
6370 624 43
4921 348 36
5553 834 31
6625 65 11
3314 282 7
704 278 16
7810 331 12
1281 957 11
775 11 25
6759 348 8408
8659 310 77
5409 659 5
2223 423 10
5586 284 41
1062 847 9342
3959 240 86
5980 155 18
3726 815 17
7413 467 38
7241 495 11
3241 132 31
233 721 28
2939 263 49
4156 943 15
4750 176 9
7666 192 24
5362 136 31
5775 689 12
5275 22 24
640 104 58
8802 725 3
1480 80 4
4597 433 4
4625 133 33
7675 275 8
8937 136 47
7005 731 24
2584 188 8
2423 339 22
7622 590 5
2444 467 38
520 420 57
4626 234 25
384 482 11
3846 582 21
2243 951 6
5067 410 62
4690 165 7
7359 824 19
621 38 13
6447 911 13
7732 406 8
4548 797 4
4817 821 21
76 216 39
742 918 45
5185 578 6
6822 562 9
7783 457 20
3796 2 21
4967 811 65
7036 368 16
549 176 7
3619 868 48
3683 124 69
7882 829 2816
671 147 6587
4075 21 2336
3617 615 48
7423 886 27
312 704 7
6459 364 13
1520 131 26
7612 422 15
3371 16 12
6688 357 22
7566 789 56
4651 269 8
4403 465 16
2203 123 33
1241 572 18
5825 942 8
1397 661 51
2350 4 9
553 874 64
2334 249 2392
6694 488 8
7953 949 37
3965 437 50
2356 906 33
5776 84 19
8111 592 27
2446 763 6
6817 54 15
6858 779 21
1737 117 72
2999 381 3379
5887 719 6
8758 392 8
1388 693 14
3475 514 70
5418 588 5
7643 834 39
3955 160 21
5321 170 36
1115 341 5
5081 748 73
1035 474 12
8948 442 13
5077 383 13
6949 662 24
6720 151 10
919 734 51
7016 550 74
6989 318 6992
2131 90 13
5000 309 34
8917 745 11
4509 706 108
2553 658 74
698 161 25
2212 897 11
6294 197 4
6096 405 34
8388 741 30
4631 793 36
3620 593 25
8554 5 8
6267 12 35
4773 690 2790
3363 716 24
686 492 13
3868 225 6
4532 902 11
7125 105 32
5977 383 10
5907 395 42
481 318 47
909 508 9
4317 321 21
3025 717 7
4476 721 13
6826 757 66
3273 75 7
270 587 14
8802 869 8
3202 774 15
5919 251 94
7167 97 11
607 164 47
6859 932 57
1837 661 38
8969 35 36
8410 547 65
7186 238 1158
7142 885 11
2821 791 9
5948 447 21
4252 727 3
4710 4 13
5084 787 12
7986 517 73
649 358 11
2181 304 29
4951 198 7
4478 471 12
922 530 8
3173 51 18
6100 624 48
6144 175 45
1251 255 9
7333 827 38
7353 554 29
5086 77 9409
5995 103 40
7115 931 65
240 45 33
2928 371 10
3023 69 6
5498 132 21
8146 216 42
827 600 40
2761 771 46
49 593 12
1985 725 8
1697 517 67
2062 688 5
7180 549 52
3971 101 60
4849 219 16
3381 654 20
2329 650 5
7820 541 10
4382 815 23
5499 612 27
693 818 48
4835 653 58
3513 786 14
7623 190 57
4049 22 11
7763 873 4
2615 629 23
7826 211 23
7905 372 8
4432 499 2
6919 831 26
8343 893 7
882 597 21
734 951 6
8142 648 17
4614 857 46
1725 238 5
2608 792 6
4 855 4
2861 789 45
2959 263 27
6833 420 7867
2998 721 30
2585 325 46
1676 768 19
6392 71 21
4584 857 72
2221 651 20
771 329 47
3348 108 32
8004 840 40
580 224 19
5954 482 10
6428 273 24
4720 885 11
802 487 11
7362 917 10
1989 626 19
2147 195 16
5228 423 14
2916 369 21
1584 411 33
8812 953 54
7021 360 28
682 783 25
7320 288 38
1998 17 37
8363 707 10
5193 593 38
8897 276 21
8629 518 8
5757 225 3
4185 602 3
3792 143 49
1633 332 86
1421 116 3
7130 860 12
1868 20 2
7479 493 13
5375 713 4
5051 35 46
1559 643 34
7022 53 14
2607 6 27
1074 624 43
1046 761 14
834 26 22
3363 286 42
5459 846 10
1209 173 49
4087 747 40
2740 793 30
5770 909 28
6258 700 41
3618 40 37
7464 923 14
1858 892 34
568 436 10
4067 238 5
2192 270 23
4270 420 30
1526 709 14
6054 516 44
4867 694 11
771 374 5
6576 17 13
4183 821 30
3896 488 18
7950 762 9
5673 645 20
4764 880 9
6102 382 25
7179 571 14
2616 11 13
1083 893 8
8685 750 24
1152 56 6538
5393 357 9
8719 515 82
8930 889 7
1759 642 15
6077 510 15
8628 79 10
1621 775 41
2850 555 31
4317 734 39
5790 509 65
2267 887 29
1203 175 62
4661 237 12
5477 901 38
2914 601 18
1720 557 12
1044 146 10
3412 519 4
1851 694 19
1235 602 3
5968 669 18
5757 667 8
6339 939 22
7595 905 4
3552 669 16
4601 398 36
578 400 3
5232 213 18
3231 757 51
4566 599 9
2572 420 32
1465 536 2414
4220 650 7
7612 523 6
3354 246 20
6585 545 53
6219 449 31
3076 325 17
7609 516 69
2671 814 6
7341 641 35
2659 184 11
8979 839 7211
3198 177 11
5599 655 15
4323 844 6
4558 423 9
2026 92 19
1435 141 5
5973 872 14
4 766 6
5857 91 32
700 809 21
4189 574 37
377 355 15
7640 113 33
4968 690 12
4385 285 3
3746 715 2006
4082 199 22
486 50 21
6383 85 11
5863 729 66
7210 14 10
6016 541 7
5352 934 9138
462 242 18
6800 516 37
3334 75 10
4495 588 4
6703 589 27
8466 861 6
1463 939 24
3314 638 43
7234 68 19
460 617 13
7119 671 13
5498 884 5
1097 555 55
1898 279 9
1915 551 30
8495 350 3
550 708 46
6669 331 2968
2549 568 43
7530 525 32
5312 205 37
2465 200 51
729 194 26
3633 827 14
7804 407 21
1657 96 44
4513 750 16
3202 513 12
737 715 5
6702 249 10
2523 75 7
4221 485 5
4786 39 32
1420 70 6
3102 897 20
4892 388 24
4190 390 12
239 153 28
8160 655 16
7721 642 9
1546 388 26
5387 449 25
2019 114 5
3110 703 2428
213 368 14
886 427 9321
424 80 6
1554 674 9
601 393 85
1148 603 33
735 828 9
4307 784 5618
5203 306 12
5479 479 11
7151 292 7
8328 818 49
739 89 5
738 534 28
4938 41 11
1670 418 15
6461 719 6
7314 926 43
7876 590 5
3102 194 20
8758 647 66
6155 494 11
2144 34 52
1896 861 5
924 29 44
6745 115 11
7138 374 1028
5414 424 31
8911 517 89
7917 376 48
3289 918 28
7467 880 16
1365 534 17
1755 10 47
2141 291 75
1554 741 34
6911 105 62
5384 932 28
6672 111 51
2904 386 6
1341 791 4
222 113 28
3330 587 17
5687 520 83
8913 130 52
7 819 50
3024 146 21
6969 490 4986
6024 326 8
3095 613 4
3884 640 25
7122 941 83
1875 427 42
1226 667 13
4125 788 36
6076 239 53
8980 34 51
342 360 20
7656 151 14
963 710 37
7101 53 39
7393 703 9
8223 947 64
6988 935 15
5629 822 7
3318 711 23
7722 7 8
7257 291 47
2852 659 6
1798 79 10
9012 368 7
6169 375 18
3870 34 44
3013 946 19
210 742 5
3509 71 8
8911 636 10
8035 518 9
6256 590 7
2862 931 38
6165 437 46
6775 869 21
3121 816 33
1965 873 4
7702 727 6
7319 764 20
7032 501 60
868 242 9
3075 158 6794
2362 387 15
7622 872 25
1377 10 26
8290 360 21
3661 891 7196
8234 505 68
366 818 41
4750 278 15
8847 722 13
8830 736 36
3534 721 11
5466 433 5
801 682 76
8940 873 10
608 692 43
2396 338 11
7414 597 15
7628 587 1505
1919 737 5
220 515 41
7355 49 19
5215 724 37
5203 105 51
3283 777 46
8470 484 7987
1321 556 40
7002 281 8
368 270 16
6390 279 11
5308 48 32
1632 154 40
6979 80 4
8043 675 5
1816 192 22
6410 180 25
5815 390 13
400 769 36
1405 954 31
8075 491 36
2405 699 15
8789 304 60
3545 619 3572
2037 683 44
4957 439 32
5228 195 22
465 675 2
8861 766 7
6104 258 50
4333 820 31
506 772 20
1264 591 13
6253 139 29
826 124 51
5888 605 24
2863 276 10
2922 822 8
764 653 37
8400 683 30
3977 837 65
3287 919 38
2883 681 14
6742 410 54
5651 920 42
7750 292 10
7488 154 45
1908 719 10
8691 413 23
8254 593 27
6063 816 29
6838 121 9255
2617 832 4
760 472 33
7212 51 17
3343 644 23
427 23 52
270 151 19
4839 840 81
5246 930 10
7698 569 7
3513 946 36
7205 908 6
6682 693 5
5450 444 6
4710 412 66
5786 394 11
783 759 6
6497 99 4297
6065 317 5
2749 593 41
3069 945 59
74 803 22
3897 25 23
7997 230 4
3594 167 12
5246 215 34
3193 220 22
3124 185 19
2778 100 21
2354 492 4
8936 294 64
8211 403 10
2768 888 43
2972 778 24
511 47 10
3676 344 12
1076 189 31
3046 841 45
2283 89 5
4188 651 12
1950 882 5
5144 426 26
7898 110 12
2200 195 7
1210 116 3
6652 597 18
8792 402 36
3769 909 27
8011 86 34
2437 628 74
2332 252 1506
3450 690 16
8220 802 26
7319 927 4
2493 636 1150
4980 774 8
7631 6 18
6205 478 21
3380 332 55
1537 623 40
1786 248 20
5782 142 29
4736 938 39
7527 314 2
565 256 22
5619 629 27
5503 942 15
6409 537 21
4372 302 33
2298 399 46
359 605 17
8962 516 70
289 938 39
3470 283 41
2053 852 7
2970 323 46
268 774 12
5882 785 18
2738 838 43
3189 660 3
1711 884 8
566 735 6
1970 609 24
5280 256 23
8784 100 26
8943 690 17
7945 531 3
2850 134 45
6752 528 11
7426 950 19
2506 779 8
3138 822 15
1718 504 9
6245 893 7
3498 811 65
5894 877 3
857 571 10
3390 305 57
746 859 11
5764 740 22
6938 150 32
497 783 12
7710 153 26
5906 725 6
5944 935 15
7287 240 136
1915 743 15
3426 428 7
5522 224 14
6632 272 2
1432 402 45
6897 604 48
5541 45 28
3524 523 7
2831 950 15
6693 352 21
99 290 25
674 768 28
5438 149 96
5314 774 14
6518 935 9
6407 325 6233
2732 857 64
2426 702 33
7438 438 21
4007 682 55
833 177 15
4190 899 11
784 884 5
3164 241 38
1740 38 10
7028 143 50
355 401 75
3807 150 43
2118 521 7442
5973 902 6
1119 24 7
6406 622 7
526 805 12
7116 696 4099
57 295 22
4187 133 29
4194 600 40
4707 78 42
8546 353 40
5294 941 84
2763 236 5
7069 813 21
5196 13 9
6705 728 4
6356 400 6
5245 130 56
6098 15 54
6913 735 5
1517 187 36
6581 592 20
1946 826 17
628 957 22
1305 222 8
8112 241 25
3417 908 7
8986 724 33
6767 796 24
8686 379 24
3 526 60
4689 616 69
3229 882 13
4784 270 15
8178 555 58
4685 83 14
5038 859 5
199 88 7
8307 679 10
4593 371 10
3166 401 97
7407 764 20
5596 703 7
3313 854 4634
5537 725 3
5395 324 60
1064 168 10
688 187 50
4322 942 16
4536 645 7
932 457 29
2974 578 8
607 290 23
814 327 26
6357 171 7
4569 618 22
797 638 29
2648 717 3
6168 179 77
3831 25 18
8583 303 4
1431 138 61
2255 83 14
1323 220 15
2684 675 5
3670 62 23
6308 101 36
4541 730 38
8090 600 23
1930 280 24
2231 68 20
8267 803 21
5164 530 9
1993 413 13
7519 780 6
6389 368 14
5737 196 7
2284 387 15
8860 246 4805
1242 454 50
894 715 5
7286 122 34
4130 304 8453
4552 544 16
5990 742 10
6406 525 25
3422 356 49
5196 586 28
5582 10 24
7957 495 20
3878 527 5
3201 519 4
7548 99 15
2459 808 14
5289 445 18
3756 414 27
85 861 4
4728 204 16
8670 686 24
1524 943 5430
3507 638 52
2232 513 7
3498 924 13
757 467 40
2957 40 42
5127 413 23
1813 382 27
8716 763 5
2682 496 2
6807 517 55
4949 371 12
6515 33 26
2006 653 63
261 363 7
4686 868 47
1169 858 47
7913 561 35
2510 24 6
1595 510 21
11 3 8
4756 365 24
1814 380 33
1750 501 85
2817 608 40
2265 144 8
4964 837 7784
8044 748 38
5649 212 3419
2989 519 2
2758 419 7048
4030 747 51
8381 638 63
147 689 7
3036 429 28
171 374 6
9004 697 72
2854 94 56
2201 264 18
5722 823 56
8208 269 4
4861 37 8
776 461 28
8669 619 18
4245 747 52
2822 673 59
4351 477 10
8643 480 12
7668 388 40
215 555 53
4720 270 16
7351 563 5
7307 331 9
2172 602 10
469 632 23
3905 563 4
2394 464 20
551 726 16
7096 657 25
52 252 9
3801 532 59
1776 941 62
3490 372 14
1150 295 26
2927 932 52
8029 833 36
2428 73 10
8974 164 82
8367 142 51
3332 288 34
1064 912 27
7606 358 5
1625 614 26
8214 420 31
6772 850 20
5890 135 30
4523 89 5
2007 146 24
7684 954 24
6598 821 23
2253 141 3617
1147 88 3
8276 246 42
2657 853 10
1568 951 4
6318 936 31
5895 595 35
7082 50 45
7639 442 7
5016 930 14
2651 626 18
8240 40 24
4446 442 8
4184 491 44
4390 923 17
1409 373 17
6900 13 3
17 497 86
5435 695 23
5591 386 5
326 140 31
6864 848 15
683 689 19
4873 42 22
7228 565 10
996 230 5
7475 402 24
4881 596 33
1864 294 30
4124 753 48
5205 396 22
7434 236 15
4879 78 35
4901 754 29
2702 44 13
4098 592 11
4876 113 32
3640 900 8
4792 38 6
5916 12 42
6994 761 15
6887 697 32
648 386 11
1087 165 6
1032 331 10
5896 700 31
7169 183 61
3591 897 11
4606 157 24
6391 736 29
5439 397 9798
5528 404 51
3436 126 24
5640 217 28
8582 57 31
6903 480 7
3215 839 26
178 806 14
5527 685 32
3018 809 15
7782 476 27
7195 30 7
232 5 13
5399 806 16
4339 802 22
6752 712 22
8117 369 4308
4885 47 13
7497 705 28
5369 432 66
945 102 20
5117 577 22
7261 104 34
2607 462 36
7924 311 14
6377 742 8
5859 184 12
4210 502 34
2402 444 8
5908 316 5
4597 471 21
842 233 35
1117 211 29
2507 101 39
6687 24 3
3256 269 3
4899 25 3852
5409 789 46
3644 881 62
230 92 27
3706 752 8
4222 590 9
4984 769 25
3954 446 8
3699 646 66
8009 717 4
131 243 11
6867 143 8912
8291 614 20
6272 249 15
4059 820 33
2304 720 22
182 36 21
1098 881 52
6922 584 18
4731 138 70
106 818 54
2578 900 20
6501 311 20
1899 874 39
6753 764 20
5613 135 20
2886 50 28
4768 847 42
4921 699 17
8361 196 8
3325 295 18
5313 849 53
7256 100 12
795 275 11
8916 1 25
2146 100 16
6332 441 9
8028 425 6
4208 665 6
6119 740 38
634 56 31
7442 280 41
1954 762 10
709 422 9994
3543 615 54
1208 682 102
4439 504 7
7727 369 18
6965 44 11
3217 777 38
8045 297 29
4883 836 38
7934 601 32
3500 519 2
3735 750 3801
6386 294 65
4257 87 57
2650 28 45
8790 321 4106
727 555 4624
7110 44 20
7920 832 9
5608 612 14
4630 652 28
3523 29 29
2167 638 32
6033 156 7
7994 80 9
2042 877 4
6044 5 15
848 20 2
2994 655 22
3746 893 2522
4330 309 36
707 557 16
19 116 6
4434 424 21
5554 422 25
6000 464 12
819 688 5
1231 339 28
5171 788 29
5924 201 5
3802 784 57
2706 519 2
4275 449 37
8879 292 8
5854 92 35
7793 751 14
6741 338 11
7999 914 18
2078 85 16
4869 765 31
7956 444 4
3662 480 21
345 384 18
902 851 7
1506 163 10
3998 65 16
15 469 29
6913 411 21
2643 205 51
2887 213 39
5679 660 7
7464 356 60
7434 293 24
1920 659 3
8087 800 36
7502 257 21
6004 304 66
2501 659 5
8244 454 44
4148 364 19
3649 721 14
7003 36 24
5013 671 9
3520 252 9
451 382 26
6259 437 50
7990 270 24
8865 336 17
529 152 78
3225 875 7
6886 452 1
7371 712 12
3064 390 4394
3506 376 49
921 647 35
562 182 3
4962 846 9
3342 294 58
6709 200 36
7146 926 28
5049 930 15
3150 705 35
344 69 6
6251 361 3342
7620 796 41
1874 424 19
7328 585 14
7421 282 3
4206 165 9
6060 787 5
1896 937 43
1201 509 101
8934 416 24
8585 259 7
6959 542 110
1685 477 11
6018 888 39
5795 746 25
4186 136 39
8905 573 6
4907 472 8040
3183 104 55
8871 671 8
1996 671 13
3109 255 13
3795 561 35
8139 163 12
1222 118 38
3976 638 44
1129 845 22
8373 106 11
6714 868 48
6893 72 22
1811 646 37
6801 766 13
8949 317 2
2932 715 6
7027 163 25
6355 480 14
4671 341 8
7988 508 5
6056 801 69
830 763 3
1268 469 6681
7311 24 6
3550 865 63
4866 604 66
2607 750 24
4387 388 20
6361 638 25
4835 42 28
2662 223 12
5923 486 4
1882 271 18
1092 732 21
7343 562 14
8722 663 21
858 456 42
3734 551 19
3612 767 7
4371 883 39
4142 41 6
8692 881 6974
516 340 6
4218 135 20
5585 664 18
4407 615 31
6055 833 19
3735 6 4751
2547 252 6
4744 67 32
5646 757 45
8635 366 37
2870 605 17
5844 740 26
4050 225 6
6815 742 7
5539 844 4
320 128 22
3708 937 56
2846 285 4
8471 896 62
4587 343 6
4598 303 5
870 359 18
7638 178 24
1221 96 107
7445 828 13
366 343 8
2199 469 28
8 939 5673
1785 781 13
5753 576 7
2037 557 15
1976 358 4128
3912 627 8
8221 281 4
5295 481 12
4297 673 56
3108 364 25
1033 387 8
3639 317 3
3590 944 39
2309 362 11
3098 67 37
1778 919 8040
3517 269 2869
5961 638 28
3360 450 50
5791 594 19
6227 8 3
2374 812 58
632 643 23
951 83 10
7809 131 7941
4402 299 7
77 895 3308
5440 342 47
137 84 3604
4460 722 28
3302 773 9
7929 667 15
459 813 30
4794 807 28
3184 532 26
3822 99 11
437 277 6
8150 294 38
6199 141 5
6163 330 11
4913 406 4
6811 406 4
1205 796 27
3119 403 9
278 508 9
3682 694 9
6641 948 54
1934 876 20
6184 403 7
2459 71 10
8368 516 21
5544 857 74
7605 761 17
830 720 11
8776 752 8
7990 885 16
7219 154 23
2049 378 5
4417 37 10
1692 709 11
2667 277 7
1928 709 20
5121 65 17
4577 117 22
4778 37 4
1161 288 40
5214 277 6
8443 470 22
4919 446 11
6316 130 23
8633 76 20
4430 932 4901
3311 128 18
5569 715 3
6073 206 16
4507 914 18
4897 638 8247
8284 587 14
210 327 23
5788 91 29
564 935 2358
4930 878 42
772 3 8
8639 410 44
4457 271 58
8203 373 24
5899 64 35
5996 577 38
678 832 5
2249 139 44
556 365 36
7499 678 31
7811 268 5335
4617 662 35
5755 297 38
4897 282 1240
1510 181 17
2438 607 43
2978 281 8
1274 63 10
6345 244 33
6690 650 6
6266 418 18
1972 442 7
7535 25 24
1246 11 24
7325 627 11
2271 645 15
8631 365 39
1817 422 25
3835 274 50
4862 495 9
4900 881 25
3383 487 10
3738 56 30
3773 855 16
2490 868 49
3480 226 39
3607 79 11
1499 373 16
2753 403 12
2276 538 43
7611 541 7
6507 867 36
1014 514 40
4039 360 34
349 417 69
802 601 23
1929 808 25
6637 937 34
7966 816 29
5351 142 52
6557 494 11
4802 656 26
3558 31 74
869 152 70
5888 561 50
6020 26 11
6447 399 34
2415 95 17
3751 917 12
4055 268 6
5977 850 20
3621 942 16
6488 852 6
6555 293 34
1708 939 29
4911 573 13
2000 292 2325
8495 815 8
8303 876 31
1153 488 13
2973 593 15
4074 687 9983
1519 927 3
8635 637 18
3004 749 19
3956 868 43
2521 684 19
6420 516 44
2822 625 14
6737 791 5
7857 115 21
5097 404 49
6741 230 6
7971 417 43
971 951 6
4715 907 21
5754 268 6
4360 793 23
6806 103 71
3452 432 7594
3203 668 51
25 722 24
2949 823 50
7313 230 1416
3511 492 4
2130 797 6
7701 470 14
6076 312 15
724 377 13
2544 434 6
2387 233 26
8614 776 9
3042 453 10
3945 869 10
8101 867 37
8083 339 33
2722 653 38
1955 205 76
737 546 14
6980 673 75
3170 486 2
2413 364 13
5115 690 15
7770 275 5
7567 339 37
3051 709 10
4368 285 5
2920 608 55
5427 256 22
2405 348 35
7845 634 9
89 577 36
8301 862 23
5412 86 22
7923 266 6
4721 365 25
5143 148 11
3662 940 5
6136 14 10
1987 696 19
3495 233 34
103 613 8
8764 243 8
4191 64 57
7214 244 54
2162 274 27
1315 231 11
6953 575 51
3890 24 5
8805 451 33
5241 844 4
2804 506 33
7413 598 8
389 518 7
4872 779 21
4461 694 12
8509 29 47
4375 870 16
6822 552 15
7532 344 13
6754 31 45
6419 405 43
2900 902 15
7023 817 36
7452 61 10
5323 98 18
2308 932 52
335 243 8
9014 191 35
5536 607 46
4037 643 25
2235 512 27
6436 275 6
6999 117 40
6086 558 16
4177 338 3
3217 942 13
1458 808 2809
8324 78 47
1199 847 48
7293 740 14
4570 445 11
4202 100 14
6334 426 12
6071 730 30
1549 906 26
7554 667 12
7768 861 4
3005 83 23
1659 489 13
5133 211 22
3823 679 22
6928 817 24
4902 584 23
2327 553 9
7039 487 10
3437 914 7553
1992 729 72
956 817 54
7417 256 27
6683 62 14
4036 75 11
4566 820 30
8429 628 55
5568 67 7468
3847 579 55
448 557 12
137 306 2276
8713 312 22
4351 17 40
5038 515 32
5515 118 43
5496 508 4
1010 132 6662
6731 519 2
8811 747 54
1100 38 12
5473 143 32
1853 474 15
7826 766 15
7443 912 25
7914 302 27
1653 688 12
2771 409 22
3681 873 5
1752 945 63
7024 212 24
3350 186 34
4918 667 12
5138 366 52
835 598 7
1484 337 12
3885 31 70
745 550 34
6920 931 40
6821 39 31
8824 872 24
6344 267 4
2883 446 4
3232 136 32
4423 286 43
8594 396 53
509 442 7
5686 952 12
5566 921 47
5435 919 61
7351 950 20
7323 737 2
6340 948 4103
3238 925 18
2753 943 36
6315 944 31
2710 822 16
1394 273 23
5469 156 1968
3792 192 27
2136 894 38
1698 418 19
6645 835 23
3208 499 3
1085 55 32
6787 596 11
1462 58 17
4867 901 32
7118 800 23
1584 804 22
7492 157 22
1639 485 3
2398 685 4238
8940 476 58
332 673 45
5227 930 6
5263 350 2418
8194 336 30
3821 643 25
8431 224 17
45 122 39
3466 846 10
8225 11 22
444 676 9
5151 170 24
353 784 53
4220 201 7
7685 143 55
3536 706 7050
5669 632 23
5459 845 23
7275 172 14
4458 304 43
4819 632 22
6078 780 5
6050 502 45
1383 749 19
2297 494 3319
4850 407 10
1243 31 48
813 741 47
1373 873 6
4274 503 15
1635 253 10
414 954 45
8851 522 55
5956 596 41
7363 465 37
8882 612 28
5758 227 27
5295 36 18
4460 317 5
1177 332 48
5167 914 11
4951 408 14
375 637 9
7276 747 90
608 786 8
4711 541 2305
4862 760 26
8954 791 3529
2024 595 37
7120 710 42
505 29 49
5437 700 6427
5371 716 22
8899 681 18
1689 146 19
7566 659 7
4350 499 4
4692 154 38
131 424 21
8912 574 52
4482 73 7
1648 784 47
2410 663 67
6941 336 18
2450 458 37
3189 523 6
6488 549 34
372 243 11
2297 177 4027
375 242 8
6740 90 24
3656 874 61
4661 386 6
3577 826 16
5385 233 39
2991 809 20
2079 162 31
790 344 12
940 635 14
4924 32 17
8924 536 11
5281 905 11
3898 33 30
4030 222 12
2028 624 43
7192 554 28
1069 459 35
5046 913 23
3107 520 9971
1688 199 23
7782 780 5
2065 144 3342
4144 407 14
982 374 4
4634 957 12
1454 953 53
3233 862 36
7430 789 51
6761 156 9
6621 614 23
7326 301 8
4288 348 31
3795 605 18
3138 272 4
8446 858 37
7453 280 22
8531 354 9
6030 937 41
7509 65 13
5971 747 108
1273 413 22
1050 906 22
2872 106 13
8883 84 14
1188 110 9
6723 867 33
7873 323 42
5191 538 30
3203 426 23
7021 194 17
3578 425 9
7264 280 9271
1182 756 9
3962 115 18
3040 337 23
984 945 90
7905 176 4
2107 173 40
5317 236 7
8103 126 26
8127 153 24
5072 159 20
7952 102 23
4734 130 35
6954 855 11
4717 226 26
4336 268 16
6373 24 3
4115 225 7
5322 49 33
1670 45 25
85 937 31
3308 882 18
7561 939 22
6032 711 21
6616 574 52
1826 350 4
4419 247 20
1363 862 16
8007 238 7
5630 601 10
771 220 20
2713 26 12
4129 41 3
5149 493 21
4145 778 31
7326 569 6
2123 821 20
6922 823 38
3436 254 8
5753 440 26
7084 447 26
2943 122 24
3904 22 11
4922 907 15
7307 39 22
6143 139 27
7928 354 18
1673 485 1652
8212 841 34
5230 394 14
2728 10 43
4980 513 6
1080 138 6837
8923 430 18
7227 585 20
8284 568 45
3753 186 30
1748 819 73
848 90 11
8624 529 46
7624 249 11
3694 342 40
5038 109 15
4858 427 45
3743 262 25
3283 371 9
6267 87 62
8924 445 19
6464 608 39
972 958 17
5912 865 37
8718 761 19
5266 155 12
9005 557 20
8665 956 36
3339 770 18
5588 651 12
2358 163 22
5010 721 15
4400 408 27
1784 377 40
7311 358 11
6291 471 12
8378 372 16
3687 92 39
5937 51 14
6634 504 7
2576 532 54
6270 544 13
6366 222 9
4024 567 33
4876 464 14
7904 15 20
5743 916 2693
8012 844 7
653 873 8
5639 909 16
6211 347 12
6816 46 31
1638 258 8347
5836 567 36
7128 472 33
3571 348 53
577 741 55
1047 922 6066
4532 872 22
2614 10 17
653 476 46
1189 129 7
5269 506 54
3977 489 19
4733 715 7
1611 257 27
4437 756 9
4610 329 60
8514 89 6
1367 15 62
1508 155 22
1238 720 11
7501 511 24
1292 211 19
8576 946 3431
1978 123 16
6158 651 17
2894 226 53
4109 841 31
4411 948 32
4656 408 20
8553 289 19
6356 44 26
7787 96 66
7337 402 44
5746 777 21
3538 548 42
5720 822 8
3711 394 13
3937 940 2
1047 642 3710
8913 544 14
1971 614 22
6281 150 17
8810 229 5
5812 898 22
3340 732 32
1363 484 33
2273 508 4
904 179 48
4633 852 7
8660 771 32
5184 755 3576
2518 900 20
3174 645 24
58 645 6
905 581 8
8981 585 7
887 566 14
4101 195 16
6961 570 16
4573 346 2911
7003 104 42
95 730 28
7064 60 27
5078 121 54
5589 778 30
6647 337 15
430 61 14
8359 119 10
8442 810 16
488 98 4
3362 239 58
7270 532 26
9013 854 32
4046 816 31
4488 442 4
3136 461 28
8586 775 5849
675 311 9
8763 332 56
521 824 31
1969 469 18
8719 859 14
1755 357 22
1435 293 10
5016 215 42
6935 519 2
3776 196 8
3039 344 14
4315 517 101
843 212 15
4517 683 43
1263 666 11
4419 426 31
7237 779 12
930 802 31
6652 608 38
899 691 3702
803 847 65
3304 558 20
7155 919 52
3609 52 54
6177 345 9
4859 917 6
7817 331 7
659 12 24
6011 609 33
2117 129 22
730 955 21
6321 718 10
3473 608 26
8914 729 37
790 641 30
332 625 12
7679 126 31
7289 648 23
8515 913 7729
2158 764 30
1347 57 23
1872 516 36
7621 649 98
6186 749 24
1844 514 50
7093 512 42
8568 718 10
3697 769 38
5637 834 25
1322 121 74
525 647 9838
7057 82 41
7850 474 28
5534 227 25
4901 406 12
4733 893 8
7459 844 9
5548 760 36
7166 52 25
1467 133 32
7018 728 7
8351 44 19
4694 918 34
885 926 31
4534 634 6
8418 351 5
8782 490 13
1686 794 62
7993 764 21
5101 879 14
1121 523 5
3305 455 28
6900 16 6
3535 18 44
77 28 6911
8299 551 8
6748 183 24
3364 944 41
3757 906 26
46 35 40
4808 85 10
366 202 29
4931 107 17
5690 690 10
3716 138 88
4011 419 30
8971 897 16
2609 817 43
2957 58 31
2663 782 21
7487 202 4733
2090 861 4
1512 701 20
3345 711 39
7910 76 22
2454 279 16
5455 764 25
7574 753 64
5731 522 58
3646 428 9
7690 125 81
6533 399 45
3129 417 6708
7704 797 4
3618 249 19
4970 138 68
2051 323 40
503 21 11
2833 659 3
4167 833 34
638 904 22
8545 166 53
2632 564 13
5283 821 37
6285 629 5267
3896 757 58
2418 628 48
861 295 24
555 8 4
3248 454 35
4501 292 9
3502 660 3
8304 103 54
1946 687 63
369 641 46
1968 543 21
2378 762 7
6774 711 52
3960 260 30
2004 300 69
7149 390 18
3861 749 25
4678 628 57
1197 75 6
5322 494 18
4272 379 38
1536 207 8
5613 492 7
8525 750 15
3099 686 22
1293 468 70
655 945 70
939 800 42
2136 246 32
5014 701 8633
4009 938 67
2162 778 14
674 645 14
8592 124 53
1232 889 7
1980 380 29
4751 490 21
3855 474 26
2568 665 6
6280 131 32
404 66 9
5160 367 4
2401 552 20
6557 49 22
5797 61 23
5293 938 76
7780 340 11
3721 251 72
549 372 13
8916 529 45
950 640 47
291 82 33
6638 288 8390
5170 663 56
1288 379 38
1661 108 20
4385 594 9
310 174 48
3775 592 21
2247 848 20
3361 296 23
1614 498 22
335 424 18
1734 732 9019
7291 616 88
6478 531 4
1894 722 13
5891 943 22
1558 5 27
4606 634 6
3900 607 42
4300 828 8
3578 447 18
2539 427 24
7397 572 17
4684 244 25
7226 892 66
6192 293 10
3194 552 28
7379 321 33
2725 524 28
2925 824 19
855 664 7
2932 893 7
1882 27 3
4332 856 49
2723 763 4
7992 650 3
794 325 38
7759 570 16
3107 204 2827
5403 196 7
7416 6 24
8604 885 19
2587 61 10
4604 575 56
3615 616 69
7695 44 14
1621 580 7
962 543 7624
3075 335 2585
5769 744 11
6807 456 24
4373 234 14
1250 622 16
7932 679 11
3757 835 34
3463 885 2146
3456 397 13
3057 276 20
7552 567 79
6340 739 8841
8760 874 8124
4009 685 31
4664 609 22
6827 527 4
4440 391 15
5345 591 12
7494 328 28
4034 706 54
3512 532 41
2427 47 13
1661 193 17
1135 713 3
5865 277 7
294 487 15
1640 441 12
8988 23 26
6247 130 25
909 528 11
4740 365 15
876 939 21
3992 746 28
804 670 24
6784 344 15
5024 250 27
2054 569 9
5306 521 48
1173 234 18
7482 105 46
5297 843 18
379 342 41
7225 490 18
5826 647 61
8650 882 7
1729 90 20
7767 475 31
3423 47 10
5549 795 46
5063 116 7
8073 460 36
8267 420 42
4022 152 74
1907 673 24
8697 131 36
1465 127 7637
2744 949 18
1695 345 10
3395 816 19
8145 709 26
2035 56 24
3064 866 6501
7187 677 21
453 809 13
527 658 5231
659 87 41
1608 901 48
424 741 35
4532 590 5
1312 532 24
7972 161 60
24 512 6713
1248 254 10
8560 361 17
2361 321 23
7578 929 24
5503 777 43
5666 442 4
8155 947 51
5091 633 23
6860 692 92
319 694 14
6711 348 44
2579 696 16
6679 434 10
1268 285 1245
6126 933 24
6661 291 8039
7989 501 35
887 294 47
388 630 22
1915 75 11
3296 159 10
877 857 60
4038 219 17
8707 372 5642
934 879 14
1716 867 18
1975 167 13
8070 821 41
5206 958 22
8063 99 17
8848 17 45
6575 800 67
3972 508 10
8271 127 43
2050 112 19
2114 128 21
2703 468 80
8505 308 31
6386 191 24
5174 625 10
2706 375 7
5356 25 22
5622 29 33
2 278 17
3427 593 14
7067 799 8
382 814 10
7643 270 25
5438 357 17
7334 160 28
4396 706 72
8968 33 13
8051 51 17
8255 110 14
5309 195 10
2178 92 31
2633 376 28
6988 207 14
6498 222 16
524 698 41
8602 533 6599
173 257 55
5132 592 25
8246 545 64
3734 743 9
4519 33 4868
2139 492 3
5108 561 52
8846 950 15
2016 268 15
237 489 29
2004 854 34
976 867 2888
2461 573 10
2676 8 3
5344 172 8
5667 880 27
4846 872 35
3235 64 56
1021 189 19
1130 481 16
8649 716 18
6216 384 18
5035 759 1095
7025 880 30
5716 601 24
1210 269 3
4896 744 11
4304 540 31
5359 219 7
6674 728 4
1572 501 49
7995 703 15
4324 385 12
6190 109 27
5896 38 10
5096 656 25
5240 485 2
6500 817 26
6761 303 8
4377 794 55
6794 282 13
6888 377 22
2070 143 33
5228 801 71
6923 607 34
5231 477 6
7870 947 86
7667 765 18
1675 516 62
7666 143 44
250 276 28
4679 199 23
3280 525 31
2757 367 11
1282 500 65
5979 651 24
3332 875 11
356 157 24
947 891 10
2184 251 8658
1133 729 71
7737 181 36
8250 283 50
6654 224 12
2748 513 2505
8503 679 11
2675 203 65
5122 713 4
7802 291 90
177 152 50
5596 187 25
1313 491 51
4863 703 10
2520 530 8
8323 898 13
6769 533 20
3838 857 34
4791 695 9
8262 395 25
7888 308 69
3044 76 11
5309 423 7
8339 642 16
150 89 3755
2366 249 11
7550 740 30
4395 661 51
4582 308 54
56 848 40
716 413 28
8729 326 10
8190 428 10
1668 311 11
3055 623 54
7631 462 21
5414 243 17
7983 449 52
7024 217 63
5470 133 39
6944 253 29
5817 683 52
4155 269 7
1842 518 11
4843 528 11
7224 796 41
6213 424 26
6545 947 44
5162 2 28
6342 668 39
6163 74 20
8643 940 3
6240 49 27
7618 123 33
5132 74 48
5462 484 59
5249 633 37
7604 0 34
3913 345 4
6700 775 29
1337 596 13
3757 838 81
6201 873 6
488 354 9
7611 107 19
2502 618 16
6391 188 11
2091 535 19
3018 435 25
5661 92 6854
6872 8 2
6647 448 5
1719 698 53
2582 54 15
8751 316 9
2727 644 46
3982 662 12
1361 51 16
3424 17 22
6164 472 21
3708 861 7
5935 334 73
8091 934 27
5426 931 57
913 106 18
964 868 8476
1595 121 66
4068 176 4
7418 240 111
4559 815 23
2208 640 52
1769 115 11
2434 535 16
3387 29 9788
6255 847 37
4807 120 16
2083 472 40
721 915 24
6082 831 43
3809 833 8704
5786 168 6
1876 897 3804
5252 461 22
514 95 8
4937 666 19
5268 735 7
3837 714 7
3994 643 34
5062 514 56
2322 474 15
7462 410 32
1969 285 3
8579 384 8
8818 485 3
5622 66 7
5828 90 24
1588 143 27
5818 78 67
949 584 19
7601 929 23
4042 719 6
501 378 7
5999 777 13
1883 740 5925
2169 566 15
7426 563 5
656 300 57
5132 330 22
348 302 17
4080 85 13
8270 908 10
6597 877 7
7676 822 8
2017 583 11
640 36 34
5902 935 13
5685 892 43
7037 554 35
2947 436 20
6095 203 37
8270 225 6
5796 786 9
558 810 15
5527 938 59
3486 830 44
3551 958 18
2546 557 13
3702 698 35
8978 566 16
2564 887 32
4728 213 23
3980 903 8
1103 56 37
5636 773 2590
1369 142 63
6492 756 14
7624 40 24
8676 419 29
4724 90 25
7376 572 11
4843 712 27
1158 279 20
2478 238 4
3172 728 8
1298 162 16
4178 797 9
3835 778 28
6741 414 29
5547 889 8
2469 79 19
7138 220 4145
5985 388 34
6113 367 10
2275 276 11
188 395 37
4450 5 23
407 908 7
784 132 20
3813 479 17
8276 97 23
4871 113 30
3493 184 10
8520 680 10
2413 689 7
4925 371 12
8535 80 4
2127 16 10
8076 939 35
1713 874 47
5258 405 17
7116 266 1421
1425 453 9
8320 652 48
1977 793 63
3068 701 28
6502 771 60
8920 778 3549
1972 354 21
3408 719 12
2244 324 60
1308 677 39
5065 608 30
3987 120 28
625 847 44
3239 648 26
812 692 55
7075 905 7
1150 497 52
2459 324 48
7830 435 7442
4021 308 52
5652 742 9
744 904 11
325 805 4
661 233 25
1737 197 9
7760 542 105
2855 299 7
4814 162 19
8735 490 17
1081 690 11
8596 42 24
8765 252 4
6029 794 7949
4546 518 6
6422 220 16
3794 758 9
7412 933 22
3805 590 7
6316 544 6
748 483 26
5267 518 9
8973 279 17
2819 212 30
3261 540 28
4966 224 16
3728 164 47
2456 314 2
1692 622 6
5881 245 24
3040 448 8
4513 462 21
6708 569 11
2801 375 15
2247 895 14
5471 891 22
8096 852 9
7112 35 25
3324 756 6
4105 147 55
6680 795 33
4136 444 7
3442 651 10
4739 523 11
8115 612 12
6310 140 36
4709 884 6
3790 353 30
5748 198 8
6387 792 5
6230 390 17
1378 729 69
3534 829 3
7955 850 31
7383 49 40
8870 464 6
3800 860 4
5637 885 10
654 594 12
1637 320 37
2382 702 44
4489 494 13
134 611 26
4696 607 29
6494 940 5
2661 729 58
4105 736 32
5750 461 4680
7738 74 59
6483 177 19
5366 302 43
6273 814 12
2554 567 75
776 531 6
4611 615 27
2510 358 10
6510 299 11
7723 497 78
2824 417 55
3773 766 20
2795 87 81
8321 496 2
329 122 38
8054 777 22
4474 376 40
5404 664 10
5523 541 4
1907 625 6
7716 161 34
7223 723 16
5865 272 5
3347 356 42
2786 488 11
5537 314 2
4420 203 42
2969 429 32
7046 166 20
7033 392 8
1645 351 6
8964 672 11
7295 846 10
1575 170 30
3958 425 12
2826 16 14
1868 90 11
2432 434 11
5283 235 100
1002 825 12
3854 955 5631
4112 556 20
811 811 53
5680 900 21
1739 525 27
4781 836 54
7590 259 5
8069 113 23
7248 171 7
565 918 38
8182 677 27
4586 953 49
5116 874 43
5734 287 36
3060 600 38
4894 716 4524
7078 350 4
5528 832 6
3573 46 79
8409 186 24
251 376 22
575 462 29
7894 250 40
8611 545 69
8142 600 25
8013 914 10
7834 640 22
1975 428 6
4806 709 25
4430 682 8901
6797 711 42
8349 937 24
4723 487 15
2748 388 8176
4570 536 7
959 813 51
6529 891 8
7884 545 72
2565 884 8
2420 377 13
2933 846 17
3736 83 14
6489 410 37
7358 108 25
480 265 62
818 719 8
1732 828 6
3883 314 2
721 726 28
8237 217 52
5771 333 20
6456 544 8
6398 291 86
8343 546 15
6365 100 23
5058 395 24
5805 411 43
3483 923 8
5931 545 28
7183 20 4
7934 487 15
8734 955 23
3463 270 3518
2228 700 37
8702 341 13
6825 140 68
2865 209 57
5417 619 16
6362 480 6
8559 886 44
8067 488 13
8316 892 42
3744 48 35
4144 582 25
7070 215 64
4998 72 17
4281 233 28
4812 774 5
2937 899 6
3317 387 14
4341 837 93
5841 687 60
5950 643 7477
28 650 5
7806 608 21
1482 727 5
5101 307 16
6629 599 10
8942 741 44
174 497 100
5150 883 19
5152 498 14
2381 190 21
7219 518 6
6282 269 7
1794 913 9
5803 579 39
712 381 11
7145 606 13
3847 572 16
6403 84 20
2250 830 46
7416 750 20
1424 137 7792
3382 383 10
2300 442 12
3105 379 7344
6556 438 28
4443 16 6
5991 246 18
1546 774 9
2266 883 19
642 23 8322
2232 388 21
2541 143 37
6176 116 3
6964 746 21
5234 359 9
5232 520 47
3533 201 8
993 267 17
1070 772 7248
3895 271 43
5273 253 14
75 745 22
7273 722 22
552 657 57
3062 878 35
8731 634 7
7178 421 2
3142 689 11
1811 94 37
5124 442 14
7839 26 24
7648 233 24
4929 146 8
2831 563 4
1290 326 7
7782 873 5
6217 775 46
8351 543 29
1879 824 43
4797 347 23
1356 639 26
3090 773 10
2482 712 24
8844 242 13
400 578 6
3932 517 102
7468 809 13
563 770 28
7601 62 13
3667 870 13
8648 515 46
756 796 38
7825 786 9
1413 547 110
3845 661 59
3136 150 37
2466 591 14
6425 621 7158
7212 896 55
396 62 13
8690 419 58
5403 673 47
1724 898 26
8548 708 26
7383 177 21
1602 771 4698
185 229 10
253 647 60
514 738 21
4659 381 8
555 273 24
2249 284 95
1091 711 60
873 757 34
6201 780 7
6227 889 6
8371 881 56
2095 731 33
5649 443 3938
4817 235 44
8274 752 14
5181 852 10
5000 863 14
3804 890 24
4287 607 8765
5397 917 11
4866 262 22
4991 377 42
7374 271 35
5753 751 9
3082 238 4
3341 675 8
5531 585 12
7851 255 11
6267 319 47
8568 682 40
2617 404 33
2762 181 41
3319 22 7
2132 927 2
7797 827 19
5862 723 5
8727 534 21
968 504 7
6879 494 13
3654 555 48
488 442 3
6460 188 9
4808 907 18
5103 77 23
2133 804 28
6633 874 42
3398 342 37
395 373 20
6701 555 35
8616 805 11
3779 46 9958
2525 400 3
1752 707 17
4069 583 16
385 792 8
4795 626 15
5829 577 39
1824 780 7
3849 266 5
1884 687 30
2702 400 3
718 107 29
322 573 10
6247 544 7
6842 644 35
397 399 80
1408 161 52
8099 535 3627
1164 650 7
4520 133 47
3393 951 3
8438 466 45
6945 742 9
4677 552 17
4986 336 29
6536 793 43
4230 616 92
3771 336 17
994 824 30
2005 200 43
8617 126 32
8708 49 33
5556 375 17
5353 533 16
6435 871 27
314 610 10
8187 626 25
6864 895 11
6544 911 11
7754 493 21
82 455 33
4358 487 19
2245 631 17
5026 624 60
6496 378 5
6177 888 48
6635 737 4
3522 940 2
3553 218 7
7592 285 3
3065 393 108
4125 124 85
1919 891 19
3336 450 29
5658 619 18
7020 865 8517
7536 825 11
4134 178 9
7739 788 35
3600 574 18
4054 569 5
599 111 44
8244 756 8
1775 499 5
7912 364 10
5623 366 34
2774 384 10
3798 904 17
4793 695 20
6854 821 29
4806 622 13
1350 560 62
2178 458 22
4175 439 25
1053 786 15
2120 373 25
1268 594 3687
2065 115 7467
7956 738 26
8489 603 29
5443 71 15
4327 631 18
8527 387 14
448 683 32
2331 396 39
3465 461 25
3718 358 12
1960 853 16
3970 667 6
3968 51 9
1623 578 3
1660 651 23
3030 764 17
4647 602 7
8693 267 11
1818 748 51
2935 293 23
4090 116 7
2533 301 16
7651 452 4
3609 509 86
8599 164 61
7810 39 33
3411 462 23
6496 132 19
4650 651 14
8958 130 36
1802 63 7
8053 389 12
3496 249 16
8645 307 9
4937 941 55
3971 32 19
8650 118 33
2671 483 14
6368 671 13
8788 79 16
1005 672 3011
1258 245 34
4774 569 8
8423 155 20
1495 344 13
4580 261 22
4404 496 3
478 73 1453
4560 69 5
4322 777 51
1823 544 12
1859 600 15
8861 211 11
3492 550 6955
3738 909 21
6613 805 10
295 811 74
3733 890 34
3392 228 4871
4414 23 32
7100 947 87
3501 663 55
5683 847 42
2357 875 18
5315 686 12
7961 23 33
8135 843 29
4695 41 6
2679 384 6561
4800 708 27
1522 946 16
4362 708 13
2853 448 6
4683 602 5
6736 421 5
7109 896 38
8976 410 54
8853 536 7
3198 494 10
4099 55 18
5325 704 4
973 945 61
826 788 27
3423 613 5
4771 717 9
134 419 46
317 252 4
1193 136 4592
612 645 7
4108 855 9
6889 63 11
8287 778 27
3250 366 42
1799 384 9
3989 572 16
4447 932 40
3807 461 27
6408 237 22
6062 478 30
167 917 6
978 694 15
5640 212 13
606 824 17
7607 707 14
708 862 11
6375 863 9
7381 366 22
5 892 43
5530 878 18
8964 464 10
4895 254 8
1139 320 54
2094 307 17
1200 292 8
7928 98 10
2386 296 21
5096 281 8
3887 877 6
8867 207 14
8668 760 24
4019 77 14
3640 88 3
6546 365 15
2653 217 47
3178 75 6
4585 787 13
2102 225 8
3361 606 9
6894 452 6
5448 75 9
2540 237 10
396 602 6
1215 164 34
2982 49 20
7663 217 70
283 357 18
6548 329 51
266 647 47
7130 41 9
2067 8 4
3391 713 3
1275 810 18
3451 845 38
8533 724 22
2663 134 34
60 723 20
558 573 7
5023 213 31
5118 448 5
7345 441 12
4111 772 32
7485 431 24
2707 373 20
2100 493 13
8119 875 6
757 316 9
2020 6 18
2367 292 7
4537 693 7
8015 53 20
6606 641 28
2824 807 18
7946 69 4
8908 305 68
3222 34 52
4754 740 18
4159 431 38
8402 353 24
3275 337 20
1935 645 7
3887 437 47
4384 422 17
2311 435 34
1761 580 10
2963 943 18
1541 713 4
4963 13 3
7180 852 10
3337 861 5
5043 335 16
4284 621 28
4247 878 18
2812 50 48
6198 908 11
2749 70 22
5224 311 9
1871 917 6
6387 604 26
2157 603 28
844 144 8
1553 422 26
6560 201 7
586 921 57
1304 495 13
5353 110 8
478 823 9744
5271 34 36
8736 218 19
3295 466 40
829 605 17
7406 108 35
2836 274 40
2606 629 53
4838 463 28
2644 710 4723
4347 197 3
6 115 11
4861 661 40
5922 453 9
3227 15 31
6867 192 4966
1970 46 51
5032 434 6
6140 63 17
7324 632 24
3848 407 16
8733 769 7664
3603 744 13
1094 36 23
7808 932 54
5546 695 21
8878 299 13
7167 246 22
2094 879 17
5421 634 9
3571 699 23
1788 549 55
842 99 15
6431 508 8
6868 493 8329
3104 163 35
248 457 26
6280 585 12
2172 929 33
580 854 53
5903 411 28
7233 397 28
1615 390 9
6610 103 19
7771 50 49
245 438 42
1961 899 11
6414 368 9
6459 689 8
6154 429 21
4540 847 71
6837 1 23
2138 495 9
5957 576 8
7646 66 11
8624 83 32
2185 631 31
3370 335 21
480 7 9
6266 45 25
3713 510 20
478 584 3918
8653 823 25
4699 474 22
947 737 2
6507 733 68
7881 951 6
22 822 18
8967 291 93
3514 372 24
2818 816 34
963 290 24
7008 502 8093
5279 379 24
3975 281 8
86 934 14
6679 671 16
7982 175 37
7353 569 7
654 469 23
7785 587 11
2200 423 5
8173 770 44
7699 223 18
5933 907 21
5873 409 16
8016 635 14
5095 621 48
3657 698 48
4605 758 3
3564 620 20
3443 33 33
1261 26 10
1279 104 7198
5958 852 9
2236 804 17
3664 799 9
1664 472 31
6357 375 18
63 36 17
6954 766 13
7844 260 19
8099 840 7144
3025 457 32
4041 882 16
2957 249 19
7765 739 57
4564 377 9334
1617 366 40
6092 60 72
5059 362 4772
4115 667 15
2672 370 13
2665 87 43
5293 685 36
1832 791 5
8229 741 32
8702 940 3
1753 922 17
6898 186 14
6854 235 69
2174 600 15
4443 586 8
2373 814 8
8377 503 22
2761 401 101
7382 49 33
2624 808 18
7181 848 18
4227 616 45
5571 103 30
8161 804 15
3517 591 9010
2612 83 15
3688 588 1645
1345 509 7037
2739 428 11
3978 739 115
2669 399 6065
1212 615 25
4598 156 6
835 316 9
2477 805 11
112 137 68
652 309 24
1084 348 37
1071 652 43
615 289 27
9000 364 13
8644 253 25
2417 916 25
2482 508 10
411 60 29
664 644 20
5177 415 32
4197 841 41
2324 901 9011
5423 299 6
4545 880 37
1617 242 16
3449 380 34
5129 626 36
3614 735 6
9001 78 63
6066 151 10
4484 85 9
117 390 13
2821 88 5
8669 728 9
2557 312 20
7519 476 38
6564 609 48
2608 262 13
8951 126 5642
7216 626 18
680 59 38
2460 861 4
7721 851 7
3316 649 54
7060 394 20
6535 447 30
5350 614 27
2284 90 26
5972 193 36
3803 801 60
8825 668 33
6666 578 9
8096 549 48
5812 527 7
2320 365 39
7731 125 38
4231 303 8
6152 423 9
600 11 37
1028 888 32
3907 199 22
5394 782 43
5964 439 26
8373 615 28
2292 56 43
5495 306 10
5694 792 12
4449 47 11
8422 591 13
3199 863 13
8128 937 8057
149 22 18
6061 305 43
5158 958 18
3945 725 4
1386 285 5
7487 818 7236
159 193 30
7675 398 39
7743 35 42
4690 756 9
7522 431 25
1550 379 10
3209 440 15
1128 757 46
3772 419 17
7916 556 27
6675 426 20
4528 345 9
2305 89 12
3551 916 12
1760 739 53
6361 333 10
6476 211 10
4307 336 2921
8984 93 26
8103 254 9
6967 550 69
7900 508 9
190 755 24
3564 183 58
7387 372 7
7469 388 33
2907 540 12
5191 136 25
6687 148 13
6069 440 53
6509 248 17
5969 393 43
3741 39 17
1833 503 20
218 48 76
3570 481 14
367 188 10
695 259 5
8562 458 33
8162 806 18
2233 326 8
4763 13 7
8021 253 19
6188 268 14
2927 718 19
8788 936 33
96 303 8
657 441 4
3683 289 37
8299 75 3
2121 281 4
8830 188 16
4714 437 38
5110 266 5
281 258 32
7762 207 9
6285 415 4604
5255 59 24
8791 637 20
5908 467 24
3684 205 39
3429 299 11
3450 466 45
2129 365 5778
7283 678 58
8997 355 26
2578 88 6
9007 583 11
1579 756 8
2153 573 13
3777 342 40
1201 200 68
843 443 16
137 105 9283
4986 391 42
723 303 12
7522 565 10
1843 362 6
3177 229 12
4846 590 6
6882 853 4148
1738 174 35
3020 238 4
4143 626 41
3685 363 12
7182 470 8
4378 949 30
1218 223 12
2628 369 22
975 476 8392
1590 820 45
278 528 9
8309 528 3949
8424 888 39
5980 232 47
1817 660 7
8151 725 4
2418 94 38
4943 267 14
7190 801 80
5063 269 9
8840 258 37
292 409 27
1767 231 14
7091 802 11
8969 328 29
8523 379 17
4832 878 29
2346 383 17
3618 58 32
3014 601 35
4152 292 7
2330 603 26
4642 876 22
2920 597 24
5827 138 77
990 572 11
2796 887 51
3950 425 10
7391 721 13
2572 86 17
1758 311 12
5349 221 10
4586 958 25
5088 296 21
6891 63 9
8017 105 39
1359 872 23
3346 627 10
6060 670 18
6433 437 28
931 144 4
3245 679 10
7896 744 23
8267 86 23
1335 612 14
3265 209 64
5779 775 53
3841 291 50
7685 192 32
8442 573 7
4412 764 7414
917 690 8
2345 68 22
1770 247 17
4859 268 7
6124 696 12
4014 42 16
3106 624 53
8710 344 10
6331 559 37
3353 776 19
2962 516 9632
2726 432 33
5530 33 17
8767 916 10
331 762 3
6446 128 19
3826 74 43
3139 541 8
718 541 10
7662 650 4
8932 515 60
6814 509 57
12 159 9
8692 664 2215
8171 887 35
3329 647 70
6560 662 34
883 925 32
7006 770 41
4193 37 7
7861 384 19
3875 210 81
7875 530 4
1798 9 6
4558 801 51
2167 333 14
3274 639 23
6831 452 3
5408 679 9
7303 401 78
8685 462 35
6490 702 33
3512 255 15
519 39 25
899 951 2337
6873 673 42
6846 51 11
2826 586 21
6839 60 57
1806 171 6
443 874 26
189 441 7
2449 185 31
6133 22 14
4527 228 13
4569 761 14
6201 476 42
8690 611 29
2797 231 16
7591 868 64
1534 50 45
3976 282 6
2759 527 1114
3250 637 19
1486 19 38
6474 24 6
2204 367 6
784 378 5
5030 272 5
6950 188 10
5794 494 20
8151 314 2
7217 885 16
6238 303 6
4100 787 7
4508 807 12
8198 45 28
666 293 9
1624 366 24
7601 602 7
3827 498 13
2347 834 36
6105 656 27
319 901 45
7358 250 39
2067 889 8
4941 540 24
363 418 9
4918 225 6
1326 682 76
328 532 55
6793 131 34
8425 751 11
6080 815 7
1545 728 4
1019 604 36
8770 96 121
5735 602 10
3033 833 49
5777 454 39
2217 216 20
0 495 11
3522 341 7
2317 187 30
2631 18 45
3243 745 8322
5331 843 14
6726 622 11
4303 20 5
1630 535 22
3120 60 9518
8525 462 22
6400 695 18
6243 452 4
5988 865 65
3405 508 4
6866 44 20
8271 536 13
2447 504 5
1256 850 9
2656 83 17
109 157 38
8390 654 15
8444 206 23
6962 355 20
7157 841 7817
3417 667 7
5229 721 14
598 248 14
8904 868 32
3313 224 1757
5620 567 80
2829 714 7
7081 313 11
8465 764 9
3455 822 16
2570 539 6
952 446 8
4734 544 11
1677 553 8
2964 713 7
7639 98 9
5847 926 26
3954 825 13
5619 214 22
4316 282 12
1232 273 22
2811 597 10
3344 780 7
8407 235 89
3813 796 30
1081 466 34
3055 45 43
4815 779 31
3680 231 10
3116 949 34
2681 225 7
181 209 82
7148 795 49
5314 513 11
1049 646 19
2394 672 20
6426 552 21
4821 40 18
1102 827 17
3750 6 18
5017 460 35
8893 842 10
3505 447 10
5417 728 7
7731 346 11
8011 803 29
2466 116 4
4829 772 29
8677 386 5
6001 401 73
7804 506 79
8019 40 19
3614 804 21
8064 116 3
5329 621 58
2799 91 42
7403 94 32
6305 868 51
764 42 18
2712 135 28
4818 798 4486
2673 559 39
6776 112 56
8922 625 7
2807 82 31
4599 658 51
334 740 16
8136 463 42
6709 52 37
1886 236 14
4404 933 24
6847 645 17
4092 271 51
3317 20 5
1922 206 16
6608 106 12
8397 542 53
6074 434 11
4910 332 64
2828 834 26
7187 776 10
3264 574 18
2494 575 106
8827 533 25
3275 524 25
1476 36 31
6856 905 12
4572 169 11
4053 179 78
8217 117 58
5252 150 33
2111 53 5434
8995 318 52
3699 94 60
2061 823 64
3636 726 47
1180 68 28
7153 704 3
7781 514 70
4358 601 40
1059 705 28
2125 708 32
8935 276 15
3950 447 21
1465 445 3845
158 356 77
4958 563 4
866 873 4
1861 917 6
3695 113 58
7317 123 23
6313 762 10
7973 671 13
5882 395 21
3292 758 10
1440 325 35
6764 767 11
5582 357 11
8798 490 20
5396 691 4
6726 525 41
1809 141 5
4098 330 12
806 441 11
8098 338 4
4628 600 35
3090 163 30
1687 687 60
5265 571 10
5569 893 3
6017 668 53
5869 705 32
6352 228 8
4796 732 13
3308 118 79
7377 155 23
2650 895 20
2253 236 4791
6364 414 8
632 307 11
7162 626 6889
8753 376 40
8363 945 42
7475 512 41
2666 791 5
7490 388 32
123 606 11
4413 80 6
7941 749 27
8916 83 31
761 698 18
7217 270 24
2657 129 13
8947 750 15
2736 758 7
8364 545 25
6915 388 32
3059 803 31
364 462 27
156 498 13
4640 880 24
5450 738 49
8047 424 19
5938 125 89
3556 28 52
6422 329 44
6237 727 5
8955 544 14
7070 473 20
4437 165 6
2676 889 8
1931 476 41
7808 718 22
8891 711 23
7847 544 14
1206 623 28
4226 48 59
5866 89 12
6162 135 20
6022 148 10
7379 734 62
8258 547 49
55 621 61
1774 873 5
2053 549 36
4879 352 14
142 175 69
1507 841 32
5921 585 9
1773 367 11
5674 741 17
1026 427 15
3662 341 21
8465 927 2
1334 744 34
6745 144 4
6442 526 21
6027 511 11
5929 634 8
5597 396 39
4447 718 16
5906 869 15
3928 322 2
277 953 50
7086 593 9549
6474 358 13
3917 18 50
5107 732 37
7637 949 6158
5964 769 42
5961 282 5
7240 697 27
6048 731 20
3575 634 6
273 877 7
285 294 59
6670 929 27
6916 383 16
4249 369 18
1935 768 13
5160 77 11
5656 764 20
179 450 61
3797 471 22
4063 767 2745
8177 426 32
1130 36 23
6810 474 21
1706 910 25
2305 279 19
1506 114 4
6802 606 9
7352 288 44
6746 662 29
797 282 5
4077 676 13
8449 71 23
7598 680 19
2031 64 28
293 925 39
5196 16 15
3022 294 81
8645 643 21
3540 279 15
8237 443 22
7886 490 7
1822 172 22
6789 672 17
559 510 24
8195 214 31
6281 461 12
4426 722 29
2414 570 9
3141 675 4
1587 210 6659
7672 276 13
5747 704 5
8498 167 22
7315 278 24
3425 671 9
716 688 14
4819 298 13
1054 614 25
3556 895 25
8850 347 24
2252 290 34
317 956 17
5777 165 6
7399 818 30
4291 257 18
7019 212 12
4761 550 93
944 235 37
2638 589 39
3519 159 3842
5768 174 6298
1291 745 20
567 651 25
8258 820 24
1995 148 27
5274 452 5
6421 744 14
8496 449 5375
3691 806 14
5642 575 73
7076 59 21
7040 5 20
1296 904 20
4591 486 4
7084 65 15
3769 56 42
2296 902 9
8282 574 24
7166 509 40
3555 670 48
5042 172 24
5118 524 25
417 266 4
5918 154 39
2197 460 42
2568 60 47
8890 562 12
169 297 34
4257 319 36
1693 871 40
6829 95 17
4320 223 18
7597 370 14
6184 943 20
6355 940 4
1911 465 15
7210 349 32
6880 173 25
7952 744 30
6325 224 19
8848 477 11
8823 536 7
2215 274 42
4468 504 7
1885 246 31
3616 852 7
7560 553 20
4842 832 11
4928 543 18
7829 697 57
5184 479 2931
4454 722 15
4674 242 9
297 522 59
3407 495 11
5947 760 37
4039 194 19
7596 77 15
6921 673 75
6362 940 2
8698 162 22
6612 679 19
8587 62 20
1747 241 32
4277 145 45
1792 313 7
5443 324 63
260 922 17
6965 400 3
5709 42 18
4248 375 15
3688 563 1532
7309 312 11
3995 554 31
7715 48 48
2768 345 8
7530 709 14
4648 523 5
1216 119 15
2769 568 52
282 589 3707
1678 192 15
5027 180 44
2800 478 18
1517 703 9
7409 290 17
8019 58 16
9010 15 22
350 532 28
3353 82 59
1424 686 2924
139 388 22
6749 281 4
374 425 5
3525 290 28
5111 772 32
747 59 20
1735 274 34
5156 427 12
6179 597 22
53 874 48
8141 413 24
325 296 10
6721 497 101
2 176 11
1831 39 30
8742 516 56
4601 275 8
6350 466 21
6950 147 40
92 686 21
3095 560 22
7709 877 7
1957 801 28
4913 754 10
4004 727 3
3864 58 19
7092 173 49
1982 527 7
7071 5 14
6542 181 20
1183 202 19
2736 397 33
3338 575 50
4370 288 24
5392 568 46
2655 127 36
4688 213 21
3111 640 43
262 627 3
1364 745 26
4310 669 6
5244 102 29
1509 120 25
6727 758 6
3461 130 49
6894 429 31
8185 266 5
2094 643 34
8529 747 79
2698 291 61
862 236 18
6731 375 7
1492 677 21
7478 346 20
6059 21 20
8147 59 10
255 378 2
2109 921 27
6604 330 36
1316 818 49
3723 106 19
6136 349 35
1338 482 15
2938 521 54
8759 589 29
6517 386 5
684 630 18
5933 85 10
6885 749 31
8408 700 25
6924 786 14
7268 464 12
7845 157 37
5638 253 23
8234 2 20
5383 556 23
2448 594 21
4674 637 11
1394 8 3
825 4 8
4240 79 16
3487 141 4
3546 648 16
4810 880 20
6377 327 43
5400 141 9
1560 667 6
1937 914 21
6395 258 59
4635 353 40
1421 269 3
237 837 97
5611 492 16
8100 671 7
5599 799 5
4511 120 15
7551 56 48
8191 728 10
6514 371 6
4600 49 27
7541 230 2
8811 222 13
6558 206 18
1468 358 12
1157 529 28
2927 682 98
5543 754 44
4981 248 15
1608 694 13
6132 118 38
4162 599 10
5943 93 40
1265 228 6
2113 801 41
3246 827 34
1120 278 7
7610 299 4827
8240 58 18
7585 768 20
5818 352 31
1891 893 7
3995 569 7
2909 691 10
7627 836 54
4267 825 8
5619 415 24
6446 807 18
5916 87 70
594 233 28
8093 33 31
6228 688 6
241 832 9
7396 681 15
3674 24 7
4195 800 50
6773 904 20
6525 153 34
7891 18 26
5655 159 14
2355 507 13
1967 826 11
583 461 32
8306 57 43
6469 566 23
4292 167 24
4495 563 4
3239 600 37
4408 105 41
4002 802 23
1326 718 16
1957 195 8
2484 608 26
8426 486 3
5269 582 24
1438 279 17
509 98 9
5639 56 24
1211 243 8
1855 886 18
642 864 2930
5518 603 33
7370 392 9
6273 483 28
5593 947 93
953 95 20
4479 650 1633
7831 955 23
3148 325 29
5099 286 37
3371 586 20
6349 805 10
1415 280 22
2922 277 4
8655 500 86
1127 115 23
7687 81 12
4816 304 59
3454 535 30
2911 712 21
5332 707 11
3356 72 21
1964 614 28
4885 613 7
8862 175 63
7148 25 23
6024 72 23
1064 394 19
933 855 6
7263 219 13
8092 263 26
6346 593 33
3439 399 31
739 279 9
561 327 26
1485 90 20
6052 610 9
2808 469 21
7740 363 8
4556 121 55
7995 187 46
1236 348 36
7306 890 24
5826 61 22
4116 450 35
1716 733 31
5852 722 13
2995 312 12
5175 107 30
2 372 21
7814 27 1137
6568 252 7
5631 679 11
783 235 54
509 354 19
1113 250 48
8448 769 49
4691 937 32
110 910 29
6529 737 2
6979 741 18
6402 296 31
1220 47 9
8288 661 39
2377 800 45
5122 679 10
3598 904 13
2767 581 7
472 755 14
8461 596 15
6628 82 35
6059 702 40
109 634 10
128 303 9
4124 837 71
2058 703 7
8610 849 62
5898 560 40
2793 783 15
1260 80 8
1571 519 2
5751 676 10
2288 105 61
8261 18 22
951 1 9
6878 12 30
935 546 7
4012 31 61
2103 543 33
3775 74 42
1073 412 7155
3696 899 5
38 63 17
383 128 18
3553 334 33
8740 522 31
1307 482 6
2023 860 12
6718 126 25
4763 586 20
1207 18 44
4899 795 7707
6890 788 27
7253 507 24
8889 446 6
3663 927 2
8268 303 6
3701 379 47
6230 866 24
4041 118 77
4217 48 40
7387 278 6
2802 876 24
2875 263 37
7419 815 7
3675 169 17
5429 542 56
6462 566 23
1806 519 3
8417 203 47
1144 416 35
1084 699 18
7659 468 97
6659 131 21
6770 610 7
3788 708 13
452 126 27
2820 924 7
8852 356 45
3029 813 21
3001 800 52
3776 673 61
2355 485 2
5673 768 41
8031 495 9
6565 668 63
5986 310 71
4953 639 25
5138 637 23
7466 255 13
7866 495 16
8915 938 39
7009 746 41
2480 647 64
8204 261 15
6413 397 30
3271 654 24
1469 567 37
3096 893 8
5888 714 11
1306 844 6
781 775 42
7732 486 4
8233 822 19
3177 261 33
5867 617 5431
2775 475 16
573 647 61
1020 812 37
1168 377 38
7828 815 12
6209 662 12
8745 100 13
580 300 97
2047 210 52
3528 42 3203
4628 648 25
7607 945 51
6284 770 28
6471 487 14
5163 111 43
2915 12 49
5987 683 26
6106 767 11
3256 591 12
2743 857 59
8847 317 2
2033 17 27
2183 132 17
4508 128 13
566 411 28
8179 212 24
6254 513 12
1852 62 7
629 76 17
3453 101 32
4568 437 36
3680 652 27
3602 631 19
1527 458 21
1566 330 27
169 332 68
927 849 21
711 264 8
1735 778 15
3953 931 81
3362 312 15
766 348 43
8381 282 8
8066 799 5
1530 424 9
4338 711 47
2606 214 50
1178 641 17
2071 813 56
1257 129 13
3827 657 54
269 291 61
1073 4 1408
5706 171 7
1513 642 17
67 160 20
3980 858 41
1691 218 12
7515 254 9
5220 182 3
8804 857 51
2902 374 6
4427 621 32
8241 284 84
1332 808 18
8927 358 5
7532 641 29
2580 310 64
2594 569 11
395 794 43
8385 326 10
4547 29 35
465 493 11
8154 574 41
5085 443 37
3137 735 7
6795 469 18
1914 774 8
2961 259 3
1739 709 16
7339 385 10
4949 777 54
1413 820 43
4992 610 7
6246 80 11
2589 663 28
3446 836 27
1134 526 46
5323 354 36
1651 825 7
2738 835 20
2450 92 66
1765 83 15
6390 89 6
7707 425 16
2160 825 13
6189 737 3
4225 874 59
4173 116 4
2349 64 44
3216 243 11
6624 803 30
5814 634 8
5554 523 11
5456 477 10
6949 201 5
1695 888 46
7823 411 23
6045 483 4674
8472 634 2
1992 474 25
5381 871 43
8055 4 7
8723 816 34
5400 293 20
2087 122 18
1176 238 6
2806 235 70
7557 876 5787
1157 1 15
420 511 25
124 431 28
7805 240 136
374 447 11
8577 158 31
6983 685 15
5131 433 3
923 273 31
1279 481 2732
2433 586 18
2772 603 6682
7488 518 12
8400 557 8
8049 1 13
3852 696 25
7644 497 46
3800 280 13
3626 923 8
2767 734 50
1110 903 7
1086 284 66
278 712 20
1805 665 10
7344 406 8
6222 404 84
6482 786 14
8472 157 11
6026 635 8
937 16 16
3457 827 28
4370 875 7
3162 926 32
3935 355 17
2230 698 41
4258 446 7
5405 881 41
1239 654 16
2444 598 7
7373 57 28
8425 440 33
7903 237 12
8398 149 67
5887 918 23
2256 210 53
7900 712 27
6129 934 30
8501 159 10
1680 514 78
2756 659 7
5651 527 6
4200 822 10
912 410 8716
3219 319 4970
2124 681 29
3624 689 4821
5822 487 13
1405 530 8
7441 800 41
658 323 41
5595 311 16
3631 184 22
7021 897 13
4752 676 15
5727 199 13
4612 14 11
6836 18 43
2049 132 15
1804 796 58
5688 342 49
3347 923 9
6527 668 9017
3262 76 23
1968 400 3
4265 701 24
6619 488 14
1002 681 24
2918 766 5
3013 692 55
4180 423 1888
585 582 28
3697 439 22
356 634 6
360 469 21
7077 947 68
7494 35 36
7895 610 1194
279 865 65
4483 380 32
5766 437 38
1568 691 6
7743 957 15
316 1 10
823 274 48
3634 581 5
782 277 3
8823 127 24
253 61 22
4339 30 5
3294 168 8
4823 97 18
9015 509 78
4778 635 6
3628 342 42
3588 852 8
6406 709 13
7355 494 10
2901 237 20
1042 586 6999
2814 237 12
4280 182 7
6107 393 106
2614 149 40
5545 767 16
5737 625 12
4594 842 20
5883 922 17
370 477 9
7647 312 8
8791 366 43
8818 507 20
1908 256 17
8287 274 47
2742 677 18
6698 803 16
2694 5 16
8864 794 59
2335 765 12
1092 669 10
4658 245 48
1129 846 10
1481 843 7
8783 606 9
4441 81 26
5214 822 15
2286 324 47
8388 80 7
3586 438 39
8031 760 27
5563 125 36
7103 315 27
3334 743 11
8654 698 60
5727 368 8
360 594 11
7289 600 33
4033 677 22
574 590 4
1173 505 59
6075 377 40
593 262 14
93 479 13
401 122 36
6865 226 49
363 623 18
7482 84 18
1700 523 11
5490 662 18
861 497 47
3677 794 43
2871 371 9
3551 953 34
3305 208 34
5158 953 33
5952 675 4
2153 810 27
7368 895 18
60 353 47
4063 633 7406
1891 546 14
6657 588 9
4830 771 34
440 34 26
4449 613 6
1618 770 40
4813 156 8
1506 773 4
6249 836 49
7102 822 5877
3637 28 66
7927 828 7
8981 131 20
2437 646 64
3156 505 64
4830 221 8
2571 430 12
5771 638 54
7396 825 7
4525 480 14
7343 552 27
8277 15 50
4870 746 22
7394 554 27
316 529 16
630 138 38
854 653 29
7547 523 10
4760 283 52
7991 373 21
3166 771 48
5099 248 14
3426 167 13
7864 540 13
7030 500 35
6853 870 26
8193 749 20
7058 820 4419
460 313 9
6913 804 15
5562 595 34
6206 486 6
8534 830 33
1623 439 12
4384 523 7
2764 222 19
7331 417 33
4042 256 10
5020 350 4
8929 682 80
890 221 12
8468 78 54
3349 770 23
2870 714 9
4481 10 42
3327 667 5170
3742 659 4
3180 924 12
4368 469 26
7819 647 33
6951 890 31
5789 652 22
5802 146 18
6814 200 32
7027 773 8
6866 400 4
6909 841 36
6147 715 3
8265 806 10
3710 951 3
6381 577 29
2293 836 36
8699 946 22
5707 827 22
7766 465 37
7668 774 15
1683 653 43
3159 333 14
4089 398 27
3710 276 14
2826 13 8
7278 194 23
2281 476 21
5999 942 5
1659 753 33
173 355 26
8901 507 10
5003 520 79
6118 343 8
4573 125 9980
418 699 30
7017 296 34
8925 704 6
5663 388 37
5574 201 7
7374 182 5
1513 851 12
7141 304 69
3319 490 7
243 67 60
4981 286 37
7799 516 55
4475 43 24
2929 438 24
6242 846 7
1366 337 18
4077 913 24
5146 567 57
482 585 7
7619 694 9
431 933 26
4274 833 35
3569 487 5
6413 758 9
1876 360 8101
6990 312 17
4870 46 44
2389 292 7
846 928 21
8401 321 35
471 342 32
697 303 8
301 63 18
7445 432 69
1567 599 11
5574 662 35
4571 69 6
3267 405 27
5157 327 45
8418 21 10
5886 505 47
2870 561 40
5610 291 53
3918 450 36
6321 682 45
1627 158 44
2026 458 12
5402 95 19
1204 166 59
4223 25 10
6306 179 46
3465 531 7
8961 768 23
3520 956 42
3883 869 9
8305 918 7261
4681 21 8
3928 471 13
8330 706 85
8680 693 4
434 887 8223
824 553 6754
5638 831 41
4848 281 9
2432 671 15
3376 492 10
6890 289 30
8688 196 11
3284 790 19
8183 662 26
6919 253 15
83 339 33
8391 278 14
5318 790 25
6793 585 15
5455 259 7
4356 721 11
6433 877 5
975 873 1469
1417 428 7
6554 571 10
8289 537 19
5416 333 21
8711 525 16
4210 680 15
6557 177 14
2089 206 15
5855 917 13
2290 262 12
1017 474 12
474 590 8
6348 532 9520
64 614 46
166 196 1391
2988 952 14
2407 285 4
7424 877 3
4712 678 49
6685 177 29
91 539 7
4334 748 40
2214 229 6
5052 332 66
7335 123 22
5159 871 37
6840 415 17
1181 548 17
4957 578 8
105 605 11
7865 685 26
7139 277 3
7504 48 27
911 901 32
3937 480 6
4548 502 21
8781 778 30
8798 206 28
7077 726 37
749 723 14
2029 677 21
7615 351 6
3740 447 7648
8074 865 47
2001 380 36
6520 824 32
8312 540 23
7833 381 10
3597 44 16
7391 829 4
8822 599 7
5338 57 6946
2324 694 2760
7791 635 12
3693 676 14
5601 140 31
8965 875 8
4760 72 31
7676 272 2
6465 953 42
7687 504 3
8748 571 11
8135 459 61
7569 615 35
4971 466 26
6612 713 7
4929 762 3
8777 18 34
8544 324 71
7534 51 15
4309 82 44
4107 900 18
2340 56 47
3224 399 88
5011 929 21
2245 926 23
8560 530 6
3542 153 47
4134 499 2
6687 358 7
8731 157 26
4707 352 17
3310 411 22
2174 648 9
6492 454 61
1175 354 19
6322 570 12
1656 912 27
7043 571 10
7361 309 4287
4940 268 8
1971 870 13
4466 783 30
5361 898 22
5310 191 36
3131 171 6
5740 865 51
8279 741 15
8909 713 4
7863 576 1557
4499 940 4
8185 396 32
1847 658 41
8266 447 30
5579 918 35
2924 77 25
6353 56 27
6299 889 8
7155 695 18
8921 60 30
3294 912 20
3418 128 19
6040 881 28
1314 634 5
4121 22 13
479 142 62
6136 264 12
1848 934 22
58 768 14
8736 334 73
2579 266 6
8951 254 1970
8288 635 11
2884 250 43
2353 441 7
7821 580 5
1444 247 9
7431 139 36
3382 850 18
1610 540 13
7542 808 11
6127 563 4
2020 750 14
6138 941 8010
7211 357 7
8397 526 25
4291 355 10
4965 744 25
619 398 40
4745 622 7
2766 218 22
3285 315 20
7168 856 52
2411 927 2
7915 525 33
5736 409 19
4670 32 12
1804 479 26
6931 486 4
2435 232 35
5049 215 46
1082 367 5
8399 874 54
6522 940 4
2680 762 9
8028 447 11
1118 841 33
5979 765 32
6571 539 10
1979 633 34
8705 318 28
4421 558 19
1529 14 2361
3428 803 16
3195 237 8630
2354 135 11
552 498 15
6317 377 14
1217 522 69
1458 71 2357
867 222 17
655 707 20
4909 384 20
7224 479 19
4422 485 2
3088 699 25
6676 642 6
3775 330 20
8445 884 5
422 812 49
4657 734 59
3951 182 5
2682 933 13
7008 797 1524
3824 341 8
3499 282 11
4664 746 23
5105 263 18
1179 229 9
4946 876 17
3992 609 26
8590 389 23
2431 486 1
8458 744 25
7542 324 39
4794 128 27
7719 628 79
1144 863 9
3821 879 13
613 171 7
4747 355 11
8718 618 30
437 272 4
2177 376 70
9011 860 4
740 487 16
3228 309 39
2002 939 21
5083 939 18
1067 459 46
6501 654 30
5054 214 37
1309 802 36
2636 203 75
1831 331 14
15 285 5
7699 732 32
4296 306 18
7914 409 11
3647 0 24
7952 112 60
309 630 16
6030 861 5
1559 307 18
8044 438 18
7622 902 11
4504 24 6
1627 335 19
8684 604 36
4562 496 2
6527 247 2362
3880 249 8
2411 259 2
8691 688 11
2103 400 5
3803 195 14
5373 635 2564
5005 25 28
6699 579 36
5650 171 6
4155 116 6
4798 451 44
3764 776 16
3045 500 7301
621 700 38
4639 862 21
7357 190 42
8936 191 25
2301 698 69
343 835 30
6325 300 84
2984 535 29
216 43 15
8937 538 50
4619 839 19
617 320 37
7992 201 3
2983 453 9
5628 603 36
8966 202 15
4357 288 55
3990 622 10
6134 218 12
7072 72 32
1815 958 19
2299 542 66
4677 562 9
5477 694 13
8026 781 25
36 507 22
7294 835 3941
4457 182 8
8645 879 10
6531 465 17
438 257 35
1473 241 24
7712 22 20
7496 822 19
4671 940 2
5278 206 16
4824 612 13
4949 942 18
4122 19 29
8714 499 3
4076 635 14
6939 588 9
6653 77 12
7980 208 62
8794 742 5
7998 47 7
6373 358 5
7502 355 10
4898 111 22
4106 351 8
2080 414 7
6781 814 6
8032 594 17
5692 766 11
183 305 31
468 101 25
4082 368 13
3387 66 2034
1591 735 7
8585 764 29
1604 190 49
285 191 27
2173 594 22
8969 957 12
6827 898 14
3609 200 61
5394 134 78
6552 236 17
6903 940 2
4176 944 22
5114 705 20
7018 140 34
4567 197 6
8502 0 32
2977 751 17
4723 601 28
3123 570 6
2637 369 19
6174 593 29
3575 157 22
230 458 17
1480 674 6
4772 894 61
5945 596 27
3736 1 10
7303 221 8
2088 462 20
833 49 28
4150 250 6891
3661 737 1454
454 927 3
6193 209 39
6287 783 26
2981 729 8318
222 464 11
7088 466 26
6084 688 6
8195 415 32
5407 611 11
8021 831 32
6544 399 36
2889 141 9
2306 546 13
6337 98 12
7524 185 15
7925 716 28
4836 891 11
5407 419 21
8832 139 41
2307 60 48
5944 207 17
2770 44 15
2625 318 37
6448 83 22
5592 53 14
1783 673 73
8133 938 55
5682 684 13
3159 638 34
4749 170 38
7838 627 8
3173 896 66
3787 835 28
637 934 15
591 122 40
2472 473 2334
2455 325 38
2806 759 8
8716 720 20
1922 22 12
1280 414 7
1726 310 71
6318 9 11
2486 547 77
4555 642 14
275 927 3
7527 725 3
1527 92 34
8089 693 7
1356 245 39
126 817 13
1121 422 11
8362 127 50
6996 133 56
5309 801 45
455 143 25
2975 466 37
8079 571 5
6617 210 82
3859 54 24
4951 539 7
7940 462 21
8524 14 13
2357 288 67
5184 796 5898
8048 275 4
1712 717 4
2403 888 24
6241 226 29
4853 708 27
5138 242 18
193 802 28
515 83 23
7503 281 3047
4683 929 18
359 561 33
3223 11 25
3776 625 16
6711 699 17
1132 940 4
6214 634 7
6503 835 18
5598 847 57
6178 355 18
2075 537 14
4861 635 11
2528 829 9
1962 681 18
7435 840 82
544 818 35
5162 505 98
8101 733 70
3183 481 19
663 158 51
3580 225 3
1253 160 19
4402 511 13
6530 228 17
4730 596 12
6821 331 14
631 892 59
4847 942 17
2233 72 28
72 743 19
4816 482 10
692 953 28
8427 106 11
445 885 17
2180 678 9487
989 684 11
7008 680 3528
8688 625 18
5696 607 39
3884 119 11
5948 65 12
3892 346 12
4916 670 29
1790 618 28
4179 609 29
119 386 11
1024 176 13
4892 513 8
6524 80 10
3272 147 37
6861 161 20
6862 356 40
6482 692 88
6904 793 26
6215 793 34
2714 955 13
1633 297 42
6945 327 41
1310 88 5
5997 384 21
8620 722 14
2155 810 14
813 674 12
1352 624 65
5230 912 21
6399 674 1841
5984 218 9
6163 592 10
1219 566 16
6101 39 23
1568 276 15
3704 293 22
3010 666 29
3141 493 21
5954 304 55
1533 669 15
1687 826 15
6657 950 33
5467 27 3
4032 926 15
2202 493 35
1804 755 32
777 497 35
2747 216 35
7612 660 3
8721 826 21
4455 537 22
5413 548 38
1536 935 8
8071 726 43
8788 9 11
520 803 32
1981 487 5
1391 658 62
8176 39 31
6376 57 39
6638 875 2409
8700 909 25
7760 526 61
4002 30 4
6676 851 4
2099 761 11
6477 535 28
6203 687 60
5317 293 12
2845 635 6
5365 207 13
7791 661 42
2926 810 24
5873 302 30
3729 499 8
2102 908 14
4237 1 11
7780 717 7
6751 123 42
3828 532 46
7518 845 31
439 148 15
6554 553 19
1354 364 44
6607 86 22
1684 681 25
4933 583 7
2448 285 6
895 747 38
8954 900 6718
1991 192 21
2387 99 13
2603 438 19
4552 130 56
1961 390 12
203 472 35
5722 73 8
5672 324 75
4514 202 20
7125 84 14
5534 538 21
3252 697 64
2556 430 10
7538 882 13
1170 535 23
7158 582 30
6364 338 3
5953 157 14
7901 47 12
1089 193 32
2201 14 15
2513 687 42
2565 132 34
98 675 3
0 760 29
8957 532 29
1830 735 10
6167 920 48
8906 34 56
1436 383 14
6574 600 27
735 432 41
2533 569 11
3354 97 12
1828 698 41
6583 661 63
8803 181 6279
5920 847 61
3386 165 6
2618 813 50
5396 276 12
5488 750 11
4467 245 6063
2234 28 35
3983 902 12
5978 714 9
3955 207 11
7036 199 29
3580 908 5
7145 805 14
5092 655 30
8721 363 13
3754 77 15
7126 157 23
8687 862 35
3805 902 15
33 853 9
6309 570 15
8775 737 4
1609 841 29
1072 417 52
7242 192 24
2508 378 9
2888 574 39
2332 956 7116
7498 168 11
3958 65 12
3476 542 42
1410 442 4
6423 166 45
1574 498 7
1200 162 24
8628 936 21
8302 260 19
347 597 14
5636 114 2331
6728 253 3868
4837 322 5
2166 516 23
8638 26 8433
2419 377 23
1301 588 4
8812 916 23
6524 674 14
3079 280 22
5202 749 32
3006 158 32
2304 763 5
7565 698 36
3779 609 4695
7621 260 44
2814 386 7
7133 536 14
2891 433 5
5617 67 49
5951 343 5
3919 17 14
2676 273 25
1146 192 27
6002 707 17
4418 199 25
6015 604 50
355 221 8
4943 556 32
7262 437 25
4826 609 18
6372 620 16
7328 131 34
5216 720 25
1295 236 14
2572 803 17
7394 569 7
145 43 2513
2653 443 21
3084 63 17
7717 925 40
426 364 27
2665 12 26
3051 525 22
5756 428 6
5041 942 14
5960 603 32
8030 539 10
7698 554 32
1672 928 34
8603 726 50
3559 276 14
1202 305 6304
4098 74 24
5023 204 26
3923 870 17
8322 443 31
8870 113 18
6980 625 16
172 275 8
1336 99 17
4153 679 10
8782 206 16
8563 611 25
6461 256 9
4422 507 13
781 580 9
8733 439 4574
2283 279 8
6665 533 26
6393 225 3
8819 738 42
1904 156 10
7540 592 27
5534 136 22
7509 425 11
2855 511 14
501 132 25
7114 387 4892
2077 891 24
8503 713 4
4428 708 9309
7232 824 22
8890 552 21
709 523 4296
3079 41 5
2709 189 26
4404 362 11
1684 825 12
7546 764 20
4494 923 1491
717 835 29
8759 501 64
7529 182 4
8229 80 8
4759 827 27
7855 332 58
7712 490 22
5310 566 25
8035 154 42
1762 121 44
362 0 26
7120 290 26
7344 754 23
5211 326 11
5015 529 36
8615 855 16
20 903 7
8347 783 26
339 887 41
5326 686 16
2842 601 8402
4610 220 27
2948 435 21
16 99 20
8843 106 20
5301 657 41
6614 15 42
5994 387 12
2441 121 22
5368 320 60
4442 703 6
3034 791 8
8575 237 19
7417 918 47
3921 418 9
8608 431 31
5704 883 40
4173 591 12
4939 812 40
4485 131 22
4254 33 16
2014 13 6
3737 389 31
4665 242 9
6070 365 28
2923 753 71
8647 355 21
7680 350 8
4266 790 19
3278 742 10
3160 165 7
4435 383 12
1593 5 23
8219 48 56
5724 933 10
2945 370 11
3902 355 4040
1028 382 20
5551 289 19
8733 578 1171
4667 348 39
8703 31 37
1292 766 13
8147 905 3
7140 376 53
6430 805 15
5987 557 7
6562 931 54
4037 307 15
593 792 6
7563 927 3
1490 812 68
5023 520 93
3285 468 41
1566 74 58
4194 648 27
8602 110 2976
1205 755 14
2163 70 7
8486 473 17
8439 90 22
8202 244 37
868 637 13
3353 677 37
6571 408 24
8920 274 6597
4959 716 22
7830 809 4629
8125 93 47
6017 426 24
1571 171 3
1835 921 42
6047 617 8
5769 102 9
3024 762 6
2291 473 21
6842 159 16
1999 107 26
1530 243 5
7796 839 33
5259 3 11
343 838 66
5437 38 2198
1346 781 25
8889 825 8
8748 553 17
114 627 3
6133 490 16
569 422 28
6244 746 42
2469 9 14
624 564 20
8651 894 42
6908 880 15
187 72 27
257 310 8840
6220 629 52
6286 78 24
8763 297 28
7179 553 24
709 660 2528
6646 0 22
8588 824 28
5306 684 14
8603 947 90
8484 397 50
6411 946 20
5369 828 13
157 343 10
6265 172 13
8810 310 32
5270 917 12
3509 808 11
1004 615 25
860 866 27
5507 244 19
7345 724 29
1141 68 18
5492 794 44
6361 282 3
1127 144 11
7495 534 29
841 806 9
4615 95 16
8181 831 55
3982 201 3
7559 574 27
135 142 46
5223 433 2
5779 580 11
3561 385 3
8041 2 22
1476 481 20
2598 25 26
5171 124 57
1069 843 15
4925 942 18
6495 358 11
5370 566 13
7836 100 21
679 61 17
5959 303 9
8390 311 10
3791 560 5517
5923 754 24
1126 901 28
3213 956 38
1514 669 18
862 141 14
3012 323 59
6642 542 65
4258 681 24
7318 592 36
3207 15 32
7964 283 32
1372 757 8357
5390 907 24
8100 434 5
4158 327 43
7168 138 82
2918 855 5
4313 609 45
4101 801 61
4219 532 35
6630 500 40
7447 687 60
719 910 36
2532 34 8336
7943 723 24
953 738 49
5535 314 2
2466 269 4
5768 208 4972
5856 5 19
7255 613 6
4716 847 68
3059 420 61
1306 353 40
2544 671 9
2012 526 4364
8993 618 26
3495 99 15
8698 292 7
6169 171 7
831 623 35
1771 26 27
8314 809 15
6328 48 42
1153 757 40
6835 617 7
2865 91 34
4159 369 19
6705 619 9
8455 39 27
5727 772 18
4539 219 7
211 111 38
1702 869 20
4003 953 30
1531 321 38
1585 837 105
6466 938 64
1840 858 6060
6992 944 22
6588 766 12
4852 658 34
6015 792 8
5027 238 7
3831 795 30
5168 713 4
8064 269 5
2152 396 39
5965 563 7
4544 753 46
6509 716 23
7052 232 29
860 390 19
4600 494 13
4110 611 16
4084 107 32
8249 739 85
4072 858 55
35 4 7
2243 691 10
3404 64 48
4048 9 10
5547 8 4
4529 910 38
2881 886 22
5316 558 15
5066 452 5
473 939 17
6548 374 6
5204 501 87
6724 422 15
782 272 2
7229 640 32
4473 197 3
2566 452 1204
268 388 29
7412 496 3
3945 314 2
1987 266 7
8855 929 40
5318 385 9
8327 402 29
4968 466 39
4953 245 35
6227 273 21
6236 688 6
8000 174 34
4990 883 20
862 293 32
8450 706 88
8594 696 25
3418 417 52
2696 190 8859
5420 717 8
5785 103 36
7386 449 24
7276 222 20
8186 100 20
6366 747 37
56 28 62
7501 299 14
8356 135 6897
1022 389 17
7411 450 58
3485 30 4
801 718 16
3565 106 21
6995 242 16
8260 53 26
1254 178 21
7018 619 15
4555 851 10
7209 5 24
6091 653 56
8619 522 47
3187 244 36
5087 785 17
7878 172 16
1639 507 14
1519 259 4
5926 190 37
7505 471 19
7926 671 7
8709 367 5
7846 453 12
2686 925 5764
4774 301 12
6190 859 9
793 507 10
6409 15 45
3583 491 44
6194 181 48
7892 770 46
7865 938 51
6484 292 6
4101 423 11
6947 603 30
2036 456 25
491 787 8
1982 920 52
1644 312 10
7303 771 35
7143 181 39
1689 762 6
133 36 17
5750 531 1071
7699 669 16
2055 857 61
2049 884 4
1300 622 7
7449 59 12
1250 525 46
2453 881 37
5504 304 61
1407 328 62
7784 459 46
2068 377 26
7719 646 64
2319 126 35
2186 578 6
3058 734 51
953 444 7
8786 272 2
2243 276 24
4752 913 34
4072 903 9
865 886 27
3100 159 16
7842 542 80
7642 54 11
7606 24 3
3877 215 45
1443 149 55
6454 283 31
6988 160 35
5871 706 38
6486 474 21
1721 614 25
7105 779 34
4258 825 13
3943 219 7
7629 174 35
1746 256 21
8520 502 25
2664 629 23
3911 528 6
6172 539 13
7463 356 64
6978 933 28
8194 784 55
7304 719 10
1300 709 12
2615 415 23
8640 931 7394
6927 914 22
8646 88 7
7906 136 40
8161 411 22
6979 674 5
7375 311 5
8651 246 29
4669 129 6
2465 52 45
4710 752 13
5469 303 1794
1255 226 29
8599 710 52
2668 33 21
8371 664 17
8488 742 9
8356 492 2550
7964 72 21
4958 950 15
554 26 11
7066 339 47
1912 29 28
7187 82 32
6278 448 7
1124 380 36
4498 486 7
6101 331 10
4868 243 3436
1401 887 38
504 19 77
3152 666 12
3226 373 19
4510 614 22
7198 257 33
8278 187 48
8331 668 60
4366 816 20
4188 765 18
2903 115 19
6037 355 29
8941 652 41
2641 630 17
3591 194 13
3601 456 22
3976 333 18
2982 177 12
6972 461 40
2834 592 13
7947 897 22
5403 625 10
5446 579 66
8328 202 27
2854 628 68
8153 268 15
7405 564 25
8196 224 18
931 115 8
4590 16 6
4821 249 9
2530 627 7
7522 369 11
990 579 35
8382 675 6
8194 391 48
5972 250 57
1249 847 47
2369 867 33
8649 248 13
6094 53 34
6428 8 3
4104 845 30
4383 111 28
1264 269 5
6809 89 10
7801 681 14
3727 413 9411
2545 176 8
5481 898 9
4663 830 40
6639 454 51
442 172 22
7968 921 55
699 536 15
5239 207 7
8441 34 37
5886 2 14
8715 942 13
5791 285 7
255 884 2
4472 289 20
3147 628 64
4847 371 11
1546 513 7
3460 157 39
6649 506 70
3957 729 30
4312 83 4466
4340 314 4
3648 378 2
4446 98 10
2312 867 46
120 30 1621
6355 341 17
5218 480 4639
1435 236 5
2575 669 14
6653 367 5
4269 770 31
68 307 15
2359 416 34
3402 365 48
4857 270 18
3175 23 12
4709 132 22
8629 154 35
4845 635 21
7638 499 6
9 15 67
3872 321 23
2325 762 6
7091 30 2
3011 254 6
2691 787 8
8845 176 8
1043 303 6
5428 120 15
5238 473 16
3525 710 45
2704 120 26
866 780 3
5724 496 1
4160 624 78
3711 912 17
1641 664 19
271 241 30
4323 723 17
522 851 7
1977 381 21
1175 98 9
7279 696 14
4748 666 24
2425 783 13
3845 635 16
2116 77 13
5015 83 28
1192 597 10
4285 309 29
8126 107 36
974 224 13
5047 845 19
1597 523 6
613 519 4
3388 655 20
21 791 4
1052 127 40
2155 573 6
7334 207 11
4320 732 36
8017 84 15
2958 571 5
5155 842 18
1502 936 48
5177 214 29
8181 253 27
4559 350 11
3895 182 6
1046 618 25
6593 478 28
2637 565 16
2595 667 7
4337 65 11
1173 2 15
2841 861 7
693 343 8
4418 368 14
7536 446 8
3607 936 24
7746 762 10
4550 576 11
7860 781 19
1779 723 11
3706 4 8
1302 314 4
5796 692 60
2809 663 31
1881 581 5
3581 931 42
5949 853 10
4016 603 44
3742 789 39
3212 644 49
4900 664 8
1829 132 11
8641 948 33
5506 913 34
8607 16 6
1429 520 51
4493 350 4
2409 175 74
4708 75 11
3755 173 22
1316 343 11
1803 40 48
8252 866 20
1269 892 42
8361 625 16
575 6 23
7663 212 24
6220 415 44
280 563 6
4942 553 10
7235 686 27
568 833 21
839 161 40
1557 303 5
7848 678 68
7620 479 20
7098 649 6375
2758 470 3952
2261 39 22
6414 199 17
4163 160 37
6629 547 78
1613 793 38
5097 832 6
2779 518 10
2695 191 25
7285 567 50
2858 773 8
3383 601 24
8342 444 3
220 109 20
987 952 10
6504 824 41
2934 278 22
2514 66 9
8700 56 37
6716 713 4
5509 910 52
5022 924 7
6039 630 2763
6173 952 13
7701 611 14
5140 131 32
6190 515 53
407 667 7
8867 935 12
3880 58 16
6394 454 29
6678 103 7310
6595 670 31
6796 781 15
776 150 45
6824 354 22
4762 334 79
6673 889 8
1242 756 11
5062 693 7
7753 644 27
4981 716 22
4458 482 8
2673 303 9
3573 746 35
1442 173 35
1567 820 29
2342 492 7
5288 421 7
9007 694 11
3570 36 24
20 858 39
5415 702 41
6133 206 21
103 560 41
5971 222 24
643 444 8
7794 279 9
6108 173 35
6463 644 26
3354 894 27
8886 505 9816
4656 539 9
3201 171 7
5280 918 42
1711 378 9
8376 700 31
3970 908 5
5643 779 19
7139 272 2
7667 651 15
3528 653 6278
3273 743 9
1855 76 12
5810 956 24
6659 585 9
122 249 14
5264 812 41
6378 250 64
6045 814 1932
6256 872 40
772 179 79
7347 286 32
8153 917 14
5720 277 3
6804 202 17
2277 338 8
1381 585 9
6852 488 12
3812 645 9
8512 632 15
5032 671 10
6373 148 10
5361 527 7
1063 297 41
7804 582 36
7738 330 29
3236 770 7082
8824 590 5
8625 739 47
8148 909 27
200 184 18
3653 571 6
5986 229 10
2050 102 9
5260 708 35
7024 443 27
7897 883 35
6545 726 22
4530 626 20
5238 930 16
4985 493 24
3270 622 10
8059 114 7
8034 165 7
3205 556 30
1398 33 19
2209 305 23
227 0 8199
8452 156 7
4565 916 15
7930 749 28
2007 762 7
5813 735 8
962 400 1101
4919 825 16
2097 435 17
2044 887 45
7094 651 14
6734 218 14
8362 445 24
8459 910 52
6573 660 8
4687 739 82
7588 343 4
1860 67 52
1371 443 16
2493 517 9970
8451 161 47
5545 633 43
5825 777 25
4854 91 29
5334 333 19
6304 451 36
1088 844 6
6594 528 12
665 293 38
2271 768 34
6180 11 27
4786 331 15
2726 828 7
5807 883 34
273 437 51
6260 284 67
3872 581 8
7184 391 23
7163 118 31
4501 162 32
5697 244 8051
5398 0 50
1813 888 42
6779 126 16
5816 677 33
8313 389 22
3151 360 49
6220 214 40
3490 176 7
4199 359 21
4558 195 14
281 785 15
8657 251 72
4459 490 25
2167 282 5
3333 199 11
3500 171 3
3416 606 9
2682 362 6
5090 588 7
260 642 10
5976 313 9
420 299 14
3488 66 6
1867 703 9
1253 935 7
1566 592 28
6130 786 6
5284 283 44
204 111 44
2707 794 46
5442 66 9
2511 302 16
5830 930 11
6801 211 20
1744 815 19
8305 256 3878
4248 519 4
2086 17 35
3952 58 25
4346 910 24
4132 708 27
4782 913 26
728 907 6383
6931 406 7
5345 269 3
4847 777 49
7718 844 6
7166 200 25
1019 262 14
3638 261 16
1429 204 16
8332 492 6
1443 10 28
1068 567 57
2376 869 10
5594 64 54
6921 625 16
3856 811 52
6303 321 18
4792 700 17
3533 662 38
4572 607 29
6816 746 16
2314 830 47
6402 606 12
2145 105 79
8528 317 2
1344 861 7
191 671 7
3335 62 4719
1931 780 6
543 685 28
5607 393 63
4917 36 27
7586 265 29
3340 223 19
8196 854 44
1903 133 36
8947 462 19
4583 312 2005
753 166 29
8897 951 6
8990 347 28
2482 528 11
2254 342 46
7577 181 37
8275 779 10
4011 611 16
252 851 8
7123 448 3
4260 19 68
5325 883 23
7273 317 4
6692 72 18
8426 754 18
6933 462 23
4841 906 30
4001 54 14
5914 635 7
7448 117 66
4877 320 52
3817 905 7
6717 103 31
893 524 23
7688 812 49
503 351 4
940 661 60
7014 565 12
5347 237 24
6426 562 13
6342 247 9
2650 848 28
7014 369 13
2237 820 35
8439 387 13
671 188 1744
695 764 25
6666 439 38
5730 552 17
596 564 23
1273 688 10
3510 207 8
780 596 9401
5378 700 37
3576 839 19
5989 945 77
7807 828 7
5488 462 16
2843 670 42
2154 203 55
5909 170 8338
2573 757 31
8027 318 32
4394 846 14
8199 437 19
5436 318 21
8614 82 35
6519 74 42
4318 762 9
6950 736 26
2321 423 14
2165 197 10
212 863 8
8500 708 25
1857 184 12
5702 526 43
378 540 25
8270 667 11
8041 505 84
6354 356 65
1796 731 37
3910 477 9
2324 583 2664
1006 709 20
3570 104 36
4772 97 24
3472 164 48
4334 438 21
8056 182 8
6962 257 42
572 308 70
3288 14 20
4256 671 17
7937 909 22
5354 32 19
5814 157 32
4375 614 31
5093 890 26
7915 622 11
3772 611 9
3047 159 12
8003 787 9
7956 95 10
8393 655 39
8374 398 36
4575 114 6
1462 249 11
5112 814 8
8924 127 36
3889 244 32
8296 919 46
8248 117 24
809 571 12
2671 185 16
3517 116 2405
1350 613 11
5578 304 91
3552 732 35
6862 923 10
2562 390 11
2783 678 62
8043 493 26
8123 580 8
8846 563 4
5128 3 1212
1075 425 11
8285 236 14
6434 485 3
6986 795 38
1214 3 7
2816 545 54
6022 358 5
8026 684 18
7874 644 38
4089 275 6
7883 503 11
6781 185 16
1366 524 27
3031 340 6
2107 305 50
1849 807 25
670 519 2
5660 227 27
4092 27 8
620 733 59
2348 139 25
3650 928 31
396 929 22
6668 468 83
4113 67 46
1115 940 2
5012 382 29
308 189 30
4234 937 46
3156 2 17
7049 64 32
6114 392 6
1511 858 35
1425 617 15
8156 706 69
4209 1 26
1914 388 22
4782 676 16
1785 684 9
4352 951 6
6604 592 36
7331 807 13
8478 258 42
3250 242 15
7220 72 27
7692 264 13
2439 147 48
1547 869 18
8707 278 4899
6727 397 24
3430 757 57
7955 383 14
2692 600 36
2290 792 6
307 442 12
1183 343 6
511 613 6
3968 896 31
6704 404 78
7272 670 21
3091 482 12
6924 946 34
5384 718 11
8263 142 64
8701 467 8566
636 433 3
4119 390 6
2822 196 10
4705 678 71
248 717 5
1577 7 14
7318 330 31
7351 588 7
725 582 20
5867 313 4025
1794 676 5
7569 106 17
5110 396 29
6698 420 32
8218 933 38
849 0 34
5015 1 22
416 344 9
8569 269 4
8175 934 24
5807 704 6
374 65 6
7235 137 75
6956 773 7
5748 539 8
1505 652 34
3660 19 27
8656 599 10
5393 10 16
3986 311 10
176 400 3
6765 452 3
954 600 30
2661 474 19
2000 162 7153
6165 877 7
6674 140 19
8166 263 33
4585 670 44
5400 236 12
5572 787 12
7035 55 36
4204 616 69
3417 225 3
1651 681 14
3996 662 13
857 553 20
1949 715 2
1999 541 9
168 11 8319
2204 77 12
2933 845 42
8407 821 39
1976 148 9219
6324 349 34
5878 352 32
7678 110 14
2627 77 29
8242 886 17
8414 198 16
3872 734 47
1966 332 56
816 338 7
7951 668 81
1650 888 24
6594 508 9
1260 741 30
7876 902 11
967 476 48
6230 899 15
6155 49 26
3882 910 49
901 847 48
7635 499 3
2439 188 13
1607 281 4
6424 809 16
1215 710 24
4210 797 7
8246 43 22
6543 31 43
6214 157 25
8277 537 21
8900 173 51
2088 6 17
2436 660 3
2485 19 49
3452 828 1580
4459 22 23
5730 421 5
3830 405 33
1324 166 44
506 199 12
8446 903 7
1518 644 41
6912 184 24
8656 820 34
6824 442 8
7446 37 6
225 739 72
3342 566 18
1760 948 23
1418 749 23
8729 72 32
460 453 9
705 348 47
3017 30 4
6166 617 18
5852 317 2
1614 657 67
8245 96 101
6528 871 29
8070 759 11
2971 7 6
2433 13 6
8005 380 40
2782 798 48
206 450 6235
5085 217 81
7399 202 22
2040 9 8
8595 342 46
5125 698 67
5121 447 29
5485 359 17
3934 279 22
2805 849 26
3260 701 22
400 439 21
5185 769 35
3566 161 49
4676 386 11
8444 490 19
3568 165 1322
6337 442 8
7009 46 77
1744 350 9
7877 576 9
7940 6 20
6934 33 19
1970 746 27
4897 333 3448
4602 456 29
1996 434 9
8344 190 24
1125 814 12
7340 5 9
61 282 5
6325 854 51
6691 67 64
188 785 30
7258 403 9
8682 556 11
1325 161 27
4289 713 4
1183 818 32
8232 838 39
4224 407 12
129 295 32
2120 794 54
4186 227 42
5149 675 5
7629 455 22
376 370 11
7013 877 1171
8120 31 53
4127 721 13
3394 659 8
8873 791 5
5917 19 7558
3593 537 20
3730 384 9
8529 222 18
3343 159 9
6586 620 7
4665 366 29
4398 451 35
3445 273 25
8512 952 8
6588 855 11
1646 175 90
6734 334 74
280 950 20
8098 230 2
5902 207 13
8439 20 4
6412 388 26
6386 566 19
2639 334 72
4096 755 15
5748 408 18
3823 713 7
5551 124 30
4103 869 20
3384 348 72
8997 257 49
728 85 3570
2804 407 8
6570 107 30
2418 646 39
5449 366 22
7498 394 19
6762 488 9
6263 54 12
2397 33 25
7026 366 27
8387 466 29
358 316 10
6187 426 23
4873 653 39
5463 375 8
381 315 28
3740 425 3958
5853 704 5
838 634 7
5162 234 28
6656 20 4
8956 333 24
7517 116 8
8138 117 48
7297 843 9
8799 216 29
8259 218 1995
188 258 74
4904 577 28
587 830 37
5243 458 19
8837 223 22
3316 534 22
7730 453 4
3557 698 31
4934 592 27
3048 519 1485
6399 80 1473
8506 306 17
6183 516 53
470 368 12
3311 417 49
4344 827 31
3431 842 21
2378 146 21
368 834 24
7776 463 39
6781 483 12
2175 594 15
3193 374 5
3866 824 36
867 747 72
7282 735 5
6590 909 23
2194 59 8040
6964 609 19
5037 880 27
4842 404 88
6468 539 6
742 256 24
3914 27 7
5845 432 46
7824 478 30
3114 684 11
6798 613 11
2905 67 69
3490 278 12
2069 292 10
576 610 6
6022 24 2
8095 135 17
8927 148 13
2952 540 28
1994 756 5
573 61 22
6753 259 4
1042 13 2218
7593 620 13
8474 627 9
7050 892 31
3820 770 17
5767 203 44
3852 396 50
7511 826 8
3772 470 10
7196 91 42
3091 304 84
1598 612 21
4738 881 37
7195 802 29
5135 312 18
8525 6 17
8630 555 46
4580 229 8
3992 46 60
4657 581 10
5724 362 6
7660 731 27
8991 496 3
275 259 5
5861 31 28
8218 362 20
4157 244 48
4850 506 37
8580 299 13
2525 44 10
5091 767 8
3279 952 16
7484 707 2532
1736 640 24
170 880 19
3009 839 28
3569 601 11
7739 124 70
1671 688 6
349 807 28
5556 519 4
8684 262 12
893 448 5
6615 157 8452
2670 821 15
1378 474 22
2852 789 46
7230 170 31
3718 24 7
1053 946 30
4356 829 3
2421 70 12
5696 169 17
1837 635 10
6161 54 29
3934 89 13
3393 691 5
4390 356 63
6818 387 7
7837 575 88
5056 874 35
4103 725 7
1105 845 21
7188 633 49
2882 385 2855
3415 186 19
2073 849 32
4018 505 73
7338 87 59
2570 198 7
751 742 12
5155 512 49
485 184 24
5693 377 23
2662 669 10
1301 563 4
779 882 12
5902 160 27
5205 266 3
5131 322 2
3973 413 14
3851 652 24
7133 127 45
5935 218 17
8553 788 17
3299 741 50
4172 580 6
5115 466 52
3585 317 2
5452 348 29
7452 647 22
5126 619 16
2527 132 28
72 75 15
1245 761 12
2246 106 4342
5186 309 39
2234 848 26
6780 419 23
3160 454 44
8791 242 15
998 218 16
2198 46 82
3136 531 6
1041 26 24
4029 398 17
5120 652 24
8197 63 22
5465 133 31
97 456 28
1376 5 20
1984 429 32
8898 436 22
1349 268 7
1219 294 51
1578 202 23
8244 165 7
467 307 9
3192 850 11
7911 154 31
7182 611 9
2965 612 16
8711 622 5
8996 756 7
3713 121 66
7770 398 26
1230 16 11
4700 745 43
8623 226 28
3766 86 23
1830 411 43
8982 480 16
144 638 76
6139 597 16
8662 181 47
7545 48 56
4945 26 14
4249 431 35
5401 466 49
2930 468 67
8315 25 21
1039 708 26
4840 426 15
3939 350 10
24 402 3729
6261 91 23
3509 324 36
6830 621 60
8236 890 15
3420 448 11
3973 688 6
7309 239 43
2286 71 12
8030 408 21
1738 208 26
1038 615 32
8264 688 6
6008 161 46
6110 947 43
6427 405 26
1700 660 7
8184 763 3
5198 475 23
4547 66 8
2578 791 12
4748 941 80
806 724 32
3584 240 84
1750 589 38
1393 418 3065
7258 943 23
6943 957 2042
7222 836 29
2278 152 6653
8129 540 11
4504 148 26
2427 613 6
5966 752 9
8071 947 84
2881 76 15
585 407 18
918 955 25
2621 724 23
2219 894 26
8744 435 21
3423 560 28
2480 61 24
1605 763 2
122 40 26
905 734 55
1665 829 5
5392 151 18
6805 435 20
4794 417 67
577 80 11
5838 945 47
2022 654 28
2134 185 35
6764 633 32
6004 482 11
6669 39 7461
3719 63 19
4241 675 6
1122 371 6
6388 259 8
6481 576 7
6937 771 45
7785 151 14
4127 829 3
8551 817 27
3899 875 9
5666 354 10
8769 5 13
7805 798 60
8366 133 34
2011 384 7
786 308 7804
3293 230 4
1890 66 10
4594 402 29
2556 943 25
4896 102 9
121 939 25
3725 288 28
8421 493 29
8996 165 6
5851 497 62
8392 864 9
4150 193 4222
5550 407 18
1990 763 3
894 893 6
8895 583 6
4928 400 2
2782 240 106
3069 707 16
1190 201 6
290 921 36
8036 724 25
5131 471 12
7045 877 4
2417 953 57
742 719 14
3165 844 4
8029 436 19
5229 829 4
2794 720 21
6104 785 24
4533 109 33
1447 281 7
4019 367 6
2295 1 14
1051 474 13
2646 956 30
1701 829 9
2999 793 9795
8587 929 39
1152 909 4307
501 884 6
7197 833 45
2142 322 5
7211 149 43
1777 197 7
2385 155 23
2318 166 35
924 66 10
6363 882 8
7665 341 14
5322 177 21
5991 97 11
5004 880 31
3868 667 16
1695 382 37
4411 739 69
3731 802 20
4062 277 8
1284 788 16
5834 57 39
7461 209 91
7095 624 45
3881 761 4543
2903 144 9
7516 841 24
6208 89 5
2048 830 29
8648 109 21
3247 57 18
3289 256 15
2471 335 9
4263 919 30
3448 745 36
81 521 61
4880 928 24
4087 222 10
1175 442 7
5801 319 27
928 816 7649
2276 227 42
6591 939 9
3103 654 17
8428 666 22
1533 223 16
2004 224 13
5376 296 22
6580 396 20
4251 843 3368
710 430 14
8039 883 41
3970 225 3
4340 725 7
8857 886 17
5126 140 42
4413 674 7
919 321 25
4032 631 11
5431 365 46
8875 637 20
3599 157 12
4645 695 22
8543 626 16
2476 541 8
1570 311 7
8838 697 6581
6792 912 26
8362 536 15
3477 468 53
4903 722 26
1144 309 27
5758 538 25
5526 7 11
3063 50 37
8739 692 113
7523 622 12
7963 324 37
1832 88 3
6956 163 18
383 807 18
2043 841 33
3698 631 22
5472 172 8
7981 387 8
5239 160 16
4793 919 67
8094 878 42
244 730 19
6707 426 33
907 281 4
6199 236 7
1389 322 4
1306 723 16
941 627 10
6235 715 3
858 517 95
5139 120 36
1939 439 25
8204 229 5
4979 92 51
7463 923 14
8615 766 21
3724 464 12
8660 221 9
1395 263 22
3191 152 58
6690 662 32
4855 155 12
722 109 25
4537 514 44
5256 267 10
7777 863 8
2622 130 35
7889 42 26
2350 752 9
2880 410 49
4623 19 58
5858 219 8
5180 736 30
6963 606 9
2182 15 36
6802 805 12
1806 375 14
3944 12 31
8743 170 42
3510 160 18
1236 699 16
6145 48 74
2333 799 4
5364 30 4
8185 696 15
6931 754 23
2741 760 43
7401 109 4491
435 943 28
3409 113 54
2366 58 21
6886 429 9
5803 572 10
4656 198 8
919 581 7
2808 594 12
7963 808 11
5735 62 17
1597 422 12
6952 366 53
2084 594 9
5349 771 42
717 906 28
6503 838 42
7196 209 64
1889 107 19
2362 20 5
6857 499 1793
3177 310 75
4643 909 22
1270 846 6
7133 445 20
6511 236 17
2699 621 52
6182 507 11
1209 305 55
8725 347 25
5491 676 16
2697 714 11
1407 957 26
1024 372 25
5370 294 39
8358 622 9
23 236 16
4702 686 29
662 676 12
2396 230 6
7872 763 5
7156 511 14
616 778 28
8942 80 9
8295 913 11
6930 115 22
2262 709 21
1368 901 45
6960 377 24
8338 830 25
2059 727 6
2725 448 7
7644 295 19
887 191 16
8965 288 25
1793 342 26
2868 85 14
7145 296 30
6975 799 4
7074 715 6
42 579 63
6564 746 50
7471 567 71
5100 635 13
8553 124 35
5573 152 61
8985 0 13
2032 858 41
3230 907 29
8972 812 35
1514 223 22
6749 656 11
5637 270 15
3093 215 45
929 216 35
4288 699 15
664 159 10
1308 82 61
546 53 22
42 572 18
1954 146 29
8681 507 11
1189 853 6
2996 179 85
6561 36 42
3933 364 26
5185 439 21
5176 400 5
650 764 27
965 213 19
5124 98 19
1647 388 33
4215 166 36
102 149 56
2895 192 13
1508 232 52
8535 674 6
3102 360 44
680 905 14
2930 315 35
4231 559 29
5644 794 76
7508 138 55
7596 367 6
8945 254 13
2238 862 37
4804 250 45
3134 69 9
8383 889 2610
7568 489 12
8934 309 19
6655 330 12
370 17 40
4934 74 55
7013 437 7469
2753 430 16
7503 656 9013
1234 82 30
2722 42 20
4068 278 7
4387 774 7
5802 762 5
7420 159 10
4175 769 45
3399 45 32
5974 20 8
7292 719 7
7938 398 20
1120 176 4
7736 466 26
5776 105 57
1330 254 11
8435 847 33
6660 890 28
5953 634 3
3963 390 5
5794 49 39
1580 321 33
3107 213 3916
1993 688 5
4583 239 7509
7028 192 26
2021 116 3
48 323 47
8271 445 24
8131 731 40
8814 241 31
6708 301 14
6896 538 40
5925 881 47
5841 826 18
1944 216 32
5974 90 42
694 249 17
8167 485 5
2757 77 27
4478 322 3
6929 435 26
1328 338 8
7689 910 35
7220 326 9
6003 742 7
4071 899 14
4401 302 6906
1780 912 24
5355 524 14
3813 755 20
1387 333 14
1272 781 14
2112 747 34
224 815 19
8233 277 7
3864 249 10
1115 480 6
8379 619 18
4192 944 41
7951 426 39
7151 162 18
1690 134 64
5951 818 25
4961 793 37
4674 366 25
5028 267 10
3851 231 8
4826 746 17
6558 490 13
105 714 5
2384 748 55
3073 434 10
3794 397 39
2415 444 6
3289 719 9
515 1 19
8810 261 15
1994 165 4
4882 874 38
6053 633 25
966 213 19
7535 795 42
7874 159 20
2113 195 13
4135 470 31
5581 183 31
4310 732 15
8403 158 63
3399 623 48
6995 366 38
7460 833 20
8327 842 16
8796 457 32
5947 495 14
6079 806 13
6469 294 71
5355 337 11
2140 895 14
4817 759 5
2877 698 37
2479 518 1478
8340 115 23
4732 805 11
5616 30 6
1692 525 20
2825 903 11
6117 429 35
4096 796 24
5924 650 5
1051 729 36
6308 32 13
5348 192 23
6914 251 48
61 638 33
8886 234 3025
6120 111 26
1683 42 22
2794 763 5
4470 452 5
2495 219 17
2558 228 13
7890 507 25
2295 529 24
3654 134 69
4167 503 14
2488 274 39
5533 954 15
5883 642 11
5516 330 17
3703 925 27
2193 612 31
6470 862 32
8150 566 11
2623 241 8616
4708 743 13
4050 908 12
5291 911 17
2890 955 32
7072 326 10
7723 295 33
4013 839 16
732 443 24
1387 638 38
1631 904 22
4840 247 10
5511 213 20
2259 359 20
2221 765 28
457 516 40
2821 900 17
2755 894 52
4670 101 42
347 608 35
4355 186 17
2158 927 5
6005 574 14
1953 229 7
2841 937 52
4415 95 15
6388 927 5
6878 87 49
1829 884 3
4631 381 13
197 705 22
8725 228 14
5669 298 15
4644 815 13
5438 10 44
8054 371 4
1468 148 27
822 683 67
7100 915 35
5579 256 20
389 154 30
1542 861 7
6469 191 30
3583 904 17
5891 403 7
3625 684 11
3394 789 67
7136 708 11
4257 12 34
6857 178 7723
778 128 21
5787 64 62
8113 265 75
6743 245 25
4367 907 15
4386 263 19
3095 47 7
2649 472 12
6179 608 52
93 755 16
2916 431 50
2884 108 31
1320 943 14
4337 425 11
7442 41 9
1143 540 29
307 354 29
2483 23 24
960 485 2
1729 387 11
6242 845 19
1894 317 2
4966 300 71
4094 852 9
516 717 4
5466 471 27
7043 553 16
6367 551 6172
3229 118 56
6162 492 7
914 693 10
4316 638 65
6441 440 39
6110 726 23
1470 463 29
2398 938 7998
2967 414 7
4825 949 21
6589 59 20
8546 723 17
2212 360 23
8073 370 10
6973 610 5
2654 57 31
810 465 22
2356 838 85
5602 50 32
6695 447 22
6250 66 11
6282 591 24
828 133 32
2906 318 33
1297 315 23
5306 781 20
5251 530 4
669 603 27
2769 151 18
5647 64 50
456 882 2185
1520 585 9
8676 470 18
2677 373 18
634 909 20
3096 546 16
8143 455 33
8605 46 50
385 262 16
4179 46 60
4903 317 5
3199 416 57
3481 827 17
3911 508 4
1055 254 10
3545 140 8900
6620 683 26
5800 611 22
8068 237 13
6526 908 9
300 85 16
1182 165 7
7152 621 38
7318 74 64
8918 175 8544
4410 689 7
5525 844 1518
7658 892 35
2936 286 28
2784 637 3825
6524 741 45
2648 340 4
542 714 13
2448 469 39
7336 909 26
3217 371 8
860 899 17
1926 105 73
3137 411 33
6225 429 29
6935 171 3
8354 424 29
1946 363 13
6394 756 6
2953 598 4
6470 484 56
8354 243 16
2541 192 18
5418 950 18
6958 657 9534
3778 765 15
1555 336 11
5496 712 11
5820 67 48
3097 286 53
207 31 49
7790 606 4
2403 345 5
672 110 13
701 29 66
8230 590 3
972 953 32
3503 557 15
4471 616 70
7356 363 13
2857 783 23
7203 0 13
3741 331 7
3843 780 7
8907 298 18
3118 64 56
4162 820 31
1384 132 23
7935 422 17
4329 251 72
1843 933 11
2244 71 14
8849 688 14
1472 379 29
1138 472 38
3712 0 35
920 593 13
7475 842 16
3305 174 43
4287 169 3657
7034 880 18
7629 208 27
2640 730 23
3499 333 26
5236 928 22
4394 845 36
4372 409 15
365 384 19
2394 113 60
3232 538 34
7197 436 19
487 666 18
8656 547 70
988 685 14
1357 689 7
257 229 1360
5691 640 41
7477 287 46
8433 618 17
2613 574 41
171 220 29
548 763 2
2201 349 48
4 211 9
7392 145 22
6690 201 6
3113 181 20
3373 93 46
4672 322 4
3482 632 5171
536 111 46
3412 375 15
2030 471 11
2356 835 39
26 231 15
1834 540 24
3625 781 15
2638 501 96
1172 762 8
8449 324 85
8661 160 29
6744 85 10
685 893 7
1591 804 25
749 353 34
2493 456 4473
6360 124 6848
5742 50 32
8243 325 24
4092 182 8
4678 646 48
1155 318 39
189 724 18
1033 20 2
2781 731 19
4664 46 51
2669 911 2054
8520 797 5
3272 736 21
8836 404 80
2333 655 14
8469 811 67
4003 958 14
5045 465 5808
2935 236 16
7054 156 5
5743 958 3948
4655 914 23
71 21 21
3645 840 86
2021 269 4
2697 561 46
5455 927 5
8198 418 18
5766 877 6
2070 192 20
916 102 12
299 190 31
4463 775 32
124 369 13
5242 435 35
3206 934 14
5743 953 7343
8865 784 35
150 279 6527
2472 930 2283
6422 374 4
2810 811 45
3482 298 3481
5708 484 48
6959 526 51
6329 228 5
1341 88 3
6097 826 13
5090 950 28
1331 320 57
8544 808 24
3253 151 16
2898 711 53
7827 767 11
3816 227 26
4613 499 5
3806 620 7
8809 688 12
4906 54 12
6043 864 6
4274 436 19
6393 908 5
2915 87 91
4149 766 4700
8224 935 5
2987 916 15
6271 256 23
5653 536 12
5636 163 8085
7284 791 10
1722 699 22
1702 314 4
5692 211 17
8455 331 11
7400 836 7626
8288 37 8
7342 96 55
3323 449 41
2079 292 9
2266 704 3
5576 78 9787
4574 227 34
7375 654 8
1715 38 8
6910 871 23
7131 370 19
7371 508 4
5402 444 6
8508 223 13
8845 372 14
2392 48 8329
2692 648 25
4837 471 25
5080 303 9
5957 751 9
5233 189 32
5823 118 39
4423 716 24
6823 223 13
5706 519 5
4445 575 8888
8102 163 24
7901 560 30
6632 277 4
3807 531 6
8484 758 12
3649 829 4
7184 336 16
6521 310 39
3846 407 14
2119 172 23
1650 382 17
7150 575 116
5098 910 58
8067 757 41
8339 851 12
7558 631 26
5107 223 22
1445 55 28
1801 934 12
3597 543 28
7489 876 18
4993 605 17
1468 24 6
3947 392 4
2758 611 4031
5552 824 7316
5041 777 42
5144 247 15
3026 482 17
1181 857 32
4560 275 4
3211 356 55
3442 765 14
3072 161 35
4459 206 29
8797 870 12
2285 78 59
5889 749 19
5746 942 7
7416 462 25
7011 130 36
2642 485 5
926 521 28
5111 199 21
298 745 24
2069 162 30
7088 690 8
5680 791 12
5178 348 43
3709 477 3
5510 640 39
3145 105 69
8473 85 11
5186 416 48
746 109 38
1147 791 4
1213 370 14
3750 750 15
8571 909 13
3333 772 17
2456 725 3
4812 513 4
6000 113 31
5728 103 59
3441 152 52
881 612 29
2509 409 26
5705 535 15
4332 138 65
1448 944 22
6637 861 5
8068 386 6
1803 58 45
8609 925 32
6385 686 28
3174 768 47
7798 120 16
7197 503 17
6037 257 61
7316 234 21
5161 23 19
4037 879 14
1619 234 17
796 848 45
6642 526 33
6699 572 13
5265 553 17
5118 337 18
5247 218 11
7570 291 73
2803 247 10
5795 46 53
1629 376 55
3399 418 22
5372 205 63
6200 437 26
1491 103 22
3155 464 12
5515 882 10
8041 234 27
3930 372 24
4486 812 6455
3438 330 21
952 681 22
5825 371 5
8239 464 19
132 570 25
8057 189 15
4040 286 44
238 300 84
4936 555 47
3171 75 8
2274 203 68
4944 224 10
3467 928 37
3427 70 6
7906 538 47
3230 85 14
5213 34 19
353 391 32
8211 943 26
2437 94 66
1050 838 68
8369 573 6
6352 347 13
6192 236 6
2695 566 23
8444 22 17
6148 406 8
605 811 50
5679 523 13
6264 466 40
8464 444 7
6595 787 10
525 392 1067
7442 860 14
4697 51 20
5541 418 19
6682 514 39
7007 795 43
4581 91 23
5532 793 61
2072 770 25
3062 33 35
7786 621 73
8289 15 45
8183 201 5
6921 196 11
2728 149 95
3085 657 33
430 392 4
8570 275 1294
1159 936 21
932 717 7
2199 285 5
1515 31 56
3293 338 7
6744 907 18
4461 901 39
2054 554 35
1827 575 52
7356 826 19
4893 252 7
2548 534 28
7074 893 6
2273 712 11
4789 195 15
7763 780 4
8008 363 8
2932 546 16
380 528 11
8884 427 47
3047 644 27
6881 67 53
2185 926 37
6102 888 33
6254 774 14
6976 423 9
4270 86 15
7589 359 15
1350 47 22
4412 927 1222
6553 332 55
6082 253 24
5483 578 5
7107 59 9
4126 424 28
1272 684 12
720 58 18
5232 204 13
1785 521 34
8434 51 12
987 632 23
5410 320 92
5263 815 5377
7871 18 53
2194 905 2981
827 648 27
5006 117 35
1234 677 19
5735 929 29
4969 878 25
3592 484 50
6108 305 45
3783 75 10
5223 322 2
7301 762 9
7907 197 7
3200 381 18
4058 32 19
3519 644 8314
229 567 72
6503 906 16
4659 793 28
8796 340 9
8020 912 9
2985 748 97
2583 882 10
1377 357 13
4502 367 9
2426 21 12
1258 639 25
5687 213 36
7239 855 5
8613 835 25
3843 873 8
1502 9 15
8677 237 11
7549 153 21
5550 582 38
2706 171 3
520 86 32
4326 560 40
214 817 36
3192 383 6
2921 156 8
4267 681 16
6697 516 61
6877 293 23
8875 366 43
3269 854 30
864 497 9952
5936 525 17
1137 663 49
3686 751 16
7205 667 7
3359 339 50
1884 363 5
6589 905 8
936 73 11
5671 265 63
988 938 27
3196 93 6758
393 94 38
5495 105 43
1156 123 38
1003 406 4
2117 853 17
5089 251 54
666 141 4
8958 544 11
4567 117 51
6724 523 7
8062 565 21
200 727 5
8046 622 11
7547 660 7
7663 443 33
337 70 18
7249 102 11
8360 327 37
3601 517 49
262 385 3
1367 537 29
418 348 62
1384 884 6
5543 486 7
1005 464 2913
8555 367 12
6311 410 59
7388 761 7
5601 728 5
6292 437 44
2912 582 39
1775 178 22
7640 464 12
5071 503 19
451 345 9
4666 892 43
2710 272 5
2391 564 24
889 123 21
3808 711 23
6539 405 46
6002 945 64
5722 584 26
4983 96 90
4995 158 32
1578 343 7
508 859 10
4908 101 9156
6725 397 43
382 483 22
7603 664 13
2664 415 20
202 111 50
6625 447 21
4891 383 11
319 583 13
6061 173 36
8121 810 19
1304 760 40
4162 547 70
1499 794 34
7996 555 42
644 11 35
632 879 12
8237 212 21
3900 169 14
3167 675 8
43 266 8
8283 535 21
1584 735 7
2424 67 37
965 520 46
1554 80 7
5320 498 8
4680 868 35
5732 166 36
2022 311 19
1942 376 26
5955 379 33
5770 56 47
1485 387 12
695 927 4
4711 107 6148
6851 811 47
8049 83 16
6399 741 6848
6925 86 31
2173 469 38
1856 732 41
4368 594 13
7399 343 6
6405 787 7
2750 766 6
4978 708 11
8616 296 23
7481 612 13
8372 68 7724
1043 156 5
7127 640 45
3760 630 25
5112 483 21
4554 154 26
7202 669 10
618 522 60
2911 528 10
6804 343 6
2983 617 14
5108 714 11
3874 63 22
755 342 30
6783 527 5
2316 43 26
4568 877 6
2660 830 37
7362 268 13
8178 782 39
3955 935 9
7517 269 8
1783 625 15
7454 932 30
3341 493 35
5223 471 11
5526 265 71
3781 640 9116
1873 338 11
845 567 81
3559 951 4
4527 347 23
6184 430 10
1462 40 23
7137 434 12
4317 581 5
4336 917 12
4925 777 55
1067 843 22
8711 709 9
6722 868 70
6747 332 47
3856 924 9
4286 33 20
5952 493 21
2365 232 67
4000 393 114
6471 601 30
8894 59 23
4020 560 50
1397 37 11
37 71 9
5548 495 13
7122 666 23
2454 89 9
2020 462 21
6683 929 22
725 506 40
8123 775 45
1329 107 15
1483 274 31
6902 745 13
3748 352 30
4054 301 9
2983 313 11
4967 924 11
6288 787 7
1242 165 8
2605 886 28
5209 800 36
3165 353 23
766 699 21
1924 441 4
2227 685 40
8815 23 18
8159 399 63
7409 164 41
3414 103 51
1821 914 11
6152 801 53
4675 442 2760
7384 573 14
2390 176 11
6343 684 9
1334 112 56
3307 679 10
7470 630 18
6103 215 61
3881 618 7151
3627 197 9
8095 492 6
1458 324 9642
7019 217 31
592 243 5
5833 914 10
6613 606 9
8062 369 23
805 246 28
8834 564 21
2148 146 7221
3272 188 8
5285 660 3
6128 352 26
3754 367 6
7480 68 10
5749 923 7
1654 763 2
2580 229 12
3825 540 12
3111 119 19
3369 562 3536
2767 321 27
7254 398 28
5299 846 6
1967 363 8
2938 684 17
4142 860 7
5595 654 24
564 207 2568
1711 132 33
3668 816 31
7657 193 16
6822 421 5
7543 154 36
7985 824 9
963 164 50
2030 322 2
4669 853 5
4512 706 59
5193 70 19
2594 301 17
1659 837 43
1564 376 50
2468 736 26
8336 745 10
1385 463 45
1726 229 10
7055 239 62
4166 360 31
6296 928 41
2361 734 39
3325 497 47
4933 694 7
1227 738 23
3635 912 16
8874 461 30
1519 764 18
8876 837 71
1997 18 44
69 211 19
2798 596 20
5516 74 34
254 326 6
423 945 75
5363 612 11
844 115 17
8672 754 45
3764 677 31
7211 10 17
2090 937 31
5033 370 11
507 524 17
826 289 31
106 202 39
4594 512 53
8547 715 6
8634 536 14
5262 939 17
5100 661 52
8337 807 10
2735 231 9
8369 810 15
8475 27 3
8020 168 4
4796 669 5
798 448 1302
4940 917 6
6535 425 15
2985 438 43
7107 905 4
8414 408 37
1724 527 7
636 471 12
681 827 41
1619 505 56
796 895 31
4833 215 38
7554 225 7
6421 112 30
1669 560 54
7048 279 7
799 207 13
6154 452 3
8310 352 27
8256 826 23
6628 776 10
8538 5 23
677 174 53
3494 837 72
7039 601 21
8321 933 11
2638 475 35
8022 415 42
115 294 35
4799 695 11
7453 41 5
676 176 8
1947 389 28
2652 367 10
7998 613 3
7320 875 10
7324 298 16
7492 634 6
7217 834 40
923 8 5
6579 886 21
7881 691 9
4944 854 27
5164 954 35
2765 671 5567
4954 311 12
3117 347 10
7059 359 24
8667 704 4
4221 507 26
5634 323 30
5239 935 6
7249 744 14
143 200 37
8950 280 37
1413 599 14
6444 317 6
6166 453 12
3658 166 6810
303 160 25
8564 186 24
5227 215 20
6112 463 25
6576 477 3
8161 735 5
7000 811 7605
4264 472 21
765 574 24
7965 46 63
897 711 40
59 706 57
1336 233 33
8994 456 23
799 935 13
17 295 31
8039 704 6
3397 311 10
2878 84 17
93 796 29
633 865 56
2308 682 87
52 956 46
4593 777 48
1411 779 20
3941 697 33
1235 929 11
4577 197 3
5173 318 31
1252 168 7
1948 334 89
7336 56 38
1087 756 8
1396 20 4
3420 524 43
7473 885 12
7017 805 17
1986 200 69
4682 106 16
4222 902 19
5892 203 47
8929 932 48
6614 537 17
974 854 37
6704 832 10
7332 452 2
6778 899 6
209 653 50
6804 818 31
4177 230 2
2745 143 47
103 47 14
4975 924 14
6743 639 18
7924 654 22
8341 808 19
6986 25 17
1945 177 14
4947 410 50
7056 305 61
3724 113 27
3974 320 32
892 637 10
3696 390 5
6009 916 17
5678 420 34
2013 64 38
8892 711 28
6103 930 16
7946 398 16
6465 958 24
8616 606 9
1410 354 11
6292 877 7
5698 84 23
2622 544 8
5099 716 21
557 137 37
7108 890 31
5701 54 31
7337 512 76
310 455 26
4742 870 18
7554 908 10
7692 349 35
643 738 66
2376 314 2
7111 472 9
3440 758 6
8661 207 13
402 473 15
4238 344 8
2084 469 14
8938 541 6
2869 516 44
2470 722 9895
3927 932 57
4289 679 10
1816 143 37
3386 454 40
795 69 11
3276 850 21
8552 405 34
5210 485 2
2733 152 32
185 310 62
2593 663 37
6021 903 7
5713 841 22
6662 205 31
8379 140 38
5434 380 22
2584 736 19
14 582 37
752 910 9253
2034 557 9
8056 271 54
7536 681 24
3627 117 62
1850 681 5528
3505 65 6
4891 850 20
7863 751 2100
798 524 5720
13 742 1586
318 629 41
2258 838 42
3932 636 11
6956 114 6
3375 105 42
436 293 20
7923 396 43
8038 11 22
8018 315 25
4637 44 12
2665 319 34
3635 168 7
6943 35 5634
1260 674 8
3428 86 15
4303 387 15
6645 838 55
6534 586 17
8556 129 22
5424 663 33
3858 887 28
7403 646 33
6640 115 10
5378 38 15
8762 233 27
2560 618 17
6820 129 11
444 913 21
1360 723 17
8413 181 28
8387 690 8
1840 903 1141
7614 63 6479
3283 942 17
3241 884 7
2164 620 11
7408 103 30
2577 453 9
5467 182 3
4637 543 23
1795 590 4
7296 455 22
609 635 11
5632 258 42
6647 524 25
6837 83 26
3612 633 17
402 215 43
2503 405 41
8547 893 6
2127 13 5
3231 488 16
6812 938 28
8825 247 9
152 443 30
3385 338 3
6271 918 43
3594 428 7
6068 214 37
5904 381 10
6253 284 64
8370 202 29
8589 21 27
3810 745 40
283 149 97
2139 135 8
6490 21 14
7278 897 20
5544 548 39
843 217 37
2402 738 73
5416 638 47
8231 836 18
4960 260 19
8463 325 37
4141 742 7
8374 275 8
7432 428 7
2995 239 44
322 810 21
3897 795 45
5796 946 17
7677 379 23
7587 499 2
18 123 16
2597 57 43
2788 707 17
6586 183 21
5153 864 18
5931 43 10
7745 623 25
1130 104 45
1454 958 30
5277 181 20
369 344 16
3996 650 3
1432 512 85
3281 405 24
8630 782 30
8206 766 7
6408 386 12
7302 783 23
5763 830 40
8614 677 22
3385 230 2
1553 660 6
402 930 12
3637 848 42
8854 671 9
5033 460 45
3330 568 57
5816 776 15
5272 703 16
2742 776 9
4770 291 111
1750 475 30
7027 114 7
2936 248 13
2319 254 13
6683 602 6
241 404 83
354 744 27
475 850 25
8370 343 9
627 549 61
6024 283 42
3431 512 59
8253 27 6
3869 934 25
8758 61 26
3828 255 13
6696 697 40
5328 48 51
255 132 7
2839 296 8293
1396 387 13
4819 952 10
3419 54 24
5142 450 25
8832 284 79
371 335 19
3894 623 21
2233 283 44
1658 436 14
1696 727 7
1962 446 5
4299 103 48
7002 656 24
390 903 4
3430 488 18
1579 165 6
6138 666 2572
4115 908 13
1873 414 29
8259 334 9037
7672 691 5
8083 806 13
2761 221 12
4595 50 42
70 167 5100
3907 368 14
105 561 23
4857 885 10
8256 687 72
2479 154 6488
2015 136 46
4290 877 4
8881 919 56
4729 571 16
6599 261 16
1526 622 9
4418 772 38
4597 322 4
1682 384 18
7919 473 16
4028 458 14
3673 161 7377
4181 190 47
2960 910 39
5983 832 6
68 643 31
7096 498 7
5927 133 46
8279 80 4
1500 474 17
2106 364 11
574 872 18
934 643 28
1882 182 3
305 594 15
5992 458 21
2523 743 8
6215 381 12
165 909 33
5318 627 10
2732 548 33
6404 607 26
8460 122 17
8000 208 29
6639 756 11
8174 699 22
3814 577 49
6835 453 5
8583 156 4
922 954 33
5135 239 63
6880 305 30
4174 355 17
5906 314 4
2731 596 39
6515 878 29
6893 326 7
6431 528 10
2846 594 11
3253 568 51
1326 932 42
5694 262 21
6978 362 15
1928 525 34
3376 135 30
2530 385 9
2449 814 11
6505 655 6000
1302 725 6
7724 368 12
8207 393 56
1918 408 5877
7000 924 1325
935 715 2
5898 613 7
228 714 9
6623 93 42
2824 128 23
7740 826 11
706 938 62
7518 846 12
4495 950 15
8899 825 8
3254 477 11
2897 450 23
6835 313 6
2871 942 14
2406 607 50
6169 519 4
5749 356 31
6895 691 8
1096 268 14
5021 455 38
8290 194 13
3496 40 32
2390 372 21
2678 244 68
2132 764 12
8914 474 12
6997 949 30
1630 840 44
5513 697 61
8266 65 18
7250 925 22
2114 417 44
1220 613 5
5001 129 7
2963 403 7
7823 804 15
140 595 38
1669 47 20
1795 872 18
4722 706 85
8359 640 24
5587 529 39
1968 44 12
5914 661 27
2900 872 37
1224 186 24
8340 144 9
236 251 106
3208 178 11
533 500 43
256 445 18
212 309 30
768 240 85
3225 288 29
172 69 9
992 624 82
8988 864 9
4499 480 12
7674 518 6
1070 199 4902
5081 438 37
4184 904 18
1923 570 17
5020 815 8
2412 913 18
833 494 14
2866 908 13
3431 402 34
1003 486 2
6049 955 15
8501 644 21
7562 580 8
1028 345 6
5813 411 36
4876 672 12
1140 265 50
435 430 12
4698 462 18
5289 536 13
8395 397 12
2760 653 43
7619 901 25
5495 84 15
8598 352 21
1931 873 7
5286 912 6023
3580 667 7
7718 353 36
2763 293 9
3984 482 14
693 202 28
8080 541 5
4220 662 32
3895 27 7
3326 928 41
2264 452 3
3306 85 11
2352 507 18
1589 581 12
4753 359 23
6987 491 27
6941 391 25
1226 225 6
6474 148 32
4119 866 11
5614 333 19
4321 617 18
7191 890 9995
5653 445 23
6598 759 6
8531 442 3
4319 245 58
8632 570 5498
7233 758 7
8331 426 28
3048 375 5983
997 410 26
514 444 3
686 135 33
5641 816 32
8991 933 27
5034 346 10
1797 278 12
8010 499 5
5104 374 5
5815 899 13
4078 364 21
6776 744 30
4054 554 21
1083 546 19
3844 651 16
7573 59 22
1665 721 14
3129 128 2810
8033 891 9
5614 638 43
2268 839 20
152 212 26
1786 286 55
4129 280 13
8637 257 38
5790 200 41
6778 390 6
8792 842 25
7368 28 43
4080 907 26
6506 866 8
399 55 47
4959 286 37
891 400 4
302 253 24
4408 306 10
5419 508 5
5035 235 9380
8668 495 9
30 89 5
1870 798 65
274 305 55
1238 763 2
7337 842 27
3130 95 29
5449 637 8
5570 666 20
3388 799 6
7948 348 47
6767 755 13
8325 737 2
3286 374 7
3695 464 22
3939 815 22
498 918 36
5699 107 17
5930 796 40
6134 334 58
2216 93 51
6864 28 22
4974 139 34
7680 815 15
5008 958 31
360 285 3
5965 588 8
3782 49 37
1704 904 26
1359 590 4
1029 332 61
6225 452 5
259 836 58
7880 757 42
7670 934 12
8155 915 19
5270 268 12
5354 101 57
2922 272 2
7284 900 19
7248 375 14
8542 126 21
6342 426 15
6396 488 17
5080 559 36
7247 468 50
7727 431 40
8566 169 21
2151 185 15
1312 255 9
8023 618 35
8507 894 45
8432 62 12
4434 243 13
2029 776 10
7430 659 7
4099 610 3
8863 724 22
392 49 43
2118 684 2246
2408 587 17
1562 389 14
3766 420 38
7093 402 23
2719 695 18
1049 94 21
6019 130 48
3554 522 69
8428 941 66
2262 622 14
3396 820 32
8464 95 21
6776 102 26
1093 905 8
1105 846 8
8801 730 39
3392 347 8267
4196 585 13
5516 592 16
8618 209 8172
3234 265 46
6402 805 14
2302 216 23
1151 874 38
5583 423 5
7646 29 53
1042 16 4260
4811 484 36
8176 331 12
3000 378 2
2559 935 11
7221 735 1361
7178 552 7
3317 90 27
6039 153 5794
7448 197 7
5823 882 9
2908 674 12
6035 341 13
4698 750 11
8927 24 3
3617 106 22
7703 197 4
2009 564 21
7304 256 17
2422 263 15
3458 67 60
8550 135 15
6465 916 17
1619 2 15
7707 65 20
4772 246 46
2412 676 10
534 238 7
5842 122 25
5420 340 13
787 956 45
1054 870 12
702 476 24
5013 434 6
8302 534 19
5633 130 62
5985 774 13
1652 677 4785
4464 445 12
5629 272 2
3057 951 5
2525 543 18
3213 252 9
5433 172 15
7519 873 6
4164 939 14
8658 55 44
6802 296 22
1058 607 52
7537 769 45
5560 819 72
7732 754 25
5298 561 6113
6933 750 16
1754 135 27
8335 463 5217
7368 848 29
8786 277 3
5840 464 11
8497 831 24
2944 342 27
3951 271 39
3334 551 25
3488 29 23
4490 794 65
3689 341 13
1390 336 24
7648 99 10
5048 461 28
477 890 27
8952 12 56
3276 383 12
8283 840 43
6066 568 30
8311 615 26
5791 469 33
5575 241 50
8191 140 52
2220 381 19
160 370 14
8813 121 51
2908 741 43
199 791 11
768 798 41
638 491 57
4675 354 7566
3639 722 14
2149 208 47
7239 211 10
8937 227 52
8647 257 42
4214 742 8
7436 175 46
8230 872 14
8148 56 43
6873 196 7
6222 832 9
1322 510 21
8932 109 26
5068 740 27
5375 679 11
6899 68 30
1782 108 46
4169 862 14
387 76 4574
8063 233 33
2672 460 46
7719 94 55
5190 0 19
1201 52 70
1399 54 9996
2711 793 26
2784 366 8877
5214 272 5
8575 386 10
1106 68 19
2934 176 13
2431 406 3
4924 101 47
5332 945 48
7706 371 2087
1757 832 5
932 340 11
3171 743 12
2776 392 5
1926 306 17
8571 56 20
326 728 6
5231 17 25
8885 112 49
6204 878 44
4147 255 8
906 57 18
5384 682 49
8562 92 58
5218 341 5008
3654 782 38
1851 583 20
7031 910 31
5755 332 72
8406 11 11
2393 855 6
2797 652 45
8824 902 10
7329 947 65
1107 472 19
6279 743 13
6555 141 15
4757 948 47
380 508 9
3764 82 49
6825 619 25
6884 806 18
4776 96 54
7825 692 60
3802 391 40
7613 571 4
5577 830 50
6783 898 16
6132 882 8
7628 568 5036
3469 608 38
950 119 18
1655 75 8
5805 735 11
3140 10 22
6747 297 22
5305 101 33
5218 940 1310
1436 850 27
7332 429 9
995 630 11
7949 50 32
4303 90 26
7652 203 62
5986 261 31
816 414 16
1178 344 8
8292 14 19
6449 158 41
7672 951 4
8687 484 62
3531 603 30
623 648 25
1594 892 65
915 152 54
7085 870 28
2463 758 3
1213 460 55
6718 254 8
1496 60 30
5773 904 18
3153 725 7
2458 313 6
352 749 22
4522 749 11
1549 835 38
3248 165 6
3242 345 4
4055 917 5
6233 285 8
2351 867 18
762 670 28
8885 744 24
4676 237 22
50 278 15
8541 333 13
7872 720 22
6237 184 19
4469 683 30
647 496 3
6251 530 1369
7331 128 14
5076 102 9
6141 100 19
47 704 3
6431 712 21
6221 105 76
1731 15 40
4290 437 25
8855 602 11
5065 597 13
6838 510 3009
666 236 6
1765 529 22
5203 84 19
3915 583 11
3309 819 47
6618 190 24
7551 909 32
2229 159 23
1351 145 40
9015 52 54
4156 403 6
330 487 16
2135 776 8
3749 292 9
8804 548 30
3396 547 78
5119 621 43
6664 327 42
359 714 8
2655 536 10
2027 338 3
5187 192 15
6175 777 33
1583 272 4
9002 445 20
2017 694 12
2507 32 12
4219 255 11
5104 220 20
3329 61 31
7249 112 24
3526 316 5
4589 865 55
5968 732 45
2813 48 34
5687 204 23
6883 342 9447
3403 48 29
4675 98 3863
3944 87 57
2134 814 11
4050 667 13
684 153 34
4649 69 9
7277 257 33
6663 569 1815
4198 700 27
5483 439 21
7733 215 55
3786 347 19
3530 863 11
2735 652 29
3474 954 13
1918 539 2662
7181 895 12
5850 334 53
909 712 23
326 619 15
5331 459 31
3731 30 4
5298 714 1323
2913 956 17
6505 799 1721
6508 639 31
8110 944 5225
6973 55 36
4341 489 23
476 647 46
5484 3 9
2545 278 13
8879 162 26
2140 848 20
1479 626 40
8405 122 29
8345 251 86
987 298 14
7524 814 6
8293 208 61
267 98 14
7261 36 18
5059 496 1219
2856 924 14
4575 773 7
1807 261 19
7590 927 3
1797 372 12
3666 550 40
6353 909 17
4955 252 6
1533 732 33
725 407 10
2896 595 39
7390 8 4
8412 210 51
7745 45 19
8078 243 10
4833 930 14
1159 9 8
3596 175 57
1751 371 8
1406 29 41
8209 499 5
8844 366 38
3298 384 22
186 331 7
6975 655 16
7296 174 39
7174 745 31
4718 498 6
2612 529 24
6114 61 20
7936 227 24
8069 672 9
1791 846 2611
4948 447 22
3256 116 3
3044 886 15
8319 405 31
4236 612 23
8393 799 11
7446 661 29
8954 88 2231
1034 789 9619
1979 767 11
5623 242 12
7626 629 32
7990 834 41
8802 314 2
3983 872 28
7395 564 8435
8507 246 34
4996 299 13
6146 286 54
303 207 12
4519 878 5448
5075 779 18
2787 66 6
3944 319 39
4006 509 42
6320 839 20
3629 364 11
4726 30 7
8111 74 50
5662 868 28
5654 871 22
5176 543 31
8210 126 30
4918 908 10
6151 700 45
4085 130 42
141 331 12
2248 728 4
2060 153 49
2388 624 64
3938 339 22
6341 381 17
4319 639 36
1052 445 18
8653 584 10
4544 837 85
2428 584 25
2739 167 26
1574 657 24
6224 608 36
7274 751 12
8947 6 18
4074 363 1801
1652 776 2307
2396 414 23
63 104 33
6301 850 31
7728 331 7
8615 211 29
3344 476 43
5794 177 24
3842 499 4
3894 418 11
4635 844 6
993 556 36
602 184 8081
1190 650 6
412 713 2602
688 703 14
4497 115 11
1357 364 13
108 43 11
1377 149 62
4059 547 69
8835 835 21
4042 918 19
5290 450 27
6844 70 8
6695 65 11
920 70 7
7512 634 8
1504 53 44
8569 591 13
609 661 41
4997 953 35
3008 250 80
4500 50 44
4713 219 16
6091 42 28
7947 360 44
8239 672 17
5199 625 12
234 450 32
223 865 41
2499 734 46
5609 752 9
8108 803 29
1963 862 17
1196 375 9
5567 892 53
2151 814 5
7231 432 46
376 460 45
4633 549 42
727 134 6353
966 520 52
1916 347 11
4487 43 12
646 457 7623
6607 420 40
689 219 15
2481 238 8
6946 518 10
7801 825 7
3796 505 66
2343 754 24
276 601 12
8568 932 23
7202 223 12
4609 621 57
8089 514 61
5133 855 13
6588 211 19
7855 297 30
3514 278 22
3393 276 11
3244 478 31
2769 587 14
5733 467 19
7975 376 30
489 424 17
1818 438 26
3904 490 12
7650 251 64
2533 554 42
1952 348 63
4416 499 3
3207 537 15
5341 564 20
2114 807 18
5432 701 32
446 671 17
8771 793 54
1368 694 13
4273 179 46
5788 209 54
2836 778 21
3153 314 3
8070 235 93
3518 616 63
3643 216 48
5564 145 5730
4490 373 30
8817 672 12
7075 59 21
1267 685 22
2546 683 44
2555 55 18
3783 551 23
6042 407 18
6906 460 55
474 872 40
1973 76 14
4554 518 6
582 44 15
1687 363 10
3043 933 13
1133 474 26
6873 625 11
2792 919 28
2882 627 2733
5476 700 18
341 26 10
1478 115 23
29 327 29
6089 670 21
182 481 14
6494 480 15
3397 654 14
2206 161 50
3681 780 6
568 503 10
1668 654 14
3690 318 27
8016 37 11
6602 902 16
5894 437 20
224 350 9
1698 45 29
6897 792 7
2606 415 50
1332 324 66
3623 624 68
1126 583 7
4964 489 2304
8423 232 46
1171 444 8
829 561 39
2982 494 11
2864 773 7
7661 142 46
6832 853 4
8097 507 26
7568 837 40
8999 934 13
6476 855 6
7426 588 5
208 866 14
1159 79 10
6512 910 43
3720 744 14
7274 576 9
6963 805 12
5479 755 15
2701 53 18
7815 573 2215
8858 651 12
7305 370 13
8885 102 20
3071 801 60
2263 863 16
8646 791 11
5337 876 14
4279 114 11
8608 369 14
8539 956 19
1162 355 14
508 515 73
4102 871 27
4266 627 7
1585 489 30
3929 453 9
2913 252 4
5220 271 17
6466 685 32
5334 638 45
4232 102 31
6513 947 77
980 705 18
1452 577 37
2868 907 28
1237 392 3
4699 729 62
779 118 61
5082 364 29
3188 439 22
4944 300 49
575 750 20
6484 162 19
3812 768 16
6514 942 11
1123 641 6344
4048 936 28
3832 100 25
1208 932 48
832 566 14
399 610 8
1475 491 46
6156 350 10
4888 921 53
4652 407 16
863 691 5
8232 906 12
6609 570 23
6283 459 28
7390 273 27
4959 248 15
3194 421 7
5535 725 3
4701 869 6764
1712 457 18
8860 894 6581
2790 590 3
2780 201 6
7834 119 9
1088 353 44
4295 860 10
713 138 52
35 412 35
5588 765 15
579 923 8
702 780 4
1940 186 27
3582 175 77
6126 496 4
1592 795 30
975 780 1359
5781 329 32
7825 946 23
8601 450 53
2916 565 17
7598 502 43
7296 208 31
1215 290 15
1125 483 26
429 186 6570
7936 136 22
2684 493 26
4472 788 15
2045 288 26
3801 255 20
5406 752 11
7726 255 18
2538 64 44
3653 553 10
3253 587 14
2923 489 28
8876 753 43
1617 637 17
6983 938 29
1741 817 18
4335 63 17
1478 144 10
7733 930 16
1353 935 7
3202 388 42
4401 409 3155
107 791 9
1612 943 19
2113 423 8
8134 314 2
2105 541 13
5951 202 17
7751 504 9
4875 56 24
5938 346 24
2759 898 3537
1622 593 37
2291 215 62
6481 751 8
8856 268 13
222 672 12
8977 937 44
4822 219 14
6833 803 4205
1371 212 16
1226 908 11
2097 809 12
1733 167 13
8286 32 13
1475 904 22
5709 653 39
6654 854 28
4365 888 38
144 282 11
528 655 23
7053 907 8
8119 288 21
5288 562 15
1029 297 36
921 61 15
8807 689 22
7057 776 13
8569 116 3
3282 463 39
5674 674 4
1764 216 21
1187 287 8984
2483 864 10
1881 734 31
6526 225 5
5621 731 41
4212 657 51
6358 90 29
7822 518 3
3299 80 12
2854 646 52
6976 195 14
6674 619 8
6860 786 13
3476 526 22
3507 282 8
6846 896 34
6876 720 11
3274 245 41
1985 869 21
2364 170 50
2025 451 59
532 302 31
5358 564 25
6338 913 10
3372 637 20
6712 513 8
3057 691 9
619 275 8
5789 231 8
4828 730 24
7387 176 3
2719 919 54
3675 607 39
2397 878 29
5804 409 23
4693 506 68
4497 144 4
5694 604 68
5286 394 4468
3981 60 37
7495 260 25
5486 828 10
5928 894 36
8499 787 9
5330 516 57
6027 299 6
7681 793 47
1841 450 57
3268 137 38
6221 84 26
3263 58 14
3408 918 42
1548 228 10
8307 713 3
7756 100 25
734 276 23
3351 800 35
332 196 6
1315 652 39
801 932 49
6780 611 12
1606 572 2518
3170 754 12
8230 902 6
6321 932 27
4608 155 22
1404 347 29
6816 609 17
4280 271 40
8108 86 26
7259 914 10
7440 410 46
4400 539 12
2892 181 29
4140 686 25
6974 914 30
3445 8 4
5404 881 31
773 810 16
8180 62 14
7393 187 35
2527 884 8
7123 337 13
5868 139 22
8318 0 38
4082 772 36
5922 617 15
4120 241 42
6448 1 17
2489 359 19
4755 26 19
1113 193 30
2019 163 19
588 783 28
8141 688 9
1087 454 38
6759 699 3774
8929 718 18
5831 701 29
656 224 14
6149 68 38
4209 529 43
5963 492 9
7213 221 15
5169 114 6
3166 221 13
5413 857 85
1897 745 23
1430 181 45
1328 230 4
455 192 14
5048 150 41
7003 481 17
3761 159 16
3903 130 49
4543 14 11
837 909 24
3522 480 7
8772 544 19
7709 437 48
937 13 8
8422 116 4
7976 850 32
1227 95 9
3604 958 24
3288 349 63
72 551 34
8109 883 56
2941 601 37
1157 83 19
5813 804 25
1 504 9
4426 317 5
4380 656 40
4602 636 8
4091 376 8861
3739 220 18
6565 426 30
6332 724 23
5632 395 19
1296 491 46
6270 130 47
7984 553 26
5682 781 16
4778 661 21
8375 292 3
7819 392 3
8205 96 115
5533 530 3
7841 145 37
74 420 40
8630 134 62
5074 423 11
1833 436 24
288 254 6
811 924 10
2565 378 9
3356 326 7
5457 465 22
1266 196 4
1803 249 24
7114 20 1634
7142 270 16
2691 670 28
9010 537 11
6502 221 16
4078 689 12
2457 584 18
364 6 21
5929 157 29
4065 817 30
1643 914 21
3524 660 4
3049 502 48
3216 424 21
3169 6 22
2688 418 11
611 315 34
7616 945 58
7780 457 34
5188 449 19
4361 334 95
4505 695 18
8866 545 91
6122 945 57
2202 675 8
7942 700 33
650 259 7
3316 260 23
5672 71 18
34 843 28
3787 906 26
6250 29 61
248 340 9
6389 772 35
5976 617 14
1009 76 12
2133 411 36
2695 294 68
4086 34 27
499 395 29
2514 29 43
3507 333 24
2580 261 32
7870 726 36
7815 810 5014
8411 130 67
6018 345 7
447 956 51
2005 52 35
8783 805 12
5195 292 7
2131 387 7
1113 108 35
8816 241 43
152 217 64
7828 350 6
3300 760 38
7262 877 4
1676 645 9
7988 528 6
6257 648 23
7814 271 7100
3142 364 24
4587 202 18
2497 64 58
6708 554 41
4611 106 12
6823 732 24
1063 332 90
3778 651 10
1813 345 8
3175 864 4
8726 299 7
8952 319 71
754 258 47
1259 698 40
2499 581 7
7437 888 6248
7925 248 18
1798 936 22
7899 928 30
4481 357 18
7929 225 6
2262 525 41
1077 493 33
4977 680 15
5903 735 7
6730 510 14
3552 223 17
1165 373 30
64 870 26
6331 303 8
5675 344 11
7907 117 48
4031 749 23
1287 352 28
1958 825 12
14 506 84
9008 76 20
2436 523 5
9013 300 64
439 358 6
6626 868 65
3926 869 8
2987 953 45
8029 503 18
3799 885 12
7641 750 23
221 129 17
226 316 6
2508 132 28
3445 889 8
3947 647 37
7520 905 7
5130 193 41
1426 226 49
4248 171 6
4095 784 51
3540 89 10
7396 446 5
528 799 6
5759 423 11
4124 489 22
589 697 70
5024 193 14
4856 252 10
5904 793 30
6064 577 34
5478 624 38
7537 439 29
5809 429 22
3743 792 15
1252 394 13
4108 766 13
3179 768 21
7682 166 26
5961 333 13
3935 257 37
8467 877 7
5111 368 12
6438 186 17
84 123 28
5165 504 6
1492 776 11
2891 322 5
7651 429 23
8402 723 11
5812 920 53
2099 618 16
3621 777 38
949 823 48
162 192 16
8637 355 20
7896 102 21
2725 337 24
4494 356 6447
8596 653 43
791 783 13
6359 205 55
4833 473 12
7201 344 14
2486 820 36
1160 467 35
3942 590 5
3922 102 10
8426 406 7
8822 820 23
5840 672 11
6430 296 31
6613 296 21
7523 709 22
7284 88 6
144 333 28
7674 154 30
6454 72 18
4927 389 20
7248 519 4
8975 749 31
2562 899 10
5123 105 59
6602 872 33
1699 515 65
3940 619 18
2406 169 20
1230 586 17
1167 530 5
3616 549 42
4502 77 21
3562 68 23
3042 313 10
4972 187 22
6698 86 18
6268 384 9
7444 627 7
4632 63 26
2803 426 18
6057 430 9
3269 300 50
1366 448 5
5851 295 28
4916 787 9
5397 268 14
5879 558 13
6127 950 17
3865 230 2
877 548 33
5291 399 55
1503 151 18
8932 859 9
778 807 19
8910 575 36
4244 129 14
3923 614 34
3140 357 11
3860 930 14
5944 160 40
3134 275 8
4963 586 9
5454 197 1124
8627 940 2
4136 738 59
3375 84 15
4919 681 32
3434 265 43
6772 383 12
2248 619 8
3729 178 36
7410 125 43
6855 692 70
384 304 68
934 307 14
5058 785 22
3975 656 20
1283 768 41
3043 496 2
3443 878 40
3468 106 20
6351 332 72
5348 143 47
6300 191 25
7444 385 8
2152 696 19
2979 506 66
5512 866 18
2635 877 5
4371 704 7
6765 429 17
2908 80 10
5911 585 8
8009 340 6
2780 662 32
6526 667 12
502 727 3
6820 853 11
751 327 56
5725 53 26
8994 517 52
6632 822 9
4841 835 34
4333 599 9
8730 376 33
4926 921 8950
4166 194 15
8017 306 11
1929 324 89
8117 565 4063
5130 108 41
7308 103 36
7812 101 76
1966 297 29
5031 868 25
8445 378 5
6142 809 19
3951 27 5
8250 326 10
305 285 6
7472 579 40
5054 629 47
7100 726 44
1132 341 14
8014 294 8744
398 651 11
5070 556 21
7466 532 38
6077 121 47
8418 702 21
2611 143 50
3494 489 18
4345 672 7
7244 769 30
8874 150 44
7793 576 12
6014 70 14
1167 954 19
5283 759 10
4741 613 4
1126 694 8
7065 272 2
117 866 18
325 606 3
4093 0 37
4615 738 41
2062 413 13
2787 29 28
3750 462 23
3385 414 7
63 481 12
7201 641 37
2395 205 75
8431 300 91
2866 667 16
4997 916 14
5275 206 32
92 137 52
8992 5 16
7514 164 41
3365 614 28
3078 874 53
3472 290 21
3049 680 20
6925 803 31
8377 833 42
7439 110 8
8527 20 5
483 186 22
3263 40 20
5407 470 12
3221 297 47
4373 505 46
8536 330 27
8935 691 5
3491 570 16
1287 78 57
2181 482 6
8776 4 7
7282 804 14
8196 300 86
1866 268 16
8007 180 35
3907 772 37
8513 7 8
7528 54 12
5143 24 3
382 185 27
5586 139 17
4395 635 13
5420 457 43
4948 425 11
6706 595 62
4923 708 12
6034 57 33
5593 915 37
330 601 36
7264 860 3042
7669 957 16
1528 254 10
5698 306 15
32 31 48
350 255 10
2191 812 50
7584 360 45
5396 951 3
2498 377 14
1056 254 8
3965 877 7
4956 827 16
7867 507 28
8744 809 14
1762 510 16
6851 924 7
7456 108 28
2574 881 45
1766 424 8
8140 956 40
7229 119 13
4081 15 43
2195 267 10
1382 856 43
8877 123 40
668 298 21
2980 188 12
8104 589 23
1442 305 50
3182 556 24
8470 862 4230
5556 171 6
523 151 26
2326 323 36
4984 578 5
8174 348 54
5112 185 22
6677 708 28
6233 469 42
7767 589 34
2296 590 4
2386 805 11
6104 395 27
832 191 16
4416 178 12
5658 140 47
8118 830 38
4948 65 12
4097 463 36
6452 949 30
8522 511 22
6513 915 33
304 241 25
911 694 10
7978 69 5
4125 289 51
5386 155 2157
1353 207 7
8935 951 4
4612 264 15
4521 836 31
4499 341 14
5183 915 38
4206 756 13
8547 546 15
7823 735 6
4542 266 5
6970 292 6
7794 89 5
1868 387 6
2792 695 9
7360 57 54
2417 958 31
8948 354 34
4653 715 5
6510 511 22
6130 692 45
1241 579 63
3526 467 19
675 654 14
6869 849 30
948 747 99
3873 26 12
838 157 27
5576 352 4212
2919 135 9
2300 98 17
5245 544 16
6256 902 18
1301 950 15
7338 319 41
4453 754 8098
7634 779 20
3300 495 12
128 156 9
1982 898 20
5059 933 8676
2799 209 66
6157 182 6
8535 741 22
3017 802 22
436 141 10
485 727 5
4431 620 16
4863 187 31
80 939 25
672 533 28
1523 757 43
4410 364 15
4311 871 40
5862 844 2
6832 129 6
4582 558 16
7313 414 5809
1228 575 51
1292 855 11
2312 733 80
8052 511 27
1422 924 6
5360 880 18
8266 425 15
4218 492 6
6084 413 13
1901 246 40
3768 829 8
2663 555 24
41 875 9
1001 716 22
8468 352 25
1743 26 24
4637 400 3
14 407 21
6378 193 40
8308 389 12
6478 150 21
7060 912 31
7169 620 20
944 821 17
4787 547 54
6415 574 25
237 753 63
8389 730 24
3151 194 27
6508 245 53
777 295 17
3539 41 8
1441 811 73
6150 626 31
10 883 28
3743 604 81
7485 565 10
7251 793 62
6897 262 15
6343 521 29
8042 620 14
8561 817 22
7484 945 9716
6276 943 26
8201 394 19
1023 162 18
8114 607 38
4758 585 14
815 798 56
904 3 6
2358 773 7
1392 672 11
5511 520 54
713 856 32
220 859 6
2867 377 22
6624 86 31
1691 334 58
6264 690 13
8201 912 26
3421 251 42
6581 74 42
6172 408 27
8168 234 30
8315 795 38
3982 650 2
3845 37 10
2309 496 3
4958 588 4
1601 740 30
3879 384 15
8876 489 21
7818 853 7
4571 275 6
2383 876 29
2961 764 9
5071 833 47
5130 250 56
6854 759 8
2990 115 20
6392 808 24
8563 419 38
3630 311 15
5689 500 75
8113 7 10
5494 219 7
3751 268 17
7193 728 10
3314 333 18
387 886 7005
973 707 15
6089 787 6
6890 124 60
1477 181 24
5292 526 39
3530 309 30
6563 38 6
4061 540 25
7971 807 18
3061 26 25
6930 144 11
6600 56 32
2610 216 19
4762 218 17
2475 340 9
1096 917 12
697 156 8
677 455 37
5519 867 42
6713 574 32
6901 874 53
7957 760 51
4108 211 16
3268 686 13
743 568 43
2989 375 8
6040 664 8
4437 454 41
1745 0 26
5580 955 19
3857 51 9
8402 844 4
8790 581 1262
7826 855 12
1969 594 10
7453 860 8
4301 57 21
908 323 27
7727 565 14
6192 141 4
2223 801 57
3903 544 13
5141 921 48
2248 140 22
7171 16 12
3924 384 21
7175 724 29
2895 143 21
5171 289 35
2175 469 31
2902 220 22
6468 408 16
5255 905 8
4148 689 12
8518 216 21
583 531 6
5660 538 24
938 502 39
2522 257 47
6667 405 21
7047 657 43
6302 478 25
7194 420 27
7890 485 5
8168 2 30
2476 107 20
391 30 7
4166 897 14
3930 176 13
1145 209 67
4562 362 7
2764 747 83
7752 514 73
2168 934 15
5994 20 4
7918 645 14
2030 433 2
720 249 10
3717 882 11
7605 618 30
5422 41 7
7639 354 19
4462 210 61
213 772 34
3782 177 27
3040 524 32
1005 113 7813
6578 904 14
4650 765 18
6794 638 75
8738 64 56
2003 715 3
1116 590 6
957 663 49
5039 181 25
494 14 15
3060 648 30
5942 218 16
2260 370 11
5656 927 4
8102 773 7
2104 172 5672
7319 259 5
6675 247 13
837 56 34
6815 327 32
6519 592 18
1902 114 8
4783 338 10
7539 408 17
8458 112 42
2835 103 37
5757 908 6
1373 476 41
4297 625 13
2080 338 3
7538 118 60
1871 268 9
6014 593 29
33 129 12
7406 250 49
7473 270 20
5877 816 27
4832 33 25
4106 702 38
999 493 39
6550 865 52
2515 181 22
1007 353 44
8150 191 16
1223 5 16
6461 918 19
4984 439 17
4018 234 21
1756 600 16
6993 17 47
8420 770 39
9002 536 12
7977 823 57
2677 794 36
8665 252 8
5405 664 13
8857 76 11
3135 311 4083
6923 169 14
5606 93 41
6582 389 32
6303 581 5
6236 413 14
3640 791 4
4890 280 36
2842 487 3786
1030 66 9
3131 375 16
7238 793 39
7352 875 13
1389 471 23
346 542 87
5501 393 111
564 160 5776
4542 696 15
2832 197 3
6195 406 7
1849 417 59
6035 480 13
1400 107 39
7129 500 36
7967 408 23
2542 532 31
2509 302 57
7991 794 45
5388 849 29
5698 105 61
539 182 9
1786 716 27
4647 929 23
6834 799 9
1754 492 10
3780 265 32
6990 239 64
4036 551 31
8592 788 28
3996 201 3
8701 316 1896
3073 671 15
1010 884 1749
428 386 6
8157 839 17
7563 764 22
6231 490 17
3254 17 47
6565 247 17
5669 952 12
4480 720 10
5009 792 1469
5315 137 32
9003 449 19
5759 195 17
7649 318 29
7817 39 21
1531 581 11
21 88 3
4413 741 27
8507 97 16
2630 570 24
1877 209 43
2430 142 9559
2140 28 26
8530 144 4
3074 295 30
6673 8 3
7610 511 8831
1535 183 9666
1684 446 8
7424 437 20
7574 837 91
5910 53 22
2912 407 21
4887 31 56
4860 832 9
2741 495 16
561 742 6
1387 282 6
7854 514 9216
4183 235 70
5268 411 25
3762 380 6998
702 873 4
7490 774 11
2911 508 9
13 327 7673
4424 377 26
6258 38 12
1100 700 37
8865 391 23
4158 742 8
1303 575 62
8516 522 61
8497 253 14
1727 486 4
5164 361 22
5500 451 7620
461 557 3072
3539 280 36
8755 332 78
8923 403 16
125 377 39
1800 613 8
1759 851 9
5589 274 54
5857 209 51
2837 92 31
8697 585 13
6833 86 4185
3470 326 8
4536 768 14
4178 680 19
4231 156 8
5677 342 31
1270 845 15
4003 916 11
2700 745 32
421 839 18
2171 43 18
7085 614 44
6840 214 18
1918 198 2783
6418 330 4655
6568 956 36
1656 394 19
4708 551 27
7422 831 61
8211 430 12
2724 785 9
3589 886 19
1579 454 40
253 392 6
2331 696 18
8139 114 4
7657 250 24
1649 698 35
2571 943 33
155 827 6136
5282 520 46
1060 34 30
2724 258 20
7419 350 3
7026 242 10
4206 454 54
5347 386 11
4213 577 24
996 338 9
1943 241 44
1678 143 26
2460 937 33
7789 255 8
5319 862 20
2993 703 7
4409 615 44
1397 635 16
3803 423 11
8254 70 14
3532 829 7
6964 46 42
2331 266 6
5884 886 24
2967 230 2
1070 368 2811
2074 9 11
5984 334 39
6957 263 35
1052 536 12
5126 728 7
407 225 4
8143 174 62
941 385 11
5529 955 34
8427 615 22
5078 510 16
5198 501 59
1736 119 9
8836 832 10
1928 622 12
261 687 41
8768 251 39
8114 169 19
3210 925 16
4180 195 2633
7406 193 29
51 318 43
4533 515 65
1185 931 58
4223 795 18
1165 794 64
4672 433 4
1055 126 30
3998 447 28
2276 136 39
3785 659 5
2670 235 37
2023 280 35
35 752 7
6840 629 22
2089 490 12
8137 79 3561
2703 315 30
8960 300 67
6656 90 23
2556 403 9
373 564 24
6872 889 4
4085 544 11
4799 919 31
5416 282 8
7072 283 54
1109 6 24
4456 474 20
3487 293 9
1524 403 1980
4279 163 38
3890 148 25
3852 266 8
1229 120 33
1061 641 35
2993 187 25
1018 133 41
7558 926 32
8858 765 15
8682 267 5
7507 901 32
1017 729 34
2702 543 20
4851 123 18
4182 791 5
7910 886 31
8365 658 69
4327 926 24
8952 87 113
4639 484 43
6318 79 17
6965 543 20
6172 198 13
955 310 29
4349 817 46
4845 37 13
8566 607 58
1498 96 86
5355 448 3
4254 878 20
1758 654 19
8274 412 62
1640 724 32
4667 699 17
7338 12 32
930 30 6
1658 833 28
8870 672 7
741 393 76
1586 389 24
8641 739 64
7410 346 13
2101 59 12
1655 743 10
5569 546 6
5862 353 13
2408 568 54
4259 655 37
3288 264 25
6936 261 20
6622 583 6
5744 836 43
628 35 58
8329 403 9
6460 736 20
8178 134 68
1218 732 21
5704 704 7
1900 223 26
4974 284 75
865 76 17
2385 232 53
966 204 13
6441 576 12
5777 756 7
6234 703 14
7800 585 9
2501 789 37
5419 712 13
1407 35 69
8587 602 10
5885 118 58
4465 616 97
7801 446 4
88 31 46
4229 32 20
4751 206 23
8959 449 41
1025 663 17
6291 433 3
6692 283 30
5897 216 39
8627 480 7
7599 670 20
7998 560 20
3409 464 22
7258 430 9
4788 681 17
4732 606 9
4840 668 34
2321 195 22
6050 680 22
1907 196 3
313 308 55
5008 916 21
4059 599 10
1815 953 37
3389 328 44
5430 463 33
4590 13 3
4561 955 14
697 559 35
6685 494 22
685 546 14
367 736 24
4726 802 37
8483 325 16
7635 178 11
652 863 9
6 144 5
2718 875 6
3878 920 39
1158 89 11
4590 586 10
3611 282 7
5324 722 15
6753 927 3
5219 169 21
7960 621 49
6998 346 17
7877 751 14
7853 632 22
6786 221 11
7976 383 16
710 403 13
458 507 23
3608 627 7
3169 750 18
1917 393 9111
8689 465 27
5739 338 6
82 174 46
4503 847 45
8084 312 10
4369 247 11
6103 473 19
3928 433 2
6738 876 19
4987 651 22
5303 178 10
6571 198 10
4514 343 6
4136 95 20
7287 798 65
1307 304 32
2315 266 8
7402 572 25
8875 242 16
2754 585 8
4870 609 21
7916 267 12
3328 263 29
7509 447 20
3138 277 5
8454 139 30
2738 906 17
8624 1 26
1092 223 12
1447 656 21
8077 18 51
2777 19 31
8398 357 13
6395 395 27
2251 26 20
2239 463 29
5539 353 27
3211 923 11
1321 267 18
7686 821 21
310 208 39
542 561 63
8506 105 66
6844 593 16
7793 440 44
4441 504 6
6073 490 12
3718 148 32
7697 449 43
1873 230 7
7563 259 4
3172 140 41
6666 769 56
1779 844 5
4779 235 34
2928 777 44
2566 429 7530
4910 297 39
1631 491 50
3997 865 94
94 67 55
8517 465 22
1433 777 25
1294 760 9346
2655 445 17
4285 416 38
7741 18 28
5657 683 42
548 720 10
127 228 14
4811 862 21
3728 290 21
2750 211 11
7608 26 13
8713 239 82
7225 206 26
6911 84 26
450 190 48
8626 928 29
2082 472 10
7702 184 22
6246 741 56
2400 903 3
2008 255 11
4621 537 24
4747 257 25
6375 309 27
4363 442 8
5087 395 19
532 409 14
1171 95 24
2012 542 8134
2054 301 13
4340 869 19
231 890 47
3478 18 22
8453 624 48
2766 334 94
3860 215 50
8286 101 36
8476 838 52
722 859 8
2537 905 10
1616 541 9
1906 614 8195
4006 52 28
6761 559 35
3346 790 30
818 256 15
476 61 17
1318 239 63
8438 690 14
4905 928 23
4389 507 20
2848 595 8907
4685 1 12
6513 726 40
4550 440 43
3028 929 34
676 372 14
8329 943 25
3756 230 6
5786 912 14
6688 149 108
5635 384 8
3077 165 6
2380 721 14
6767 479 11
6566 118 33
7705 382 26
2658 358 6
986 910 54
6768 161 45
7282 411 19
3936 694 12
3659 203 38
3942 902 11
6105 281 9
668 952 16
3485 802 21
8250 72 30
4999 205 43
1995 358 12
7788 347 13
3097 716 29
7880 488 13
6278 524 27
7851 532 38
8841 170 25
7417 719 14
8843 615 44
79 24 7
115 566 10
8510 65 18
5721 458 33
6428 889 7
6567 567 9888
2863 951 3
4155 591 23
2246 615 9949
2158 259 7
8684 792 6
3359 806 17
8025 590 5
6592 905 12
4975 811 76
2697 605 22
3280 709 19
942 325 34
746 515 75
8208 116 3
3700 617 8
7853 952 11
6511 141 11
6281 531 3
851 651 11
8746 36 23
9009 765 37
1548 347 20
5474 269 3
3620 70 12
2130 502 39
1552 365 30
1503 568 41
1722 348 56
2220 793 47
1995 24 6
3151 897 21
6681 417 42
4648 660 3
5558 43 10
3539 860 13
1179 261 30
4915 620 14
4626 505 74
4690 454 50
1275 573 9
8921 665 4
8678 532 50
7656 568 33
475 383 13
3986 654 15
6079 339 36
812 946 20
6746 201 7
358 598 7
1926 84 29
7773 189 23
8071 915 37
1031 824 24
2537 59 27
3899 288 30
2900 590 8
5136 233 28
2134 483 32
7032 589 28
4302 129 20
7455 184 9
4114 737 4
6523 449 39
969 701 37
6775 314 5
2488 778 19
6475 67 62
4114 891 16
926 684 9
4033 82 36
5439 758 2572
1135 679 9
4255 598 9
6252 5 14
7919 215 52
1034 659 1230
4150 108 4922
7958 129 16
5007 849 49
8233 272 5
7747 452 3
6364 230 2
4314 825 6
7067 655 28
8821 281 9
1846 75 6
984 707 20
1016 285 6
612 768 14
3484 68 21
1902 163 31
754 395 23
7327 768 29
7856 287 55
5169 773 7
4922 85 9
3327 908 4275
8456 161 46
8898 833 43
685 715 5
922 361 18
8403 335 25
7943 353 62
875 418 13
6439 515 66
108 545 33
8880 882 16
3059 86 28
5208 184 10
6877 236 16
3641 782 27
4075 702 5258
1142 586 28
5758 136 23
7225 22 20
5804 302 57
579 356 30
6210 708 28
1011 43 18
5795 609 26
8325 891 8
4605 397 11
4789 423 10
2277 414 17
1117 766 22
3705 245 41
8925 883 41
6559 607 45
3080 225 6
2092 413 11
8600 836 58
3645 535 38
1072 128 19
1318 312 15
165 56 43
5158 916 14
4379 458 18
2602 179 42
8285 141 11
6837 529 42
8104 501 60
2770 543 25
1895 883 25
2407 594 12
3641 555 33
8480 89 8
8158 849 42
2121 656 13
2871 777 37
172 398 40
6740 387 14
2976 377 35
5102 830 33
6853 614 40
4892 774 8
5192 945 73
127 347 25
6733 268 8
7738 592 26
5181 549 66
4314 681 14
4973 397 31
6715 939 34
1011 545 48
7844 649 43
8591 330 30
4044 287 32
2551 701 12
8292 349 66
8430 651 20
4454 317 3
5307 783 24
2235 402 16
8269 760 54
3050 874 52
796 28 61
2874 645 11
5536 169 20
8342 738 21
3962 144 9
3890 358 9
6829 444 5
1749 497 42
8016 661 55
3425 434 6
4163 935 14
7854 693 1176
6852 757 37
5950 879 3690
8018 468 57
9006 682 91
5382 868 22
438 355 17
4885 560 36
1890 29 42
1257 853 11
1565 798 32
8376 38 11
6018 382 26
7496 277 7
8539 252 5
3568 756 1717
5390 85 13
5240 507 11
3455 272 4
7974 362 11
6782 66 5
2773 41 10
4283 216 31
1007 844 7
1730 739 101
7613 553 8
6346 70 18
6467 740 23
2242 268 14
1626 685 21
3089 689 11
3755 305 30
4243 54 25
2061 73 9
804 787 6
4823 246 34
4649 398 35
7881 276 24
3782 494 22
7355 177 11
4491 731 5185
8819 95 17
526 296 24
5041 371 10
2075 15 32
767 31 72
6200 877 4
6128 78 57
7244 439 17
5925 664 13
4775 501 44
4980 388 21
3178 743 8
2825 858 56
622 115 11
6906 370 14
7433 892 44
5418 563 5
8597 493 31
2088 750 14
7777 309 23
8200 70 10
4814 292 7
7526 68 23
7356 687 66
414 530 12
8383 273 8646
5999 371 3
2743 548 35
8923 943 45
5452 699 13
6157 27 7
5198 589 32
4083 911 23
484 242 9
1474 187 32
7493 343 11
1365 260 18
178 339 33
7938 275 5
2681 667 14
7541 414 7
3705 639 29
228 605 21
4449 560 32
7676 277 4
6123 203 59
1446 64 53
4874 53 21
2334 40 5195
6818 90 13
4104 846 12
2584 147 31
7418 798 56
2148 762 2197
5219 607 53
6231 206 20
503 702 25
4506 181 15
7053 85 4
5821 769 43
8661 935 12
4121 206 15
2634 477 8
6658 296 27
6449 335 14
5547 273 25
8247 102 3649
6088 380 35
1057 426 35
1132 480 16
2038 192 25
4970 856 46
3925 383 9
4679 368 14
1661 250 26
5090 563 7
4060 853 11
5769 112 17
8544 71 20
7933 391 45
3041 39 9
4051 670 18
2984 840 53
5035 821 3993
296 928 23
6116 814 8
6917 574 39
4313 746 51
1662 845 17
5350 870 13
1545 619 9
8351 400 4
5464 574 49
4139 833 50
3094 101 34
4555 922 26
6454 326 6
2527 378 8
8613 906 20
286 681 23
8883 105 37
3981 665 5
8941 231 12
8104 475 22
3030 927 3
116 337 17
3193 329 48
3132 433 5
3144 704 5
2055 548 33
2329 201 5
8873 900 8
5425 841 23
3053 196 4
726 951 8
522 642 10
726 691 12
7772 175 65
5578 482 16
2949 73 6
5893 200 57
1606 579 7928
4431 183 53
1770 668 69
321 365 32
6829 738 44
6307 488 8
8269 495 21
4312 529 6486
6700 580 5
2149 174 70
2237 547 77
7184 784 34
7932 713 4
1795 902 9
8443 419 43
1348 791 8
7641 462 29
2791 64 8826
2756 789 57
813 80 9
404 29 50
6266 623 31
8827 110 11
1994 454 24
4255 316 12
5079 161 21
5383 267 10
7994 674 10
1109 462 27
1525 850 21
3573 609 36
266 61 19
1396 90 20
4587 818 28
3732 226 10000
1846 743 8
268 513 10
7694 507 23
1033 90 12
6457 449 25
5136 99 12
7783 717 4
5177 629 32
8055 752 7
5200 135 34
639 577 33
9000 689 7
8206 211 10
5872 166 48
4584 548 39
3985 745 33
6251 954 5343
8850 228 14
3270 525 34
1154 831 39
5880 752 8
6538 429 28
3496 58 27
6017 247 14
7572 15 8905
1192 608 21
7592 594 10
2057 931 73
6650 413 10
5467 271 22
2198 746 42
5448 743 10
6246 674 16
3909 617 8
2645 254 7
4133 830 34
4380 281 13
6740 20 5
6934 878 22
5423 511 12
3416 805 10
604 547 57
47 883 21
949 73 7
3790 723 11
2721 120 28
8646 900 19
747 905 8
1404 228 17
6130 946 13
6583 635 15
1936 432 65
6187 247 15
5483 769 34
8663 248 18
8964 113 27
2294 730 47
2122 640 21
5783 428 8
1648 336 28
4172 775 30
3007 445 20
113 323 9271
9007 901 36
597 813 58
1753 851 8
8235 641 37
415 52 47
1293 315 35
7724 772 32
4613 178 26
7110 400 4
3547 861 5
7870 915 35
7959 68 20
8247 744 4376
5343 532 39
6116 185 21
3723 615 40
4743 451 58
6046 838 46
5565 219 14
1247 274 24
4936 134 74
4911 810 29
7967 198 10
2172 62 21
1620 468 87
5603 591 11
3758 664 9
2149 455 43
5243 92 30
2545 372 14
7384 810 32
8328 343 8
8314 435 23
7725 559 19
7435 535 42
7821 775 30
2465 509 73
2317 703 9
8386 50 45
7065 277 3
6372 183 60
8062 431 53
547 128 15
5106 368 8
3915 901 40
2123 759 5
4955 956 31
6496 884 5
859 228 13
4436 683 75
143 509 57
5195 162 22
2019 773 6
1707 550 52
2961 927 2
3853 652 45
1471 118 47
5886 234 13
2926 573 11
470 199 22
6703 475 24
6057 943 23
8238 687 44
2014 586 19
863 951 3
265 384 16
3957 474 11
8474 385 9
8162 339 47
7876 872 26
8673 938 68
1844 693 6
8751 467 46
1239 311 10
3219 12 4179
3438 592 18
2937 390 6
6041 232 38
7859 446 4
8008 826 11
770 202 34
5923 406 8
7078 815 8
8625 948 24
1174 299 8
2277 230 4
7728 39 20
7506 251 90
2953 316 5
8902 327 34
7765 948 24
3848 582 30
3358 527 5
7936 538 24
6282 116 6
6013 185 27
1190 662 34
2624 71 16
2874 768 20
2887 204 25
7361 863 1442
5525 353 9693
2958 553 8
5792 616 52
8926 849 38
749 844 6
677 208 49
1032 39 22
2828 885 10
5885 882 12
1423 624 44
3692 731 32
8869 158 54
3209 751 6
1348 900 17
6907 410 38
1726 261 30
7778 433 1704
8901 485 2
6924 692 86
4161 504 11
5976 453 10
7218 264 21
9013 224 12
4648 422 11
7350 216 27
6716 679 11
4933 901 25
2577 617 12
4369 426 19
2311 809 20
2408 151 21
7041 572 9
6681 807 16
8396 729 37
3805 872 36
2286 808 16
7117 554 20
4182 900 9
2440 840 76
1390 784 41
4316 333 29
5044 103 50
1125 185 32
3320 170 48
8144 645 11
7884 43 28
3724 672 11
1852 602 4
1573 552 14
8182 82 49
5128 179 9834
2227 938 71
8323 920 32
247 701 28
8797 614 22
7141 482 11
5316 308 46
8842 659 9
7188 767 19
3822 233 26
5010 829 4
263 624 9625
8707 176 2969
1263 941 34
7268 113 34
1386 469 25
5451 755 21
4829 199 20
3837 561 33
1086 139 28
7185 430 16
4196 131 37
1857 727 3
2604 402 19
4040 716 26
6763 427 32
3867 740 19
6640 144 5
8458 102 22
8751 598 7
8214 86 18
4889 364 21
683 364 35
1782 250 62
3379 939 23
6808 470 24
433 649 82
7160 468 60
512 192 24
4324 790 36
3147 646 52
7272 787 6
5444 111 38
5110 696 15
4930 33 34
2729 776 13
346 526 44
611 468 89
1792 617 9
4698 6 16
6337 354 23
1887 879 17
7542 71 8
925 38 12
5609 4 10
8521 701 27
4783 230 5
1635 831 20
190 479 19
5949 129 12
703 605 13
7316 2 16
1 81 30
141 39 29
3749 162 32
3546 600 22
1310 900 15
452 254 10
46 328 28
8586 580 1087
7997 414 17
2306 715 5
7134 474 15
8611 43 21
3806 183 24
5241 723 10
7029 434 6
3999 565 14
5326 137 38
102 357 11
2653 212 15
566 804 21
28 662 24
4057 768 16
130 737 4
4455 15 58
2442 843 23
1398 878 21
2183 378 4
7617 738 33
1464 299 6
502 184 10
5887 256 11
6551 190 54
7366 231 15
982 220 18
7409 710 27
2600 816 19
5679 422 29
4385 469 17
6723 733 64
3110 187 8188
6176 591 11
8960 854 35
2834 330 15
2670 759 4
2491 7 1193
4081 537 21
5648 405 47
853 635 11
8537 852 10
166 625 2252
5471 737 5
4239 902 2547
5532 381 22
1856 223 21
3357 841 53
423 707 20
1789 830 34
5633 544 15
6755 744 33
6015 262 17
5448 551 24
711 349 24
2474 451 44
5197 669 15
6522 341 15
9006 718 19
4278 497 93
7055 312 16
3577 687 50
8384 562 10
7380 769 46
4691 861 4
2352 485 4
1194 451 35
2520 954 30
8572 865 53
5738 690 13
2968 281 11
6131 645 2862
3255 138 36
3515 934 13
7833 793 30
2785 320 8912
3508 152 61
4096 479 12
6651 856 48
2504 678 60
2902 329 47
2951 10 19
615 788 23
4938 860 14
5365 160 26
8948 98 16
3006 335 13
7223 844 6
7942 38 12
4207 681 29
1343 111 35
5761 376 52
1280 230 2
3651 350 6
6203 826 17
5521 154 47
3124 814 7
7778 471 8550
8293 174 75
4562 933 12
948 222 22
1929 71 20
2018 722 13
4928 44 11
1340 849 6683
3940 140 41
3127 505 103
2712 492 10
8594 266 8
7470 153 38
1702 725 7
3926 314 2
1908 918 30
8440 705 24
7380 439 26
6007 830 56
6942 435 45
814 742 6
8475 182 3
4570 127 19
8737 910 44
8097 485 5
1317 157 31
4854 209 52
4478 433 3
2963 430 7
5721 92 54
5454 117 8646
5519 733 79
3929 313 11
216 545 50
3248 756 7
4352 691 10
4845 661 77
5510 119 18
3204 344 6
6912 727 5
4651 116 6
5371 286 37
848 387 7
4045 892 45
7950 146 29
5908 598 4
3066 170 53
1121 660 3
4629 427 29
1441 924 12
5165 81 24
785 110 11
6918 840 68
1596 824 29
1837 37 8
2323 57 19
7980 455 51
518 355 33
3401 149 82
5543 406 17
8765 956 22
6946 154 47
8721 687 79
8201 168 12
8208 591 11
4621 15 52
1638 785 3752
878 103 70
2674 107 24
148 172 25
1310 791 9
2883 825 7
7158 407 18
1066 133 7818
7353 301 10
6895 951 6
817 424 18
4917 481 21
164 386 6
8795 31 49
6178 257 32
6223 425 14
5108 605 25
2559 160 28
3049 797 10
4821 58 16
6537 701 30
2705 275 9
3071 423 11
946 416 24
2889 293 22
6939 563 9
1559 879 17
2280 953 49
6736 562 12
8149 242 17
6152 195 13
5490 650 4
8012 353 44
8617 254 10
1921 644 32
22 272 4
6451 541 11
5824 892 7271
3090 114 9
1555 391 15
3401 357 15
6028 433 2
679 392 5
3365 870 17
8042 183 41
5371 248 18
4917 104 52
6443 142 73
5514 527 7
5050 689 7
5285 422 14
7683 795 61
6038 377 21
3833 761 13
7305 460 48
3032 367 6
3469 597 17
205 890 14
2477 606 9
2602 3 5
6013 483 22
8576 692 9892
4895 126 24
5660 136 26
6403 105 58
3053 673 37
3766 803 24
1208 718 20
7691 738 59
7294 906 3361
4469 557 9
807 103 63
2752 731 36
6331 156 8
91 408 15
8902 742 6
4330 863 12
7592 469 17
7630 871 37
6307 757 22
505 66 10
7437 382 4549
4007 932 27
482 131 22
2819 217 66
543 938 47
3471 180 24
8026 521 61
1962 825 9
7144 481 16
7279 266 5
3170 406 4
8702 480 13
645 320 112
4020 47 18
5514 898 24
2866 225 7
1521 334 53
331 146 9
1111 580 9
6031 590 4
3871 11 13
7037 301 15
2901 386 9
5121 425 15
6275 770 39
3228 863 12
3214 175 96
4702 137 85
6572 745 40
4014 653 32
8238 363 9
6347 186 17
4389 485 4
2884 193 26
7130 280 39
560 798 48
1777 117 53
7531 890 25
5057 315 38
5176 44 20
5875 612 16
2955 813 40
4803 152 55
4472 124 37
955 261 14
3168 463 32
5085 212 30
6175 942 12
6450 116 3
8132 550 75
4095 336 26
526 606 9
2308 718 19
3259 649 107
4482 584 20
5540 928 44
1206 418 16
4617 650 7
6810 729 53
1354 689 21
5021 174 70
2492 53 27
4839 535 39
5853 883 34
4341 753 59
2987 958 25
3710 691 6
5249 767 13
4498 754 41
2360 120 14
2603 748 34
3306 907 18
7779 564 24
1535 620 3147
6362 341 7
6047 453 6
5974 387 25
7270 255 8
474 902 15
7729 725 4
3688 950 5714
5717 663 56
139 774 9
2372 63 9
7144 36 23
2710 277 6
832 294 45
2190 697 76
1147 900 9
852 237 25
2225 508 10
5618 652 13
1428 742 8
4008 353 43
6118 818 45
6463 159 11
1662 846 7
5362 227 32
2547 956 25
3165 723 10
7816 189 19
2447 81 20
3420 337 34
8200 593 22
8887 939 14
3664 655 32
8375 162 9
1405 361 17
4479 662 8018
3 542 108
8492 231 9
4678 94 43
592 424 9
8149 637 17
4237 529 20
6648 208 32
2160 681 26
7036 772 39
5449 242 8
2885 868 52
7066 806 20
7300 824 19
6999 197 5
3131 519 4
6937 401 95
6518 207 11
4145 274 55
3545 728 1633
2557 239 72
3747 288 47
56 895 28
4513 6 18
8732 344 7
6338 676 6
5675 641 27
219 516 28
6935 375 8
5222 429 34
355 771 33
3959 798 40
1503 587 12
5466 322 5
4456 729 63
3644 664 18
1160 598 7
7671 827 28
7866 760 40
7004 106 12
3748 78 61
4066 388 36
8739 786 16
4347 117 23
8401 734 75
8134 869 8
5303 499 2
3502 523 7
5094 733 61
1774 780 4
4912 246 23
732 212 19
5994 90 19
4129 860 4
7755 504 8
6400 919 47
6323 899 10
4998 326 6
6536 381 15
7483 931 45
3155 672 13
5581 620 10
3132 471 26
71 351 8
6035 940 4
2469 936 40
4479 201 1636
1136 226 45
8045 332 61
8481 745 23
7996 782 37
5373 661 9313
6707 668 70
8905 810 15
5723 365 38
2156 172 23
2770 400 4
458 485 5
5676 836 36
3906 833 24
8542 254 8
7218 14 14
7388 618 11
1717 493 34
3482 952 2598
1276 186 31
3932 456 45
1225 765 28
7124 370 12
5612 879 31
6455 233 39
544 202 22
7019 443 14
1824 476 40
1338 304 85
4068 372 8
5046 676 14
1111 775 48
8907 632 29
8430 765 32
7807 432 33
5299 845 14
6333 800 7311
763 819 79
6405 670 30
5583 801 29
7656 587 11
6545 915 18
446 434 11
1456 89 10
1922 490 14
6097 363 8
2085 458 23
8835 838 48
133 481 13
2188 367 6
3280 622 12
161 343 9
7989 589 14
7290 549 9580
1710 161 23
5866 279 21
5615 847 35
583 150 44
5661 458 4325
7568 753 27
535 376 49
8757 662 23
57 497 53
1232 8 3
2975 690 13
3789 442 7
5550 506 73
7097 216 42
7114 90 8630
3933 689 13
7581 631 4119
1830 804 27
6313 146 29
762 787 8
1963 484 31
5626 123 38
1320 403 6
394 359 15
8688 673 77
7527 869 9
7292 256 11
8706 839 18
1400 541 14
5859 727 3
4357 875 15
8165 107 26
8893 402 17
392 494 20
8831 15 52
8249 948 43
5946 120 32
7348 22 11
3022 191 31
6771 465 14
4641 252 5
1097 782 44
3544 941 69
7429 161 39
3632 745 20
5579 719 10
4935 955 14
3346 385 12
2361 581 7
5774 903 8
3994 307 15
6584 700 50
1524 430 2348
1281 35 36
3355 181 43
6692 326 6
6995 637 19
4976 596 25
1836 821 23
7093 842 15
4683 62 12
643 95 28
8482 376 38
2648 457 12
6087 38 6
2147 801 59
3249 640 27
4190 866 15
1588 192 14
8835 906 17
635 57 49
4767 152 57
2477 296 25
8048 69 4
3752 492 7
7838 790 20
7042 203 42
2790 872 12
1023 292 6
7311 148 21
8749 311 11
6416 783 25
3768 721 27
2197 370 11
8815 864 7
68 879 13
2279 317 2
6113 77 22
3055 418 26
1244 434 6
5224 654 13
2687 450 33
977 251 62
6622 694 6
90 597 3546
3674 358 13
5718 918 29
8761 212 14
5333 64 36
6440 817 32
3950 65 12
4147 532 26
4453 406 2932
983 241 20
437 822 14
7182 419 16
7112 328 19
8715 371 9
8452 303 7
3335 929 8135
6069 576 13
1690 782 43
1346 521 64
6532 861 7
8180 602 7
4035 26 10
1656 168 11
913 615 39
3727 688 4174
4183 759 9
620 867 35
27 168 3
1518 159 22
3652 181 46
5746 371 5
6217 580 8
7857 144 11
8465 259 2
3291 404 87
7720 181 36
8558 100 5092
3543 106 24
5587 83 27
3054 955 18
946 309 19
551 947 34
7665 940 4
7662 662 22
5050 364 15
3521 731 44
7496 272 5
970 410 33
7813 113 32
5781 220 14
3134 398 39
736 487 6
8299 743 4
3064 899 4117
7378 235 68
1984 452 5
657 724 11
8859 429 18
6574 648 19
5357 48 49
1623 769 22
7844 534 19
4476 829 4
2876 861 5
7978 275 5
8398 10 30
1501 54 15
3363 248 19
712 793 30
4306 488 16
5959 559 35
1608 583 14
5029 254 8
5376 606 8
4844 709 3233
5644 373 35
2909 951 6
2773 280 38
213 199 23
7468 435 19
7698 301 12
2359 309 24
896 175 45
2288 84 24
1709 495 8
6137 720 13
6368 434 10
868 366 27
8669 140 44
8505 558 11
2705 69 10
7937 56 32
3218 937 39
2570 408 14
8828 825 6
1699 859 9
3058 321 24
6755 112 65
5967 252 10
783 821 21
1988 921 51
6444 722 34
2212 194 11
7192 301 10
7523 525 44
539 271 62
5901 145 23
24 842 2377
154 478 17
7584 194 25
2179 839 16
8787 172 28
8170 699 11
5890 492 11
2543 325 17
67 935 8
7207 818 27
5574 650 7
2931 98 6
2343 406 8
6257 600 35
4345 113 19
2228 38 12
6102 345 7
7943 844 9
5107 669 16
8086 955 19
4315 456 39
6703 501 65
938 680 17
5395 71 14
4652 582 28
8908 173 53
6125 626 33
7679 254 10
5524 602 10
7094 765 21
8149 366 43
5346 817 23
3716 856 58
8329 430 10
1569 710 38
7539 539 8
5304 312 12
7255 560 32
7472 572 13
6324 14 10
6795 594 9
2823 730 22
1027 285 4
4415 444 5
7673 663 42
8886 2 2751
1583 822 15
1895 704 4
7165 121 66
6499 674 12
1877 91 27
4007 718 11
7893 391 17
4140 137 63
2223 195 13
8388 674 8
8127 630 12
6814 52 33
6235 893 4
2041 309 27
4867 583 10
7809 585 2973
5301 498 11
4333 547 69
1585 753 64
5646 488 15
7970 60 61
2135 82 25
4677 421 5
2247 28 32
1616 107 26
2846 469 21
3563 711 30
818 918 26
1724 920 65
7047 498 13
1412 620 23
3912 385 7
6980 196 11
3720 112 25
4360 381 8
5484 179 82
4580 310 50
315 558 18
1884 826 8
7945 461 13
7334 935 10
6710 454 31
1403 341 7
3966 550 58
1905 431 53
3685 826 17
6538 452 4
8380 854 24
863 276 12
4249 565 16
971 276 22
3906 436 12
4566 547 61
8415 386 12
2864 163 20
4154 955 22
1420 593 14
6245 715 5
1359 902 9
6628 677 22
5137 392 5
2029 82 30
6168 3 9
7987 876 25
2974 769 48
5238 215 46
6746 650 6
3635 394 13
2673 156 11
6478 461 14
6401 735 8
6970 162 16
5113 123 37
6468 198 7
412 679 7658
1460 331 4
3460 634 10
3598 491 33
5555 291 54
3081 31 43
7721 922 15
914 514 79
7297 459 20
797 333 13
7033 647 69
2067 273 28
6479 287 28
2046 839 8
1986 52 67
3396 599 12
2595 225 4
5517 17 24
8852 923 9
5496 528 5
1429 213 22
847 100 12
5178 699 20
3893 488 11
2522 355 26
7814 182 1087
1188 533 21
3233 484 66
8217 197 7
690 701 19
4048 79 14
2647 50 33
1333 567 72
3809 503 3813
245 748 79
1728 263 42
5174 673 50
5604 829 8
2645 126 24
2558 347 22
357 287 29
513 63 19
4008 723 16
4419 668 79
2513 363 7
1240 449 60
1863 925 20
8823 445 13
3599 634 3
1449 955 31
1434 166 44
4890 41 9
8262 258 49
5957 440 27
5281 59 28
5738 466 42
6441 751 16
7459 723 22
7074 546 14
1569 164 43
6279 75 9
1077 675 7
3023 398 28
1671 413 13
4137 187 38
5771 282 8
264 765 15
2126 478 6660
5878 78 72
2954 115 18
7124 460 43
4790 517 39
671 736 4482
3358 898 16
3053 625 9
3031 457 20
7404 184 11
6023 626 20
5006 197 5
1466 323 54
4075 351 1008
2681 908 13
4359 426 32
3022 566 22
1751 777 39
2453 664 11
8527 90 27
1730 948 56
7935 523 8
2850 782 26
8494 139 4538
3390 173 47
6664 742 9
7790 296 11
7208 286 42
1746 918 36
333 880 23
2552 304 51
1769 144 5
8919 452 4
3163 663 47
866 476 23
3424 477 5
1262 934 27
1958 681 23
6202 463 25
7846 617 16
7159 529 28
8485 345 6
662 913 24
4017 606 10
6388 764 30
8488 327 40
6879 49 27
1986 509 102
6033 303 7
7208 716 26
5235 779 19
6855 786 10
8607 586 11
2199 594 16
3058 581 8
3682 901 27
7868 700 26
3361 805 11
4106 21 18
4809 480 16
5003 204 19
7081 617 13
4893 956 33
2715 553 18
419 335 9
5781 374 3
2475 717 6
2951 149 45
7645 87 36
8696 955 24
1379 558 21
8309 508 3141
5289 127 38
3227 537 12
3037 324 92
1493 518 9
2341 564 22
4801 697 36
7026 637 11
8152 125 34
6583 37 11
7407 927 3
6658 606 9
8807 364 43
4989 404 41
7089 505 70
2763 141 4
3983 590 6
4381 934 12
4268 646 4421
8990 228 17
2224 231 3369
4232 112 57
7820 107 29
2828 270 16
2918 211 8
2008 532 33
2517 414 13
5618 231 5
6521 261 17
8749 654 17
6271 719 13
8416 747 8636
3122 359 8
7389 882 6
5179 377 23
8666 190 59
3864 40 24
3722 397 24
6514 777 30
541 449 44
4095 391 40
112 686 29
2096 499 6
6446 417 47
2213 325 23
2098 830 25
8117 431 9961
6159 17 9663
3337 937 41
5863 474 25
3056 100 14
6379 648 25
1450 170 26
8054 942 7
3462 779 10
1807 310 41
1332 71 17
5205 696 10
1047 851 2674
5476 38 7
8326 862 24
4844 622 2015
4912 97 11
7062 214 50
1380 953 39
4525 341 16
8424 382 30
5296 875 7
1425 313 10
499 785 24
3067 576 11
8778 31 47
5765 939 33
8895 901 22
2587 392 2
1842 154 54
3286 220 28
4668 624 55
303 935 12
1094 104 43
1471 882 10
1169 903 9
2858 163 27
1353 160 17
2586 571 6
8761 443 15
5186 863 14
3483 356 35
7415 266 4
3147 94 51
4868 424 6516
282 475 3028
4936 782 43
3330 151 22
1703 405 47
8381 333 27
7753 159 12
8078 424 18
6196 883 24
8048 398 17
3378 765 30
6378 108 41
491 670 26
8333 890 13
500 131 28
744 491 22
5319 484 39
8897 691 10
4326 47 15
7207 202 17
3791 613 1014
4658 639 35
6896 136 38
2491 265 7871
1493 154 37
3037 71 25
2685 504 10
7842 526 39
8511 312 14
2751 31 36
3391 679 10
557 686 15
5967 956 48
7394 301 10
2240 96 68
3085 498 9
7324 952 10
7730 617 8
1590 547 89
2628 565 23
3500 375 9
8032 469 35
4737 352 36
3455 277 6
4829 368 11
7981 90 13
6228 413 12
7768 937 27
7984 571 16
6437 320 42
238 854 45
2386 606 9
8128 861 1034
1770 426 32
7454 718 12
673 937 33
5921 131 26
7354 386 6
7970 665 9
547 417 34
3405 528 4
7192 569 6
7846 313 12
7495 649 61
6825 728 10
6335 449 44
1393 45 4751
2208 119 22
6298 664 22
8612 389 25
4315 636 10
7443 394 18
917 466 29
7348 490 13
7314 631 33
1717 675 8
2074 79 16
324 346 14
1589 321 40
2904 237 12
5225 839 25
7508 856 40
6012 716 15
1547 725 7
6188 917 13
5300 320 98
6483 494 14
2755 246 35
3277 843 27
7547 422 27
5147 817 50
8006 72 4366
3016 377 32
2338 540 9529
3209 576 4
3291 832 11
4681 351 3
7420 644 22
4787 820 24
8690 470 32
2834 74 29
888 63 7
8828 681 15
6592 59 33
7299 705 27
8008 687 40
7325 385 11
2371 26 22
6882 129 5208
5715 376 56
941 790 31
1409 794 41
8839 548 25
6720 587 8
1961 866 17
5684 70 5
1905 565 24
7908 331 3
1037 624 64
598 286 31
6272 58 24
3622 663 52
4746 867 16
2559 207 12
7654 487 13
7895 55 7444
6668 315 33
5282 204 14
7530 622 10
7913 605 19
4913 486 2
284 710 59
1532 839 17
1759 922 20
6235 546 7
1581 152 37
6978 496 4
5310 294 78
7590 764 21
5365 935 12
6045 185 5290
8320 231 17
6404 169 9
1690 555 45
6248 500 69
5252 531 5
2591 595 61
4574 538 32
7207 343 6
6701 134 53
6803 878 40
453 435 21
431 362 12
4391 285 4
1791 845 6575
3453 32 11
8839 857 53
8895 694 7
5907 258 84
3998 425 17
8457 427 37
8746 481 16
7051 405 38
5941 878 17
2577 313 10
5043 158 48
6516 836 27
3767 478 30
7511 687 31
2151 483 13
6608 615 24
7269 669 19
3324 454 32
560 240 101
7185 943 43
3972 528 12
1602 221 1236
3836 847 28
7264 41 2152
4193 635 10
3171 551 23
6556 748 48
2567 58 32
3237 25 20
8075 904 15
6892 410 35
8221 656 12
581 824 23
5187 143 27
6587 722 12
9014 566 25
5880 412 37
495 827 14
3697 578 6
8421 675 7
8111 330 27
7900 528 12
3237 795 39
8332 135 17
3860 473 15
630 856 27
2096 178 26
4724 20 5
8228 166 24
8747 779 22
3010 941 82
8982 341 17
6436 398 24
7617 95 11
6581 330 20
192 465 17
7398 61 9
8218 496 6
1511 903 7
8192 463 30
8928 819 34
907 656 12
7582 843 28
4256 434 13
5074 801 59
792 123 44
6566 882 7
2953 467 22
3312 287 43
2462 612 13
7595 59 14
7117 569 5
1099 788 18
3025 340 11
8735 22 18
7313 338 2576
1544 749 22
5773 491 43
723 156 13
2363 251 73
7032 475 21
1281 328 24
5593 726 41
2032 903 8
6295 708 26
3299 674 15
1247 778 15
6043 23 21
70 428 2588
7474 3 9
3183 36 31
616 274 45
2935 141 11
368 885 11
8945 126 33
37 324 32
8020 394 7
958 399 48
841 339 21
1698 623 37
3205 267 14
8309 712 8469
5846 129 21
2688 623 23
8633 886 31
3954 681 25
7421 333 9
2720 663 8011
393 628 45
5088 805 9
871 956 43
8896 323 55
2279 722 14
7403 628 40
8033 737 2
3634 734 28
7769 144 9
8241 139 33
7578 62 14
3048 171 2322
3561 627 4
5036 880 22
2887 520 90
3797 322 4
8034 756 10
8833 842 17
1513 922 25
667 559 18
2103 44 24
2615 214 18
1573 562 9
7969 680 18
7683 25 31
7974 933 22
7860 684 17
3817 59 21
8355 872 32
2978 656 25
5266 232 28
1729 20 4
7048 89 4
1715 700 25
1461 561 54
2280 916 19
5269 407 13
285 566 18
1838 219 16
1539 928 26
101 123 38
4644 350 6
6993 477 10
898 169 19
4588 206 17
1374 25 24
7374 27 5
1694 498 12
8436 389 33
1346 684 17
5391 558 11
5849 522 58
6387 262 10
2832 117 25
622 144 5
4841 838 84
5880 4 7
3537 410 38
8585 927 5
3358 920 42
5542 928 39
130 891 20
6650 688 5
25 317 5
1057 247 22
3003 365 34
723 559 54
7389 118 25
8374 69 8
2183 884 4
3461 544 14
874 874 52
6948 892 67
8785 389 20
6541 145 24
7822 154 16
819 413 13
8140 252 9
7520 59 19
3451 846 14
6849 449 26
687 925 24
3844 765 20
6146 716 29
3082 180 19
1843 496 1
678 404 36
7567 806 12
4182 88 3
1344 937 53
1339 11 22
1142 13 8
967 873 8
3087 856 34
5443 808 19
4039 897 17
2170 841 25
7432 167 15
8341 71 17
2018 317 3
28 201 5
5585 881 54
2715 571 10
5978 605 16
1622 70 21
8055 412 34
8090 648 16
5706 375 21
6728 831 6849
3834 809 13
1451 763 1792
5525 723 3937
7159 1 18
191 434 6
8341 324 65
4965 112 44
7922 550 81
7121 553 32
4694 256 19
836 770 31
6059 351 9
9011 280 12
1172 146 28
8953 940 6
8317 320 66
835 467 39
2036 636 7
7358 193 24
5261 930 16
5447 730 22
7010 508 7
415 509 76
3184 255 9
5966 412 40
5356 795 43
7089 234 25
7734 273 23
7713 180 15
1040 18 52
5127 688 11
5964 578 6
7073 775 53
2519 839 20
9012 199 15
5760 545 52
8866 43 27
5479 796 24
2576 255 17
4399 683 58
7588 818 25
8144 768 23
995 153 25
2988 632 31
7543 518 7
2200 801 25
5808 135 9
4388 449 29
3266 522 5520
5157 742 10
551 915 14
4504 358 10
5975 376 28
2839 805 3932
4178 502 50
8950 860 14
147 364 14
547 807 13
3597 400 3
2575 223 16
649 148 23
7154 850 11
2076 170 44
5966 4 7
7035 610 6
3624 364 9029
250 951 7
7913 714 8
8348 48 54
3109 532 40
1674 133 37
3603 112 22
7690 346 24
5827 856 52
2441 510 7
5017 370 9
419 158 22
1406 66 8
7778 322 1689
7106 651 3937
3561 790 9
6530 347 29
3695 672 19
7080 758 6
2760 42 21
3747 875 15
5311 175 82
4350 178 20
3271 311 17
391 802 31
6922 73 7
4653 546 15
4008 844 7
6348 255 3173
116 524 25
3456 758 3
6636 465 17
1964 870 14
8295 676 6
1231 806 12
5793 749 6957
2380 829 4
4457 27 8
2040 79 11
3549 332 9150
4783 414 19
6937 221 11
8642 917 10
4321 453 12
8170 348 26
7703 117 38
3125 836 47
7239 766 7
7973 434 10
1016 469 29
7887 516 45
6124 396 26
324 125 43
2423 806 9
4359 668 77
7791 37 8
8310 78 59
8532 14 18
1195 241 54
6756 257 56
5246 473 10
1904 303 8
2928 942 16
8709 77 13
7693 26 12
6300 566 17
2063 263 21
5903 804 19
7712 206 29
4703 279 8
1099 289 24
2010 808 19
668 632 30
7098 260 2574
3145 306 17
6069 751 18
3793 370 14
5905 706 53
1460 39 10
2484 597 12
7645 319 23
2523 551 18
911 583 10
8767 958 13
2480 392 6
5016 473 14
944 759 5
2893 517 68
6859 682 109
1780 394 20
2598 795 49
1613 381 15
4618 50 24
4565 953 38
8652 48 48
4977 797 7
6785 876 28
4021 558 17
128 559 42
6114 647 50
6684 491 30
6473 205 66
5772 64 43
1522 692 40
2452 678 67
4026 157 12
4029 275 4
8605 609 26
8510 447 27
392 177 24
4294 760 60
2205 410 35
696 887 22
6412 513 8
1392 113 28
4696 169 13
7491 956 30
3303 178 11
6799 548 47
318 214 32
295 924 13
1117 855 17
5034 125 38
5297 459 39
3472 710 35
4084 541 12
5461 143 39
1295 141 9
40 678 61
6499 80 9
4130 482 1507
2315 696 23
6955 800 28
6725 758 12
8227 302 48
4957 769 49
3526 598 4
5718 256 15
8350 921 69
8443 611 24
961 656 10
6977 108 51
1697 456 36
8471 51 19
7061 929 27
1653 413 28
7220 283 47
4083 399 70
8720 810 14
3411 6 19
1166 626 32
8973 89 10
4169 484 23
2594 554 44
1666 701 33
6824 98 12
539 27 8
7920 404 68
7893 336 12
4417 635 16
6635 891 20
8059 163 24
6067 693 7
4692 518 10
5250 389 31
8957 255 10
6533 911 16
8133 685 27
7298 944 20
6445 934 22
3036 452 5
5850 218 11
7434 141 11
4405 871 33
4510 870 12
3542 630 22
8840 785 14
3901 350 5
4706 936 21
7476 824 22
5169 163 22
6159 477 2222
463 540 12
4198 38 9
1655 551 21
1211 424 15
3682 583 8
5320 657 29
5913 887 50
2307 665 7
910 561 38
1443 357 12
5627 885 6
903 103 28
6221 306 18
8253 182 5
3497 648 29
3130 738 66
4247 33 15
8163 899 13
8620 317 3
8343 715 6
4727 413 24
6055 436 11
358 467 47
2142 471 26
1700 422 29
5664 853 11
3041 331 3
8842 789 68
7923 696 19
6262 389 16
1580 734 63
4251 459 7239
2021 591 12
2431 754 10
694 58 36
6644 133 34
7493 202 39
3277 459 64
3240 161 32
6760 186 23
1773 77 30
8342 95 9
3809 436 4412
5553 270 18
7875 954 14
4205 767 21
8672 406 17
6254 388 34
3039 641 29
5826 392 6
2100 675 3
425 575 44
4025 698 68
7571 100 25
2186 439 23
4259 799 11
8448 439 33
7325 790 28
7657 108 19
2790 902 6
2366 40 25
1323 329 37
175 893 4
729 360 52
6380 832 1058
2513 826 12
3651 815 14
4298 846 14
1014 693 5
954 648 22
6073 22 11
5446 572 21
4123 145 20
163 678 67
4771 457 47
7054 303 5
3979 663 51
104 70 7
7425 849 38
2667 822 15
1765 1 12
8993 761 16
6127 588 5
711 14 6
5627 270 9
2108 122 14
4267 446 5
1320 430 6
5461 192 23
8143 208 47
8072 909 18
7457 574 24
6033 559 31
3527 883 40
2401 562 13
6786 401 93
8384 552 17
4382 350 11
8961 645 11
8708 494 16
3378 651 18
6915 513 9
3704 141 9
2611 192 25
7163 882 7
2225 712 28
464 472 21
4027 500 66
8809 413 27
6625 425 11
8385 283 54
1482 184 19
4579 624 70
2659 727 3
2586 553 11
6739 379 28
1013 564 25
6895 276 20
7073 580 9
6942 809 30
2604 842 10
4492 814 5
8322 217 73
4305 465 29
6579 76 12
7762 935 9
7001 558 23
4253 693 8
1163 827 28
5893 509 86
7742 149 41
2941 487 18
5797 392 6
6439 109 34
7243 570 20
6019 544 13
8223 915 28
1372 488 2854
6655 592 12
7902 477 6
2428 823 63
974 300 68
215 134 78
4296 84 29
6196 704 4
1624 242 9
4988 847 49
2740 381 11
3126 139 41
3218 861 5
3435 324 39
2169 191 21
6808 419 47
4766 925 31
8831 537 22
5549 25 23
2795 12 50
5506 676 19
3352 730 7812
4107 88 7
153 287 45
5965 950 29
6634 81 27
604 599 8
3610 263 24
2601 708 24
5632 785 17
829 714 8
5998 135 28
4062 272 5
6367 75 2400
4865 154 14
8172 34 40
2086 477 9
6811 754 12
615 124 55
4399 557 17
3051 622 6
7877 440 35
6705 140 21
2186 769 39
8790 734 7820
8825 426 15
6850 556 8100
7329 915 29
3527 704 6
8349 861 3
1131 68 25
2931 442 5
1950 118 26
2038 143 48
4735 216 45
3311 807 16
90 608 8238
1355 925 28
8675 180 35
133 104 31
3696 866 8
441 254 10
6193 91 21
4174 257 36
5054 415 46
6620 557 7
6003 327 34
6569 540 23
3405 712 10
667 156 4
8296 695 15
2590 827 26
757 598 8
2446 720 27
431 496 3
5298 605 2804
5220 27 3
8556 853 17
4742 614 31
6819 33 41
1271 548 4552
8704 698 80
34 459 65
1673 507 8190
2560 761 11
6855 946 26
351 170 53
7377 232 48
5937 896 42
2755 97 21
1004 106 10
5011 602 6
3459 438 3787
7626 214 24
7707 447 32
595 670 33
7381 242 9
6813 612 12
284 290 39
5052 297 33
3781 119 3749
1393 623 6151
7925 286 49
2552 482 9
2973 70 7
4452 104 59
3990 525 29
7929 908 12
1537 45 33
8675 238 6
2214 261 17
2893 636 7
5342 739 105
2929 748 41
5493 68 12
6122 707 15
1809 293 12
1626 938 46
2776 61 16
8106 57 36
160 460 47
3589 76 12
885 631 24
6046 906 17
1145 91 39
1328 414 17
490 955 17
4608 232 53
8454 284 66
1599 120 16
102 10 28
6272 40 34
540 624 58
5538 377 28
4787 599 8
8177 247 18
4601 69 9
4393 189 18
91 198 7
7962 743 7
7626 415 26
5030 822 18
8485 382 20
5898 47 15
6046 835 16
2637 431 42
5391 308 32
1952 699 30
5005 795 61
5137 647 45
1572 589 21
7588 202 15
6868 675 1772
1438 89 9
7606 148 12
4467 639 4018
3789 98 9
4646 342 46
8066 655 16
6124 266 4
5930 755 27
3602 926 25
6596 232 52
951 529 16
1171 738 57
900 380 36
5199 673 50
7708 105 45
3321 429 18
8032 285 6
1905 369 22
523 587 17
6494 341 19
3868 908 13
2275 951 3
3052 794 39
7269 732 46
8991 362 14
5009 262 3026
7926 434 5
2135 677 14
9002 127 42
1015 54 16
4751 22 18
3162 631 25
7119 434 10
8584 678 62
50 372 16
8009 457 20
3921 45 15
5049 473 15
6621 870 14
2562 866 16
4297 196 8
7062 415 52
6755 102 26
7603 881 40
7173 781 11
6411 786 9
5711 809 21
1812 914 11
3999 369 13
7370 647 84
8024 143 32
8433 761 10
4464 127 23
6310 728 6
6460 147 32
7385 850 7298
8004 535 18
65 56 33
1058 169 23
4729 553 31
1531 734 71
1742 772 47
7172 53 22
576 55 37
4553 770 40
2379 267 6
4593 942 16
4630 231 11
2605 76 20
5982 506 9935
2674 541 8
7414 608 30
156 657 47
800 89 4
6013 814 10
67 207 10
3302 114 9
2003 546 7
7344 486 4
3878 898 14
872 937 55
8536 592 26
8635 242 14
5843 67 29
5168 679 13
5009 604 9023
2411 764 9
8056 27 8
9001 352 27
1580 581 9
5172 129 24
427 864 19
6731 171 3
2786 757 33
7161 54 31
4067 180 31
1732 432 29
2967 338 3
217 216 35
5783 167 17
8213 871 26
256 536 10
910 605 19
4871 672 12
7349 450 26
3099 137 61
7001 308 73
3524 422 14
4318 146 30
6624 420 62
1516 626 15
1174 511 13
5481 527 3
6374 795 33
585 506 62
8355 590 7
3785 789 41
74 86 24
7664 809 22
7370 61 27
5191 227 28
5166 600 23
2143 816 11
8950 41 8
812 786 8
5197 732 38
577 674 13
8755 297 44
7146 631 18
7662 201 4
2078 907 26
5666 98 5
4417 661 50
5968 223 24
3028 62 21
3035 642 12
593 604 39
2036 517 62
4239 872 5770
8014 566 2742
2921 303 7
5376 805 10
694 40 39
1184 172 18
3759 574 32
7491 252 6
5830 215 35
5524 929 34
955 229 5
4392 813 9038
3579 179 81
1688 772 35
7427 173 29
3739 374 5
6009 953 46
8798 22 19
1817 523 11
4796 223 7
4788 446 5
1088 723 16
6026 37 5
510 886 39
5061 197 3
7454 682 55
3991 100 12
3088 348 50
4331 516 53
4516 93 32
6290 30 7
1459 45 23
7171 13 6
3348 250 47
6657 563 9
426 689 17
5684 593 11
7277 355 15
5597 696 19
4252 184 10
3795 714 8
6784 641 31
7769 115 20
1869 614 29
1526 525 32
5705 840 31
3555 787 16
5019 93 56
3410 389 23
120 802 8196
4429 657 31
7465 209 48
6358 20 5
7322 302 29
3384 699 29
7524 483 14
5730 562 12
3302 163 30
3367 180 21
1167 361 11
884 450 45
1072 807 19
6232 910 36
715 697 25
2438 169 17
5992 92 33
989 521 36
6534 13 5
8670 137 68
5936 622 5
7835 890 15
1012 226 37
5377 67 84
6643 326 7
4960 649 46
363 45 14
8971 360 38
2992 379 30
2899 928 34
946 863 6
6056 195 19
5060 809 26
4514 818 30
145 545 7137
1941 96 96
5612 643 59
4006 200 29
8930 273 22
6209 650 2
73 763 3
3670 929 38
3893 757 33
4377 373 27
5891 430 10
3263 249 9
1567 547 64
8574 441 13
3577 363 10
7451 125 58
2851 295 41
6603 873 7
5123 84 25
1850 825 2748
1384 378 6
8030 198 9
5981 67 63
4432 178 11
2017 901 43
5077 850 26
2150 175 88
8050 528 5
6208 279 10
523 568 66
3203 247 14
7803 427 23
544 343 7
7254 69 7
3155 113 33
5074 195 18
380 712 26
5153 23 52
2339 580 5
4300 432 32
7886 22 7
4353 841 20
3007 127 40
4161 81 39
573 392 6
5582 149 59
6916 850 29
2439 736 34
3614 411 27
1819 656 13
8724 595 69
5846 853 17
8385 72 32
3080 908 10
8622 695 17
2858 114 7
737 893 6
2445 18 9334
8915 685 19
8764 424 16
3013 786 8
2342 135 16
1699 109 32
7541 338 3
2746 221 7
7378 759 8
1496 665 4
7594 216 8014
6877 141 12
7938 69 6
1027 594 11
6631 465 15
1294 495 3300
7062 629 59
6276 430 13
226 598 5
8766 219 14
8570 69 1440
1589 734 80
7708 306 12
2211 317 3
7241 760 36
6490 351 6
8781 274 57
208 899 9
6971 949 20
7701 419 25
6083 323 20
3440 397 25
569 660 7
2169 294 50
1252 912 18
2093 15 26
6905 122 15
7267 839 17
7054 559 20
5053 68 34
1746 719 12
3972 712 25
1766 243 4
2693 205 41
1778 695 2679
2255 1 11
6603 476 36
3412 171 6
4546 154 27
4844 525 6309
7853 298 15
6549 658 37
6139 608 33
1577 265 79
584 11 23
5656 259 5
8151 869 10
5386 232 5068
2260 460 42
831 418 18
7744 50 39
143 52 32
1380 916 14
1112 876 15
305 469 26
30 279 9
2042 437 24
8276 894 57
5708 862 24
2328 582 22
7774 912 24
3922 744 12
364 750 16
2656 1 14
2705 398 37
2567 40 41
6896 227 42
8622 919 50
8513 265 53
6726 709 18
822 557 18
740 601 33
3926 725 3
1085 610 6
1819 281 4
1313 904 23
1846 551 14
1560 225 3
1924 724 12
7986 456 33
614 631 25
354 112 44
6780 470 13
8134 725 3
8549 240 78
5900 93 47
2989 171 3
5208 727 2
174 295 41
7086 70 4665
3158 123 7123
530 287 34
5838 707 12
7165 510 21
7647 239 31
4263 695 11
2163 593 13
6903 341 8
1686 373 30
2136 97 15
8779 705 33
1345 52 4458
6860 946 31
6724 660 4
2344 327 49
2399 122 27
4641 956 20
8599 290 28
7221 804 4071
6777 603 61
8425 576 8
6941 784 31
4069 901 55
2542 255 11
8890 421 7
8179 217 59
2041 416 37
6482 946 30
5876 244 29
8524 264 17
4028 92 20
1560 908 5
5008 953 53
1582 54 13
3927 718 25
1892 63 24
6570 541 10
7012 928 34
4165 915 4057
7063 384 8
3296 644 21
3995 301 12
5845 828 11
7007 25 23
6126 362 13
413 410 39
7310 955 34
3030 259 4
1457 500 50
8775 891 22
4649 275 9
2384 438 26
336 595 52
7058 599 1413
3704 236 12
5244 112 62
3342 191 26
7080 397 24
3368 603 27
4308 441 3005
2281 873 4
7376 579 32
1073 752 1452
5254 183 24
3428 420 29
8445 132 16
1250 709 23
6181 186 24
2936 716 17
3850 477 9
2084 285 3
7322 409 14
4064 567 59
8214 803 17
1061 344 16
8064 591 14
6601 135 33
7329 726 30
910 714 8
54 688 5
5521 518 11
3475 693 10
8391 176 9
971 691 8
484 366 27
2464 7 12
7743 328 34
5819 323 38
1645 702 34
1079 770 28
5821 578 7
5828 20 4
26 652 45
7110 543 32
6573 422 30
8676 611 20
4523 279 8
7010 712 20
7507 694 12
6031 872 19
3322 219 5250
7840 707 12
1888 533 17
1277 179 75
574 902 8
3329 392 8
8159 911 23
6414 772 26
7584 897 23
4857 834 30
7514 290 20
4837 433 4
3793 460 58
805 97 14
1781 890 32
6195 486 4
3811 668 51
190 796 43
2775 501 43
1300 525 22
5057 468 74
6285 214 4225
7170 54 14
8821 656 27
7858 770 28
821 570 17
6796 521 37
4110 470 15
3862 895 22
7200 891 18
340 123 47
8164 350 3
7252 484 35
5206 916 14
5411 705 8
3857 896 29
3588 549 51
6092 665 8
5942 334 71
8573 705 30
626 299 12
2833 789 21
87 281 8
1227 444 3
7574 489 28
5907 785 35
182 104 37
1578 818 37
5670 463 31
432 600 22
5752 286 39
1681 281 10
8861 855 6
2950 18 58
6238 559 23
7369 824 22
7260 393 67
1334 102 29
3374 210 71
5206 953 39
5002 732 24
3665 535 27
5427 719 15
8504 93 58
8532 264 20
6807 636 7
8581 532 37
2426 351 6
8663 286 36
5553 885 11
8404 68 19
8424 345 9
5442 29 40
3429 511 24
4373 2 12
124 565 11
7859 681 15
1547 314 4
1906 870 4690
8189 327 43
5253 45 18
5680 88 7
4757 739 106
8168 505 102
3994 879 16
999 675 8
6866 543 32
3728 710 37
4325 231 14
3292 397 44
286 446 7
704 372 17
5883 851 8
8540 706 55
1826 815 8
4718 657 23
4560 398 17
8081 928 5217
5611 135 39
3097 248 20
4040 248 19
853 37 7
7269 223 25
7911 518 8
824 571 4019
4586 916 18
6189 891 16
2891 471 22
2337 522 46
7862 516 36
3220 841 38
1625 870 14
1043 559 26
1186 64 46
1459 418 16
3242 888 16
1492 82 35
6564 46 104
1316 202 34
3636 915 37
4214 327 39
2581 836 44
117 899 12
1696 184 27
5587 1 21
4969 33 20
6212 111 51
3369 421 1771
4128 119 18
898 607 50
5630 487 5
8903 740 15
7714 892 42
8060 636 11
1920 789 23
3043 362 6
6791 123 27
2010 71 18
309 153 34
8826 865 40
2196 928 28
7315 176 14
7708 84 19
1990 720 12
7010 528 9
41 288 30
8644 831 44
5408 713 3
5429 526 30
4620 399 42
6656 387 14
743 587 14
5296 288 28
1116 902 13
405 626 19
467 879 9
7808 682 116
4487 545 32
8102 114 7
1179 310 59
3380 297 28
4228 732 28
12 644 21
5760 43 19
7446 635 8
3891 839 11
7576 211 11
6756 355 30
667 303 4
629 886 28
4237 83 14
4496 166 25
8019 249 9
8226 880 25
4739 660 6
2561 238 3
1358 931 39
699 127 44
7274 440 33
647 933 22
8291 870 12
3984 304 76
2921 559 34
8234 234 20
7969 797 8
8589 702 52
6670 62 15
4709 378 7
1402 847 33
264 651 13
7202 732 22
5867 453 3626
4850 582 20
5474 591 10
5733 598 4
8971 194 19
7224 755 24
430 647 33
3711 168 6
375 366 25
8578 876 16
880 189 33
7098 534 2582
2421 593 27
3270 709 18
6788 181 22
4053 3 10
4270 803 16
5940 63 17
1536 160 20
7347 716 20
3752 135 21
8498 428 13
748 814 11
7996 134 54
1427 399 34
104 593 12
7131 460 65
7427 305 39
7292 918 21
2938 781 25
7868 38 9
902 922 17
8036 441 10
701 66 12
3706 412 40
4806 525 50
1464 511 10
3511 135 10
2569 553 20
6643 72 23
2263 416 67
8022 214 45
8079 553 8
1278 11 9
1761 775 55
8660 401 69
4365 345 7
4144 506 57
8088 54 29
7011 544 10
7160 315 27
7548 233 31
8139 773 4
4652 506 64
8130 66 8
1065 685 29
7139 822 7
5247 334 58
4282 557 13
5511 204 17
1634 626 22
7354 237 12
2512 577 8882
5739 230 3
7640 672 14
6559 169 20
8265 339 27
8750 741 31
2829 605 16
2127 586 17
2845 37 4
4186 538 45
408 914 30
5559 721 13
6078 873 5
327 100 23
8889 681 18
5839 403 13
8163 866 20
8627 341 7
2457 73 8
3190 77 13
1245 618 16
2981 474 2981
29 742 6
8581 255 14
6925 420 62
8591 74 62
5385 99 16
445 834 47
3916 631 15
1108 758 8
5686 298 15
6786 771 40
1149 161 41
937 586 28
3407 760 27
8531 98 5
916 744 15
3014 487 18
283 10 40
1403 940 2
198 705 32
2520 361 19
670 171 3
5911 131 26
7813 464 13
4135 611 29
161 202 28
3108 689 15
3411 750 16
9 537 26
2838 287 35
5051 957 17
1734 669 3855
2214 310 37
5415 351 7
8849 413 31
5242 809 24
1298 292 5
569 523 12
2990 144 10
5751 913 21
6578 491 34
6735 865 83
582 400 3
8606 876 16
4049 490 11
2189 910 36
3909 453 5
5855 268 16
5847 631 18
22 277 7
2023 41 8
302 831 45
249 826 19
3035 922 23
3371 13 7
388 153 41
2080 230 2
7726 532 48
4733 546 17
3181 92 46
3067 751 16
8432 929 19
3625 521 41
1461 714 13
5140 585 14
8476 835 22
291 677 23
8240 249 10
7785 568 36
5650 519 4
8346 699 9
1953 310 49
5406 412 65
6009 958 24
5810 252 6
6752 508 9
7979 921 65
3304 308 58
6081 205 5434
6552 141 12
1160 316 7
6085 322 4
6185 145 47
1083 715 6
1093 59 21
6598 235 55
7171 586 21
3474 361 8
3646 167 16
8069 464 9
260 851 7
6939 950 30
5166 648 19
8628 9 8
1945 49 27
2188 77 12
555 889 8
1164 662 33
1991 143 36
6519 330 19
3290 138 58
3665 840 57
1170 840 44
1667 158 30
439 24 4
7321 556 24
5522 300 68
4581 209 44
4246 393 81
6341 793 47
8940 780 8
2646 252 7
4110 419 30
2734 5 5524
6175 371 7
8593 931 75
5558 545 26
594 99 11
8331 247 18
8274 4 14
4987 765 30
3310 735 5
5109 142 56
7964 326 7
5502 934 13
4271 48 55
3015 44 15
7465 91 29
5251 954 17
6676 922 11
5489 847 54
1529 349 8460
8047 243 10
1949 546 7
1881 321 14
6603 780 6
8856 917 10
4515 892 84
6229 830 53
6195 754 20
2182 537 15
1889 541 7
3463 834 5547
4051 787 6
320 807 20
5261 215 43
899 276 8967
5123 306 15
4773 466 9209
2376 725 4
8209 178 24
5061 117 27
961 281 4
2327 571 6
3839 835 11
650 927 5
8762 99 13
5001 853 5
7083 817 8310
4245 222 12
4791 919 30
6863 219 12
8252 390 12
6001 771 39
3770 186 26
4779 759 4
2819 443 33
2005 509 58
7539 198 8
4603 892 29
4180 801 9997
7553 899 16
4616 883 6868
7014 431 26
5143 358 5
3474 530 3
372 424 19
1600 119 16
435 403 10
2951 357 9
1360 844 6
2917 603 57
3687 458 21
6203 363 10
1008 158 49
1913 880 15
7812 32 22
5790 52 47
381 468 71
3876 323 24
1119 358 12
4973 758 7
6450 591 11
2321 801 74
8651 97 13
5018 596 30
3434 7 6
6354 923 15
7116 396 8627
6439 859 11
8180 929 23
5700 597 12
5491 913 31
936 823 68
1009 886 17
3902 257 8125
851 765 16
7486 616 52
4250 730 22
1065 938 56
159 250 51
6758 376 33
276 487 6
8994 636 6
6000 672 12
1327 758 7
1965 780 4
6278 337 23
1727 406 7
996 414 22
6663 554 7423
6099 410 72
6561 104 75
5273 831 26
8358 525 27
5441 187 43
5601 619 11
5011 62 13
7775 868 24
3315 394 16
2092 688 6
2467 640 36
8672 486 8
1898 89 5
8750 674 8
7706 777 9344
6757 508 10
4222 872 47
8853 127 25
3019 299 14
8322 212 25
7935 660 4
4429 498 8
2258 835 18
7993 259 5
134 470 22
2912 506 83
4864 931 46
2375 626 21
2350 412 45
692 958 14
5134 816 12
4071 390 14
525 61 3790
1774 476 25
6319 53 17
6462 191 28
3510 935 7
6654 300 49
3913 888 20
4878 0 23
6187 668 59
320 417 50
1757 404 40
7231 828 11
4261 749 8
470 772 32
311 472 23
2730 404 48
854 42 17
4982 251 60
5800 419 34
8410 820 32
1444 426 15
19 591 20
2334 58 4305
7734 8 3
4505 919 63
4769 210 33
979 410 47
3760 153 60
7724 199 22
7940 750 17
3489 934 24
7742 10 16
4525 940 4
4043 50 19
7301 146 34
3119 943 25
5756 167 11
4376 711 17
3092 118 44
5798 868 40
7413 316 8
7193 619 20
1445 610 4
1495 641 34
3372 242 16
4017 296 26
6301 383 15
4423 248 20
8337 128 10
8370 818 44
5063 591 26
2187 189 20
7710 630 13
344 398 23
2849 323 78
1134 542 104
8681 485 2
3913 382 15
3005 1 18
7447 826 20
4152 162 20
743 151 16
3117 228 6
4989 832 5
5073 205 43
619 69 9
5691 119 19
2373 185 20
8776 412 38
2859 864 12
2889 236 13
2575 732 36
2035 909 17
2027 414 7
3197 898 29
1939 578 6
4313 46 109
2827 783 12
5343 255 12
8944 564 22
5172 853 17
8933 934 13
4578 18 25
7867 485 5
6010 817 51
43 396 54
2624 324 68
2287 917 11
2160 446 8
5101 643 30
8494 284 9967
208 390 10
4146 779 19
578 44 15
6299 273 26
2264 429 18
2270 612 24
1090 783 31
5750 150 6726
3157 166 38
704 176 10
652 416 33
3178 551 17
6057 403 8
4612 349 39
609 37 8
3146 939 9
6211 228 7
6277 619 23
8466 937 45
3930 278 23
6685 49 44
7064 665 3
7402 579 77
8155 726 22
6952 242 20
487 941 52
254 72 21
2635 437 36
2322 729 44
1551 595 55
1048 488 11
7494 957 11
3967 865 31
2365 155 29
2339 775 25
7974 496 3
1264 116 4
7963 71 10
6926 817 21
2688 45 17
2238 484 72
4149 855 3860
7653 53 22
8294 817 33
6856 59 31
3422 923 12
2052 126 17
3015 400 3
397 911 26
262 790 9
7669 35 40
4671 480 7
7341 344 18
5703 219 17
4111 199 22
2389 162 19
7415 396 25
3833 618 22
8694 658 58
3094 32 12
4848 656 24
5076 744 11
2626 81 9207
6143 284 68
5103 367 8
6429 377 33
1237 647 24
2864 114 7
5603 269 4
7379 581 11
2737 708 14
5512 390 11
6707 247 16
7546 259 5
2198 609 42
7330 540 25
517 299 6
2746 401 54
7121 571 19
1932 145 51
542 605 28
1669 613 11
2085 92 38
1182 454 47
6876 763 2
7186 180 6267
2416 34 23
4971 690 9
4574 136 32
6952 637 22
7789 532 27
6349 296 22
2627 367 12
7939 50 35
3927 682 102
4400 198 13
3786 228 13
4228 223 13
5492 373 25
7927 432 35
6198 667 15
7367 658 56
1235 62 7
494 349 50
1902 773 10
6243 429 25
2159 733 43
1302 869 15
1878 830 21
6286 352 10
2255 529 23
4141 327 35
3189 422 13
1959 567 65
636 322 2
6573 523 12
6483 49 28
7915 709 18
8592 289 34
4448 836 51
7204 410 60
6367 743 3061
4627 64 25
8605 746 25
5463 171 3
233 829 8
6987 904 12
2810 924 7
107 88 6
4470 429 33
2535 678 51
8514 279 9
5739 414 15
238 224 17
1727 754 24
97 636 8
8735 206 23
8357 896 34
5305 32 12
3154 263 23
2563 153 54
7811 917 4337
1981 601 13
409 81 11
2789 59 22
8163 390 14
9006 932 48
5554 660 6
850 812 41
7947 194 26
5183 947 84
2641 153 40
8321 362 6
2287 268 15
7619 583 7
7521 384 16
8883 306 9
6792 394 20
6223 447 28
4950 612 9113
7706 942 3268
7460 436 10
7544 163 12
7540 330 32
7692 14 10
2175 285 6
5590 740 31
2296 872 23
8693 556 23
5227 473 6
5970 711 18
5797 647 59
4209 83 27
6042 506 63
2666 900 10
4208 60 43
5374 783 28
5539 723 10
5998 492 11
7077 915 31
5024 108 18
2530 790 20
4374 750 12
2844 621 44
4654 226 59
7473 834 32
187 283 41
7587 178 9
1607 656 12
6051 222 16
3234 7 8
270 568 47
8480 279 15
1742 368 15
7906 227 49
4117 19 55
1538 770 21
5199 196 8
4298 845 31
4856 956 41
7763 476 21
670 375 7
4436 557 22
590 210 85
1202 173 4891
8603 915 44
5881 639 17
416 641 18
2373 483 17
4871 464 11
6298 881 64
5710 203 56
7199 553 9
3715 644 46
4834 228 15
4118 624 65
852 386 12
8145 525 50
5805 804 34
6850 267 3746
770 818 46
4179 746 28
9015 200 59
3745 323 44
4745 525 25
7749 645 15
6382 133 36
7954 857 104
4996 511 24
5816 82 54
2915 319 61
6174 70 16
4406 499 6
5924 662 27
1428 327 38
8782 22 14
5192 707 16
4348 219 13
6985 359 24
7132 64 37
1225 651 21
4224 582 22
2711 381 10
2336 770 53
7242 143 44
7988 712 13
3560 573 10
2837 458 20
3715 159 20
2288 306 15
8462 816 36
240 623 40
266 392 5
7529 271 30
1701 721 29
4397 698 46
8796 717 6
8429 646 44
3186 120 14
2619 931 49
3689 480 11
9009 651 23
6395 785 27
6087 700 16
454 764 20
2015 227 49
6047 313 7
1210 591 11
123 805 13
567 765 34
3321 452 3
8874 531 6
6173 632 25
4049 206 14
4163 207 16
7176 478 34
1097 134 77
187 326 8
4701 725 2524
7978 398 19
1679 579 67
1108 397 25
2130 680 16
8189 742 9
8658 610 6
5088 606 8
3194 562 14
6599 310 39
1483 778 15
3232 227 38
469 298 16
4889 689 12
8224 207 7
4720 834 28
699 445 23
5406 4 11
242 654 18
7390 889 8
5839 430 15
8191 619 22
8414 539 15
8109 704 7
1299 745 32
8546 844 7
1542 937 60
1569 290 20
8922 673 28
7852 287 39
7490 513 11
7967 539 9
5674 80 3
6535 65 16
4802 281 8
5276 144 5
8258 599 7
8987 11 11
8006 283 7418
1161 875 14
5394 555 56
538 819 47
5237 819 87
6036 5 15
891 44 19
5932 96 9431
3077 454 33
7167 894 32
4216 812 57
8467 437 52
8741 173 51
7455 727 3
3842 178 18
1368 583 12
691 775 44
2946 186 22
4818 240 9789
8853 445 12
6218 187 42
5726 819 82
8978 294 49
1253 207 9
3503 683 51
5183 726 43
4804 108 31
2015 538 55
7142 834 27
6177 382 34
1365 649 49
371 158 50
6411 692 68
3195 386 4059
6155 177 13
4771 340 16
6940 658 30
4004 184 10
8555 77 28
2574 664 14
998 334 73
3765 410 55
3720 102 12
6110 915 20
6789 464 16
3127 234 28
5361 920 53
1006 525 38
7945 150 21
2110 190 50
6843 10 4045
49 70 6
2091 840 42
1348 88 6
1845 342 54
8960 224 14
4279 773 12
5069 370 1682
5069 460 6393
4302 853 17
8025 872 25
7245 393 55
5287 815 7
626 511 22
7190 423 15
215 782 40
6938 531 6
5934 380 52
7533 511 42
5868 284 49
6403 306 13
1709 760 23
5835 78 64
7696 575 92
2860 733 53
4592 500 32
808 539 13
7456 193 21
6334 247 7
3315 168 9
7602 730 10
4177 414 7
4994 197 5
8806 181 25
239 630 16
1808 189 6953
805 894 40
7885 890 32
2979 407 17
5624 924 6
7711 263 28
323 827 20
3409 672 22
8323 527 5
2171 545 47
545 763 5
1885 97 16
4200 277 4
6555 236 21
8000 455 22
738 260 31
7252 862 19
6604 74 73
6933 6 18
6360 289 3927
4276 138 38
7189 57 30
6153 753 52
1373 780 6
3843 476 51
8955 130 53
6383 907 18
6412 774 9
6142 435 31
2956 219 16
7553 866 23
100 891 15
7730 313 6
3120 665 1302
5317 141 5
3937 341 6
2592 50 36
8242 76 11
1953 261 19
4171 595 39
965 204 14
8881 695 20
7977 584 22
1036 802 13
7832 865 54
6615 634 2160
890 771 45
6074 671 16
3989 579 55
235 389 32
2948 809 13
5716 487 12
2106 689 6
1297 468 49
6629 820 33
4938 280 45
4005 91 44
6306 3 6
6207 323 53
6363 118 44
6994 618 26
1930 860 9
2236 735 6
8772 130 70
6932 359 26
6492 165 11
6969 22 4847
1615 866 15
3284 385 8
3197 527 8
4804 193 24
1431 856 43
8058 728 12
2879 616 8665
6016 107 20
3137 804 23
613 375 15
6314 64 22
8477 365 23
512 143 43
8051 896 55
8272 841 39
6456 130 29
3435 71 11
377 257 32
1647 513 9
5624 811 39
7227 131 47
945 744 22
3631 727 5
4070 161 38
2241 170 26
7253 485 4
5505 577 44
2815 575 81
6534 16 10
6117 452 5
6147 546 8
2393 766 7
3595 335 20
6719 880 30
578 543 23
2768 382 32
3027 785 30
119 237 25
2968 656 31
982 329 42
428 237 12
2919 492 3
315 308 46
1001 286 39
8931 905 8
5148 658 32
8664 780 6
8986 441 12
3892 125 47
3156 234 17
2549 587 15
2458 453 5
8911 456 40
5021 208 47
2040 936 22
149 490 18
7944 572 12
7135 596 20
4481 149 92
6025 545 68
3021 216 31
6477 840 46
6218 703 12
7600 926 29
4276 856 27
2257 583 14
4047 571 12
1382 138 51
4323 353 37
280 588 6
800 279 8
4451 874 58
5072 644 49
1573 421 4
1164 201 6
3961 904 2933
6356 543 41
3000 884 2
292 302 56
5412 420 46
1119 148 29
3905 950 13
4653 893 6
8860 97 2423
2500 136 21
4634 35 32
4489 49 29
5695 731 24
6458 819 5974
7052 155 12
2977 440 46
7228 431 25
6350 690 7
2265 115 19
3637 895 32
1866 917 13
8741 305 66
61 333 13
6938 461 26
7534 896 53
6874 775 56
4636 161 45
7103 468 59
8223 726 31
1645 21 16
7193 140 52
7905 278 7
4100 670 24
1056 126 25
738 649 73
5025 690 13
1867 187 29
3888 170 25
4200 272 2
8695 949 18
3626 356 36
3779 746 4846
6097 687 45
3840 730 34
5393 149 37
7694 485 5
2351 733 31
7056 173 49
1663 929 18
5060 435 41
8667 883 29
5663 513 11
1341 900 8
4615 444 5
3700 453 6
87 656 22
3591 360 22
7380 578 7
8210 254 11
1561 342 24
3525 164 57
5456 17 43
6330 914 31
8508 732 26
6875 172 8
3587 839 11
2115 26 14
8380 224 10
6283 843 14
6486 729 57
8011 420 57
195 876 36
2521 781 26
4278 295 47
7347 248 16
424 674 8
2789 905 8
5817 557 18
8124 949 28
1824 873 7
3287 695 12
5144 668 56
4614 548 24
2316 545 69
3369 552 6083
7431 284 88
7908 39 10
2234 895 18
1805 60 61
6794 333 32
4774 554 31
6464 597 16
4343 678 69
2628 431 53
7704 502 27
7422 253 40
665 236 22
441 126 28
2521 521 62
4896 112 19
4168 847 40
7576 766 7
4915 183 39
2306 893 6
6410 238 5
7156 299 8
3115 904 18
2806 821 32
708 484 22
99 164 56
7246 210 55
73 720 11
500 585 9
1122 777 29
1948 218 20
499 258 54
3301 645 11
284 164 77
212 416 36
312 883 42
8930 8 3
3771 391 27
432 648 15
1049 628 27
8533 441 8
1234 776 8
461 683 9830
4112 267 10
5950 307 3672
8701 598 1609
5799 472 33
8353 190 48
5784 189 30
3160 756 9
8949 722 12
2060 630 22
1549 838 75
5292 542 71
717 838 70
7451 346 19
6580 696 11
4901 486 5
1308 776 19
8757 650 4
1865 465 34
8863 441 8
8598 78 45
4535 323 58
8974 710 63
3413 38 11
2145 84 33
5627 834 15
4306 757 51
6182 485 3
386 210 76
5503 371 9
4788 825 8
562 27 3
7238 381 13
5000 416 51
361 934 14
107 900 18
507 448 4
7175 441 12
7339 627 9
5182 53 40
1256 383 5
1537 418 20
7745 418 12
181 91 47
4962 845 26
4657 321 32
4342 287 41
8273 231 10
7076 905 9
267 354 28
5473 192 20
759 812 38
2945 460 45
1362 824 40
2595 908 6
3921 623 20
8608 565 11
1638 395 4186
7849 468 8186
1266 673 31
3848 506 65
4139 503 21
8512 298 10
6977 250 84
8300 451 51
436 236 12
1851 901 70
472 479 11
1887 643 37
7875 361 10
2464 265 81
15 594 17
4826 46 38
6918 535 33
4488 98 5
8963 384 19
6299 8 4
2634 17 37
3568 454 8728
7965 746 32
4384 660 4
6812 685 14
8253 271 36
7236 373 28
6029 373 3775
2362 90 25
8859 452 3
2629 111 9863
2478 180 23
646 340 2430
3127 2 24
3838 548 17
6269 322 3
6560 650 8
5217 548 25
2807 677 19
2116 367 5
39 621 34
7889 653 46
5922 313 10
1286 813 29
7181 28 27
2173 285 8
6066 587 8
4482 823 52
3077 756 6
8085 860 9
4813 559 27
3863 572 24
3286 329 66
2152 266 7
6055 503 10
1650 345 4
4543 264 13
1739 622 10
3331 219 13
5830 473 10
1852 929 12
5422 280 27
1327 397 28
1481 459 19
6733 917 6
4993 714 8
7447 363 11
4797 228 13
176 543 25
4576 475 19
3198 49 20
7684 530 6
3200 793 50
5939 860 4
6590 56 32
5978 561 37
6778 866 9
5664 129 14
2137 347 20
5736 302 41
6936 310 39
1891 715 5
2281 780 4
614 926 33
2808 285 4
3763 783 13
8355 902 14
571 50 20
6818 20 3
7112 957 9
2986 359 5787
1874 243 11
7748 516 31
8464 738 55
648 237 22
258 92 40
6223 65 17
6238 156 6
3559 691 6
8396 474 13
1094 481 18
598 716 21
7734 889 7
3179 645 9
7361 416 5567
1597 660 3
5973 590 3
3585 722 14
5274 429 30
981 857 79
6651 138 67
7573 905 8
6972 531 9
5893 52 56
2280 958 27
3824 480 6
5474 116 3
8334 451 44
4993 561 39
8864 373 31
5533 361 9
6199 293 11
748 185 32
4790 636 5
7251 381 19
2588 399 88
5651 898 17
5422 860 9
7208 248 17
123 296 25
122 58 24
7228 369 11
787 252 9
4784 885 9
1553 523 10
4550 751 15
8415 237 24
8256 363 15
8058 619 27
2563 630 24
7886 206 8
8570 398 5871
3032 77 13
4685 529 20
799 160 30
7498 912 25
8671 700 21
1109 750 16
4964 753 4886
603 179 47
5040 511 12
7525 540 25
5640 443 15
7102 272 1663
7553 390 16
4994 117 35
8002 815 18
5572 670 42
4020 613 10
2393 211 11
2244 808 18
5335 123 34
1412 183 64
3901 815 13
3936 901 40
5389 955 31
3242 382 11
5453 665 9
825 752 8
8789 482 11
1763 658 50
8574 724 30
4073 350 4
3241 378 8
1628 688 12
1177 297 29
6269 471 13
6701 782 34
8474 790 19
4986 784 59
6146 248 21
3685 687 72
7912 689 6
3278 327 40
5652 327 49
4920 805 6
5614 282 6
8943 466 54
1461 605 28
654 285 5
1565 240 70
8854 434 6
1792 453 6
3502 422 15
8989 839 19
4135 419 54
8560 954 27
3152 941 39
2003 893 3
7109 51 13
4591 406 7
5253 623 26
417 396 23
722 515 53
2335 651 9
3818 199 28
3479 472 26
8098 414 9
2470 317 1820
348 409 9
7665 480 14
2685 81 43
7713 238 3
4830 401 71
3608 790 17
2310 827 27
5482 226 49
2370 328 35
825 412 41
4875 909 17
2112 222 8
4089 69 6
5870 711 18
7544 114 3
707 683 45
7752 693 11
8829 540 28
4719 931 40
8002 350 8
3038 381 20
1685 17 43
2039 547 53
4229 101 67
83 806 13
7423 76 20
8922 196 4
1484 448 4
2614 357 8
4737 78 83
4361 218 22
7600 631 22
890 401 98
1876 194 4416
8710 641 26
894 546 15
4296 105 71
733 66 4
3607 9 7
3104 114 10
2873 516 54
1216 640 39
2499 321 23
7290 852 1733
1140 7 8
6532 937 53
3683 788 36
5914 37 5
7564 575 44
8580 511 28
6982 166 48
8357 51 12
507 337 12
2142 433 5
6823 669 12
967 780 7
1870 240 127
2502 761 12
5780 0 35
4485 585 9
921 392 4
1679 572 19
6261 209 39
252 642 11
6904 381 10
7954 548 52
2765 434 3810
8953 480 22
6090 570 7
3829 934 16
8003 670 33
6397 540 21
3611 638 51
4620 911 14
871 252 9
6721 295 48
7655 6 18
5460 111 47
1705 355 19
4463 580 6
5989 707 21
4812 388 13
5939 41 3
8621 463 46
5958 549 54
3601 636 6
6991 633 52
641 331 8
7113 787 1617
3883 725 3
4551 145 39
6109 128 21
570 320 87
367 147 38
2253 293 7969
4010 896 6061
6732 779 25
4544 489 22
4498 406 13
2081 478 23
8649 286 31
4914 663 42
1909 172 22
4364 210 43
5211 283 56
8537 549 56
3204 641 15
3636 947 92
545 720 21
6686 145 56
4542 396 29
933 211 11
2779 154 42
1390 391 34
69 766 11
1783 196 9
2242 917 11
6619 757 42
8298 774 8
8169 342 36
1237 61 9
5080 156 10
3259 260 42
6720 568 24
3259 534 46
7879 318 29
2039 820 22
6157 271 45
7461 91 50
4843 508 10
2807 776 9
2061 584 24
5257 913 18
3735 462 5351
6028 322 3
494 264 20
2548 260 26
5379 299 6
7147 648 3770
2102 667 17
4461 583 11
8006 326 1403
2404 836 24
3028 602 10
5295 104 32
5522 854 37
8437 323 45
5837 596 26
7537 578 7
5759 801 58
7909 522 28
831 45 29
2486 599 12
4440 336 13
5959 156 9
2282 241 55
1388 514 104
1403 480 6
79 148 29
4203 499 5
6493 955 14
7705 888 36
7981 20 2
99 710 45
4679 772 37
2496 57 28
6843 149 9460
6109 807 20
8536 74 59
6401 411 34
785 533 26
3914 271 41
2016 917 14
3037 808 29
4660 931 35
3315 912 22
7437 345 1348
5481 920 24
4534 157 23
3919 477 3
1904 559 35
2528 721 33
342 897 9
789 189 10
1914 513 8
4706 9 7
1705 257 33
23 141 10
1016 594 16
2742 82 26
5051 328 33
3470 72 25
289 685 20
3303 499 2
7089 2 24
4406 178 23
4156 430 7
8956 282 8
8137 936 7571
7919 930 14
2839 606 3118
6173 298 18
3000 132 9
1555 784 21
8559 76 28
1433 942 9
8491 955 25
8094 33 33
5609 412 48
3031 717 4
4533 859 10
8868 53 36
516 457 19
6673 273 22
1850 446 1685
7278 360 40
8183 650 5
7767 501 72
1502 79 21
7843 508 8
793 485 2
496 18 46
6972 150 50
1810 626 43
3949 31 42
534 180 40
11 179 66
4836 737 2
6137 763 2
5294 666 26
2690 18 28
4715 85 12
3007 536 14
1839 245 38
5259 179 91
940 37 11
8137 9 2449
5754 917 5
5251 361 10
3898 878 34
8358 709 15
8659 261 33
1433 371 6
149 206 23
3922 112 22
8712 203 6421
7185 403 14
3251 658 41
8122 365 35
3549 297 4927
4052 819 49
2652 77 23
3686 576 13
6300 294 61
3038 793 62
1284 124 35
6969 206 6478
8519 146 23
607 710 33
2863 691 4
7090 596 29
3533 650 8
3444 817 49
3771 784 34
3295 690 11
3669 861 7
5150 704 3
2689 600 15
958 911 18
6789 113 43
3319 206 10
6782 29 22
840 540 15
3815 892 58
1003 754 11
151 377 23
3960 534 32
2642 507 24
3726 350 8
7382 177 20
4326 613 7
2500 538 26
6450 269 3
3839 838 30
1856 669 17
7398 392 3
646 717 1580
2596 574 16
1277 3 10
3911 712 11
6949 650 5
7686 759 6
3811 247 15
2730 832 6
5720 272 2
3608 385 8
3681 476 31
5462 862 35
78 911 13
8648 859 7
653 780 8
7215 731 37
7893 784 24
6649 407 20
3249 119 10
5324 317 3
7632 18 31
4268 94 4468
3648 884 2
2942 50 41
2403 382 18
6294 117 33
246 53 22
8046 525 36
5339 312 16
3784 263 22
7686 235 47
2353 724 19
4056 216 22
6369 267 16
3714 228 16
6558 22 13
2219 97 11
7888 558 24
7443 168 10
8411 544 20
3313 300 8374
3513 692 106
3789 354 20
1563 612 13
1319 567 97
7149 866 29
1987 396 41
1900 732 49
5278 22 12
4363 354 23
6448 529 33
3565 615 51
1497 750 17
2291 930 19
4235 178 22
8946 11 27
5349 401 94
3940 728 8
4662 711 21
4060 129 13
2829 561 34
8050 712 11
649 24 7
2329 662 25
6670 602 7
2285 352 26
4294 495 21
2666 88 3
7819 61 11
5941 33 14
6072 931 40
300 907 28
2840 701 44
1605 720 11
2820 811 37
5631 713 3
1122 942 10
2449 483 32
3052 373 18
7004 615 28
5733 316 4
3124 483 20
7029 671 7
8909 679 10
82 208 44
3367 238 4
1815 916 12
7774 394 20
1371 217 37
1212 106 12
4453 486 1377
5854 458 23
3008 108 57
7221 411 5338
1541 679 12
411 665 4
3504 26 12
8060 456 43
3988 855 5
3257 577 41
6627 39 9
3310 804 15
5612 307 27
5076 112 19
8023 761 19
5916 319 53
1289 841 33
6297 949 33
2211 722 13
7383 494 19
2724 395 9
2555 610 3
8084 239 40
1197 551 17
2434 840 35
5815 866 18
1939 769 40
8195 629 39
531 670 39
1437 492 12
306 122 16
8983 540 23
8678 255 16
4492 483 13
4706 79 10
2561 180 19
6011 746 36
6384 663 43
196 921 66
4960 534 20
3293 414 19
2508 884 7
3707 871 36
4438 593 31
6118 202 27
7576 855 5
7205 225 3
8407 759 11
2052 254 6
4489 177 16
3471 238 5
2468 188 9
2980 147 45
3026 304 89
651 603 46
4725 849 27
2788 945 65
226 467 28
960 507 13
8476 906 21
1725 180 25
5918 518 10
6111 133 41
7746 146 36
770 343 10
3224 911 28
4477 381 10
4638 100 14
4741 560 21
6605 577 27
1663 602 5
4739 422 30
8268 156 5
1474 703 9
2358 114 6
3746 546 5602
2776 647 47
809 553 20
8447 731 38
7615 21 17
4121 490 12
7033 61 27
8855 62 20
7755 81 33
4273 3 6
6244 46 90
1714 11 25
2878 105 41
1035 729 40
5775 364 26
7323 891 9
8515 676 4056
7474 179 77
7578 602 6
3544 666 24
3188 769 42
4617 201 8
6648 455 26
4563 392 6
3931 348 38
43 696 22
7487 343 1410
2979 582 28
6762 757 25
4076 37 9
5832 359 8
7781 693 9
6766 770 31
5175 541 10
8380 300 51
756 755 21
2954 144 9
1887 307 17
6453 380 36
5686 632 21
817 243 9
7579 57 23
2588 911 30
1392 464 12
6434 507 13
8378 278 13
3139 107 23
7505 433 4
1712 340 7
6191 465 33
5583 195 9
157 202 38
4624 325 40
2056 325 51
7439 533 18
1419 380 29
4282 683 51
7691 444 8
3128 449 48
1410 98 6
98 493 12
2348 284 61
856 876 29
46 957 16
4616 704 1058
6884 339 41
2034 683 26
2579 396 35
277 958 26
1455 816 24
559 121 79
7218 349 49
5668 367 6
5864 342 30
16 233 46
2534 122 18
4240 936 30
2784 242 3268
5286 168 2406
6900 586 10
6116 483 20
7117 301 7
1120 372 8
4908 32 2946
8739 946 36
604 820 27
2165 117 76
1267 938 41
8182 776 13
943 3 8
2370 35 44
3595 158 43
4575 163 22
5451 796 36
8059 773 9
4942 571 5
3418 807 18
5584 54 14
8977 861 6
1951 697 43
1484 524 17
2998 829 9
6329 347 10
1219 191 21
249 363 12
5752 716 24
7144 104 42
8082 297 21
7397 579 45
660 813 22
7087 698 61
5514 920 58
96 156 10
8479 522 57
8727 649 44
1797 176 7
3494 753 41
5551 788 15
1927 880 31
6392 324 83
2728 357 18
5230 168 8
6324 264 13
4517 557 14
8673 685 41
7863 440 5747
2290 604 38
6106 633 26
8085 41 7
4695 860 9
7057 677 27
945 112 42
6525 630 16
6695 425 10
603 3 6
1642 389 14
3988 211 10
2878 306 10
5161 864 7
3855 729 77
7265 427 11
5821 439 27
8486 215 49
6031 902 9
8010 178 18
4538 103 50
6485 325 37
714 731 47
537 342 35
2658 24 3
4563 647 54
7438 748 35
6131 768 5895
3773 211 27
8970 344 17
6290 802 38
8049 529 26
1540 756 6
6148 486 4
409 504 3
4325 652 46
349 128 28
8840 395 16
4626 2 22
3676 641 27
1290 283 38
3655 570 14
517 511 12
1416 745 24
7061 602 7
4990 704 3
6792 168 11
7725 303 4
6245 546 15
3886 67 44
8837 732 43
8679 911 10
7961 864 11
8894 905 9
6601 492 12
451 888 39
3103 311 13
1030 29 46
7616 707 16
8293 455 55
2118 781 3019
1089 250 46
8869 335 22
6872 273 14
146 639 27
873 488 11
519 331 9
175 715 3
4131 544 2238
4088 261 31
7244 578 4
8837 669 16
2400 858 15
6553 297 30
4359 247 18
3340 669 15
8257 575 49
3145 84 25
6385 137 72
6455 99 16
1104 302 25
275 764 20
7736 690 7
5084 670 41
7149 899 18
623 600 34
3327 225 2356
7544 773 4
5280 719 12
1600 640 40
1901 97 20
3499 638 68
3493 727 3
3119 430 11
6606 344 12
7127 119 18
6369 556 34
5487 257 41
1193 227 5112
240 418 20
7458 68 19
353 336 23
4352 276 24
4280 27 7
6495 148 23
7800 131 27
7840 945 47
1615 899 10
7860 521 47
3279 632 32
2252 710 55
6170 886 33
2991 435 33
8382 493 28
602 727 2034
2368 800 29
2727 159 24
8634 445 24
6645 906 20
6552 293 25
4241 493 29
7599 787 6
1667 335 11
782 822 7
7294 838 9370
6451 107 32
2583 118 41
1360 353 41
7764 779 21
2771 302 50
8337 417 25
7385 383 3750
5762 365 22
3912 790 20
5137 61 17
2192 834 35
4309 677 30
892 242 8
8759 475 24
2621 441 10
2536 463 21
6639 165 9
2041 863 9
1218 669 9
8190 167 21
5226 722 16
4682 615 39
6748 620 9
2131 20 2
7268 672 12
8939 145 31
3722 758 7
972 916 11
5204 475 35
8845 278 13
1557 156 5
8522 299 12
3567 203 32
5002 669 11
81 781 25
5659 31 9977
4784 834 22
5025 466 40
5737 673 47
318 415 35
7958 853 13
656 854 32
6841 96 121
1800 47 19
7529 27 4
6943 328 4311
1444 668 34
313 558 19
2401 421 7
316 83 12
6499 741 38
7700 705 29
1644 239 41
7459 353 58
3366 80 8
4262 708 13
1900 669 19
1718 81 40
5364 802 21
6831 429 19
3284 627 6
8919 429 29
808 408 32
3294 394 17
2639 218 16
6303 734 39
4452 481 26
4977 502 41
6166 313 14
7058 547 9667
1309 30 8
5520 510 25
7790 805 6
2461 810 21
71 702 52
8475 271 21
2856 811 76
7628 151 1930
4165 947 9351
2471 158 24
1592 25 15
7669 328 29
3783 743 12
7183 387 11
2195 556 23
2059 184 22
7555 745 23
3143 186 25
5645 626 30
4651 591 27
8508 669 10
8034 454 44
4320 669 16
4321 313 14
2872 615 27
498 256 22
6497 233 9373
3100 644 36
6796 684 10
5304 239 42
5570 941 66
8394 698 8698
8968 878 16
6798 560 57
5939 280 13
3671 31 74
3129 807 2593
2224 652 9943
1651 446 4
81 684 18
5287 350 3
6206 406 13
8717 123 27
8290 897 11
6312 389 14
6597 437 40
7751 81 37
6153 489 26
8509 66 9
8264 413 13
5211 72 28
3958 447 23
2569 571 11
8198 623 31
7792 939 17
7806 597 11
8996 454 35
393 646 32
4211 516 55
1394 889 8
7962 75 6
8750 80 7
5475 376 25
2505 892 67
1636 880 7
3167 493 40
8215 817 37
4253 514 66
8065 738 9055
6240 494 14
4920 296 11
3740 65 4463
7343 421 8
6080 350 3
6801 855 11
7585 645 9
8974 290 38
6585 43 21
498 719 13
1782 193 41
7883 833 22
7896 112 42
1191 62 20
3714 347 25
7946 275 4
7965 609 29
4860 404 76
6273 185 36
6085 471 23
8346 348 20
1529 264 3028
8793 779 8
5154 287 40
6028 471 13
2093 537 11
1862 944 32
175 546 8
905 321 29
3689 940 3
2272 288 46
4531 816 13
8473 907 19
3920 763 6
8311 106 11
5124 354 34
8028 65 7
6115 413 13
6506 390 6
6506 899 5
3033 503 20
1254 499 5
1776 666 20
1146 143 50
249 687 80
6274 905 4
6694 757 20
180 26 13
8050 508 4
3144 883 32
5806 698 63
1540 165 4
676 278 12
8416 222 1985
4407 106 14
3344 873 8
8107 615 36
1648 391 35
8726 511 13
272 570 20
5100 37 9
3042 617 15
7339 790 28
7969 502 46
2811 608 21
7505 322 4
5541 623 41
7372 500 78
4738 664 12
7986 636 8
4430 718 1894
8080 107 14
6736 552 19
4607 699 19
1027 469 17
287 405 6698
1936 828 14
4387 513 6
449 758 7
518 257 65
6563 700 17
7928 442 7
3086 708 24
736 601 13
7735 226 64
8107 106 14
4295 280 29
2708 5 14
3910 17 36
7102 277 2425
7774 168 10
8618 91 4732
8121 573 8
4827 626 21
7918 768 26
115 191 14
705 699 24
2252 164 69
7718 723 14
5029 126 23
7401 515 9218
6006 914 16
7784 843 20
3818 772 41
2145 306 21
3262 886 40
1432 842 26
4159 565 18
5133 766 14
3978 948 54
456 118 9964
5603 116 3
1422 811 39
1290 72 23
5774 858 44
3114 781 16
5345 116 3
5217 857 45
7223 353 38
8898 503 19
1756 648 12
7134 729 44
8206 855 6
4131 130 8180
1688 368 12
2804 582 17
788 458 16
7562 775 40
6170 76 22
2716 410 47
8262 785 21
1965 476 26
1266 625 7
7633 944 39
97 517 65
37 808 10
7921 675 8
258 458 27
