instance,algo,seed,params,start,status,time_s,score,score_best,cost,start_score,fill_rate,n_placed,valid,ks_dp_weight,ks_dp_value,ks_greedy,ks_greedy_abandon,error
me_at_the_zoo,Greedy,0,,,ok,0.0009,471938,471938,7309330,,0.952,51,1,,,,,
me_at_the_zoo,Greedy2,0,,,ok,0.001,351943,351943,13706347,,0.787,33,1,,,,,
me_at_the_zoo,Greedy3,0,,,ok,0.0041,280477,280477,17516269,,0.714,32,1,,,,,
me_at_the_zoo,KS_indep,0,,,ok,0.0255,430136,430136,9537792,,0.976,76,1,10,0,0,0,
me_at_the_zoo,KS_maj,0,,,ok,0.0091,491182,491182,6283403,,0.913,51,1,10,0,0,0,
me_at_the_zoo,LS,0,nbC=10;nbV=10;it=5,Greedy,ok,0.0038,471938,471938,7309330,471938,0.965,56,1,,,,,
me_at_the_zoo,TS,0,nbC=10;nbV=10;it=100;tabu=7,Greedy,ok,0.0177,464737,471938,7693176,471938,0.982,71,1,,,,,
me_at_the_zoo,TS,1,nbC=10;nbV=10;it=100;tabu=7,Greedy,ok,0.1238,471843,471938,7314382,471938,0.986,69,1,,,,,
me_at_the_zoo,TS,2,nbC=10;nbV=10;it=100;tabu=7,Greedy,ok,0.0184,472256,473911,7292339,471938,0.98,67,1,,,,,
me_at_the_zoo,TS,3,nbC=10;nbV=10;it=100;tabu=7,Greedy,ok,0.0228,471938,471938,7309330,471938,0.988,71,1,,,,,
me_at_the_zoo,TS,4,nbC=10;nbV=10;it=100;tabu=7,Greedy,ok,0.0449,461388,471938,7871718,471938,0.984,75,1,,,,,
me_at_the_zoo,TS,5,nbC=10;nbV=10;it=100;tabu=7,Greedy,ok,0.0382,471120,471938,7352924,471938,0.992,73,1,,,,,
me_at_the_zoo,TS,6,nbC=10;nbV=10;it=100;tabu=7,Greedy,ok,0.0346,471938,471938,7309330,471938,0.972,67,1,,,,,
me_at_the_zoo,TS,7,nbC=10;nbV=10;it=100;tabu=7,Greedy,ok,0.0245,470874,471938,7366055,471938,0.985,71,1,,,,,
me_at_the_zoo,TS,8,nbC=10;nbV=10;it=100;tabu=7,Greedy,ok,0.0161,471080,471938,7355060,471938,0.988,67,1,,,,,
me_at_the_zoo,TS,9,nbC=10;nbV=10;it=100;tabu=7,Greedy,ok,0.0163,470018,471938,7411691,471938,0.988,69,1,,,,,
me_at_the_zoo,TSS,0,nbC=10;nbV=10;it=100;tabu=7,Greedy,ok,0.0348,473590,478185,7221229,471938,0.886,47,1,,,,,
trending_today,Greedy,0,,,ok,0.7271,352428,352428,123912290600,,0.9993,10105,1,,,,,
kittens,Greedy,0,,,ok,5.9382,534187,534187,960535847660,,1.0,7209,1,,,,,
trending_today,Greedy2,0,,,ok,2.3519,499991,499991,50055568100,,0.9993,9996,1,,,,,
trending_today,Greedy3,0,,,ok,0.1531,5101,5101,297753098600,,0.9984,8700,1,,,,,
trending_today,KS_indep,0,,,ok,2.7612,0,0,300306600600,,0.0,0,1,0,0,0,0,
kittens,Greedy2,0,,,ok,16.7512,858869,858869,635774937003,,0.998,6392,1,,,,,
trending_today,KS_maj,0,,,ok,12.5293,499966,499966,50068100600,,0.9987,9993,1,0,0,100,0,
kittens,Greedy3,0,,,ok,10.4498,57710,57710,1437127346624,,1.0,8950,1,,,,,
trending_today,LS,0,nbC=10;nbV=10;it=5,Greedy2,ok,46.6989,499840,499840,50130802600,499991,0.9993,9997,1,,,,,
trending_today,TS,0,nbC=10;nbV=10;it=100;tabu=7,Greedy2,ok,0.0095,499991,499991,50055568100,499991,0.9993,9996,1,,,,,
trending_today,TS,1,nbC=10;nbV=10;it=100;tabu=7,Greedy2,ok,0.0203,499933,499991,50084206100,499991,0.9993,9996,1,,,,,
trending_today,TS,2,nbC=10;nbV=10;it=100;tabu=7,Greedy2,ok,0.0142,499967,499991,50067232600,499991,0.9992,9995,1,,,,,
trending_today,TS,3,nbC=10;nbV=10;it=100;tabu=7,Greedy2,ok,0.0201,499888,499991,50106856100,499991,0.9992,9994,1,,,,,
trending_today,TS,4,nbC=10;nbV=10;it=100;tabu=7,Greedy2,ok,0.0513,499746,499991,50178081600,499991,0.999,9993,1,,,,,
trending_today,TS,5,nbC=10;nbV=10;it=100;tabu=7,Greedy2,ok,0.0904,499639,499991,50231660100,499991,0.9987,9993,1,,,,,
trending_today,TS,6,nbC=10;nbV=10;it=100;tabu=7,Greedy2,ok,0.0216,499954,499991,50073674600,499991,0.9993,9996,1,,,,,
trending_today,TS,7,nbC=10;nbV=10;it=100;tabu=7,Greedy2,ok,0.0206,499861,499991,50120281100,499991,0.9992,9994,1,,,,,
kittens,KS_indep,0,,,timeout,300.0503,65079,65079,1429757433713,,0.03,5032,1,17,0,0,0,
trending_today,TS,8,nbC=10;nbV=10;it=100;tabu=7,Greedy2,ok,0.0334,499782,499991,50160156600,499991,0.9991,9994,1,,,,,
trending_today,TS,9,nbC=10;nbV=10;it=100;tabu=7,Greedy2,ok,0.0468,499764,499991,50169083100,499991,0.9991,9995,1,,,,,
trending_today,TSS,0,nbC=10;nbV=10;it=100;tabu=7,Greedy2,ok,1.0767,499585,499991,50258613100,499991,0.9985,9992,1,,,,,
videos_worth_spreading,Greedy,0,,,ok,0.0953,484419,484419,229249474988,,0.9999,3507,1,,,,,
videos_worth_spreading,Greedy2,0,,,ok,0.2176,129415,129415,406640237676,,0.9995,3487,1,,,,,
videos_worth_spreading,Greedy3,0,,,ok,0.0094,257888,257888,342444142581,,0.1752,521,1,,,,,
kittens,KS_maj,0,,,timeout,300.0323,146377,146377,1348439757078,,0.028,1526,1,15,0,0,0,
videos_worth_spreading,KS_indep,0,,,timeout,300.0338,207979,207979,367382833803,,0.09,774,1,10,0,0,0,
kittens,LS,0,nbC=10;nbV=10;it=5,Greedy2,ok,55.5826,858817,858817,635827038120,858869,0.998,6393,1,,,,,
kittens,TS,0,nbC=10;nbV=10;it=100;tabu=7,Greedy2,ok,0.0987,858876,858876,635768271245,858869,0.998,6393,1,,,,,
kittens,TS,1,nbC=10;nbV=10;it=100;tabu=7,Greedy2,ok,0.1982,858907,858907,635736781883,858869,0.998,6395,1,,,,,
kittens,TS,2,nbC=10;nbV=10;it=100;tabu=7,Greedy2,ok,0.0535,858869,858869,635774937003,858869,0.998,6392,1,,,,,
kittens,TS,3,nbC=10;nbV=10;it=100;tabu=7,Greedy2,ok,0.0481,858869,858869,635774937003,858869,0.998,6392,1,,,,,
kittens,TS,4,nbC=10;nbV=10;it=100;tabu=7,Greedy2,ok,0.0985,858877,858877,635766985013,858869,0.998,6393,1,,,,,
videos_worth_spreading,KS_maj,0,,,timeout,300.0316,528086,528086,207429586241,,0.68,4683,1,70,0,0,0,
videos_worth_spreading,LS,0,nbC=10;nbV=10;it=5,Greedy,ok,2.2358,484449,484449,229234715639,484419,0.9997,3508,1,,,,,
videos_worth_spreading,TS,0,nbC=10;nbV=10;it=100;tabu=7,Greedy,ok,0.0019,484419,484419,229249474988,484419,0.9999,3507,1,,,,,
videos_worth_spreading,TS,1,nbC=10;nbV=10;it=100;tabu=7,Greedy,ok,0.002,484419,484419,229249474988,484419,0.9999,3507,1,,,,,
videos_worth_spreading,TS,2,nbC=10;nbV=10;it=100;tabu=7,Greedy,ok,0.0017,484419,484419,229249474988,484419,0.9999,3507,1,,,,,
videos_worth_spreading,TS,3,nbC=10;nbV=10;it=100;tabu=7,Greedy,ok,0.0016,484419,484419,229249474988,484419,0.9999,3507,1,,,,,
videos_worth_spreading,TS,4,nbC=10;nbV=10;it=100;tabu=7,Greedy,ok,0.0016,484419,484419,229249474988,484419,0.9999,3507,1,,,,,
videos_worth_spreading,TS,5,nbC=10;nbV=10;it=100;tabu=7,Greedy,ok,0.0021,484419,484419,229249474988,484419,0.9999,3507,1,,,,,
videos_worth_spreading,TS,6,nbC=10;nbV=10;it=100;tabu=7,Greedy,ok,0.0015,484419,484419,229249474988,484419,0.9999,3507,1,,,,,
videos_worth_spreading,TS,7,nbC=10;nbV=10;it=100;tabu=7,Greedy,ok,0.0014,484419,484419,229249474988,484419,0.9999,3507,1,,,,,
videos_worth_spreading,TS,8,nbC=10;nbV=10;it=100;tabu=7,Greedy,ok,0.0016,484419,484419,229249474988,484419,0.9999,3507,1,,,,,
videos_worth_spreading,TS,9,nbC=10;nbV=10;it=100;tabu=7,Greedy,ok,0.0024,484409,484419,229254371346,484419,0.9995,3506,1,,,,,
kittens,TS,5,nbC=10;nbV=10;it=100;tabu=7,Greedy2,ok,0.5945,858960,858960,635684211219,858869,0.998,6403,1,,,,,
videos_worth_spreading,TSS,0,nbC=10;nbV=10;it=100;tabu=7,Greedy,ok,45.2693,484525,484525,229196630858,484419,0.9997,3507,1,,,,,
custom_dejavu42,Greedy,0,,,ok,0.9799,10430,10430,3566229319212,,0.9996,737,1,,,,,
custom_dejavu42,Greedy2,0,,,ok,1.035,19051,19051,3511105474517,,0.9994,721,1,,,,,
custom_dejavu42,Greedy3,0,,,ok,0.065,3604,3604,3609873770946,,0.5957,460,1,,,,,
kittens,TS,6,nbC=10;nbV=10;it=100;tabu=7,Greedy2,ok,0.2515,858926,858926,635717557897,858869,0.998,6396,1,,,,,
kittens,TS,7,nbC=10;nbV=10;it=100;tabu=7,Greedy2,ok,0.149,858879,858879,635764795691,858869,0.998,6394,1,,,,,
custom_dejavu42,KS_indep,0,,,ok,122.6164,46059,46059,3338414182195,,1.0,4891,1,20,0,0,0,
kittens,TS,8,nbC=10;nbV=10;it=100;tabu=7,Greedy2,ok,0.1965,858896,858896,635748264314,858869,0.998,6395,1,,,,,
kittens,TS,9,nbC=10;nbV=10;it=100;tabu=7,Greedy2,ok,0.0472,858869,858869,635774937003,858869,0.998,6392,1,,,,,
custom_dejavu42,KS_maj,0,,,ok,92.6229,59673,59673,3251373104689,,1.0,3382,1,20,0,0,0,
kittens,TSS,0,nbC=10;nbV=10;it=100;tabu=7,Greedy2,ok,0.1033,858869,858869,635774937003,858869,0.998,6392,1,,,,,
custom_dejavu42,LS,0,nbC=10;nbV=10;it=5,Greedy2,ok,6.7608,19097,19097,3510808301897,19051,0.9992,722,1,,,,,
custom_universallambda42,Greedy,0,,,ok,0.954,185469,185469,5364272003979,,1.0,874,1,,,,,
custom_dejavu42,TS,0,nbC=10;nbV=10;it=100;tabu=7,Greedy2,ok,0.0298,19007,19051,3511385858302,19051,0.9991,720,1,,,,,
custom_universallambda42,Greedy2,0,,,ok,1.7483,155519,155519,5451786865751,,1.0,648,1,,,,,
custom_universallambda42,Greedy3,0,,,ok,0.3493,1246,1246,5902576869224,,1.0,67,1,,,,,
custom_dejavu42,TS,1,nbC=10;nbV=10;it=100;tabu=7,Greedy2,ok,0.1387,19136,19136,3510562530871,19051,0.9992,728,1,,,,,
custom_dejavu42,TS,2,nbC=10;nbV=10;it=100;tabu=7,Greedy2,ok,0.0083,19051,19051,3511105474517,19051,0.9994,721,1,,,,,
custom_dejavu42,TS,3,nbC=10;nbV=10;it=100;tabu=7,Greedy2,ok,0.008,19051,19051,3511105474517,19051,0.9994,721,1,,,,,
custom_dejavu42,TS,4,nbC=10;nbV=10;it=100;tabu=7,Greedy2,ok,0.0084,19051,19051,3511105474517,19051,0.9994,721,1,,,,,
custom_dejavu42,TS,5,nbC=10;nbV=10;it=100;tabu=7,Greedy2,ok,0.051,19016,19051,3511325903648,19051,0.9968,721,1,,,,,
custom_dejavu42,TS,6,nbC=10;nbV=10;it=100;tabu=7,Greedy2,ok,0.0088,19051,19051,3511105474517,19051,0.9994,721,1,,,,,
custom_dejavu42,TS,7,nbC=10;nbV=10;it=100;tabu=7,Greedy2,ok,0.0083,19051,19051,3511105474517,19051,0.9994,721,1,,,,,
custom_dejavu42,TS,8,nbC=10;nbV=10;it=100;tabu=7,Greedy2,ok,0.0162,19039,19051,3511179017506,19051,0.9986,720,1,,,,,
custom_dejavu42,TS,9,nbC=10;nbV=10;it=100;tabu=7,Greedy2,ok,0.0156,19037,19051,3511196991176,19051,0.9991,720,1,,,,,
custom_dejavu42,TSS,0,nbC=10;nbV=10;it=100;tabu=7,Greedy2,ok,1.1973,19063,19079,3511026182770,19051,0.9995,721,1,,,,,
custom_universallambda42_asymmetric,Greedy,0,,,ok,3.1678,223919,223919,8584502373,,0.252,1106,1,,,,,
custom_universallambda42_asymmetric,Greedy2,0,,,ok,9.6332,95130,95130,9206986933,,0.252,371,1,,,,,
custom_universallambda42_asymmetric,Greedy3,0,,,ok,1.8829,35951,35951,9493026059,,0.252,5275,1,,,,,
custom_universallambda42,KS_indep,0,,,ok,117.2649,1196506,1196506,2409985012921,,1.0,40000,1,20,0,0,0,
custom_universallambda42,KS_maj,0,,,ok,93.8017,1202345,1202345,2392921112014,,1.0,10193,1,20,0,0,0,
custom_universallambda42,LS,0,nbC=10;nbV=10;it=5,Greedy,ok,18.5802,185787,185787,5363341079514,185469,1.0,873,1,,,,,
custom_universallambda42,TS,0,nbC=10;nbV=10;it=100;tabu=7,Greedy,ok,0.0117,185469,185469,5364272003979,185469,1.0,874,1,,,,,
custom_universallambda42,TS,1,nbC=10;nbV=10;it=100;tabu=7,Greedy,ok,0.0214,185278,185469,5364828623700,185469,1.0,873,1,,,,,
custom_universallambda42,TS,2,nbC=10;nbV=10;it=100;tabu=7,Greedy,ok,0.0297,185468,185469,5364274079916,185469,1.0,874,1,,,,,
custom_universallambda42,TS,3,nbC=10;nbV=10;it=100;tabu=7,Greedy,ok,0.0111,185469,185469,5364272003979,185469,1.0,874,1,,,,,
custom_universallambda42,TS,4,nbC=10;nbV=10;it=100;tabu=7,Greedy,ok,0.0208,185255,185469,5364895833088,185469,0.9849,873,1,,,,,
custom_universallambda42,TS,5,nbC=10;nbV=10;it=100;tabu=7,Greedy,ok,0.0299,185008,185469,5365618211589,185469,1.0,872,1,,,,,
custom_universallambda42,TS,6,nbC=10;nbV=10;it=100;tabu=7,Greedy,ok,0.0105,185469,185469,5364272003979,185469,1.0,874,1,,,,,
custom_universallambda42,TS,7,nbC=10;nbV=10;it=100;tabu=7,Greedy,ok,0.0102,185469,185469,5364272003979,185469,1.0,874,1,,,,,
custom_universallambda42,TS,8,nbC=10;nbV=10;it=100;tabu=7,Greedy,ok,0.0104,185469,185469,5364272003979,185469,1.0,874,1,,,,,
custom_universallambda42,TS,9,nbC=10;nbV=10;it=100;tabu=7,Greedy,ok,0.0127,185469,185469,5364272003979,185469,1.0,874,1,,,,,
custom_universallambda42,TSS,0,nbC=10;nbV=10;it=100;tabu=7,Greedy,ok,0.1004,185469,185469,5364272003979,185469,1.0,874,1,,,,,
instance1,Greedy,0,,,ok,0.0271,772617,772617,49696283,,1.0,5007,1,,,,,
instance1,Greedy2,0,,,ok,0.1719,1247139,1247139,30192967,,1.0,5024,1,,,,,
instance1,Greedy3,0,,,ok,0.0048,64911,64911,78783739,,0.1871,980,1,,,,,
instance1,KS_indep,0,,,ok,0.0465,0,0,81451655,,0.0,0,1,0,0,0,0,
instance1,KS_maj,0,,,ok,0.2331,1381707,1381707,24662088,,1.0,7568,1,0,0,10,0,
custom_universallambda42_asymmetric,KS_indep,0,,,timeout,300,,,,,,,,63,187,0,0,fils interrompu de force
instance1,LS,0,nbC=10;nbV=10;it=5,Greedy2,ok,3.8872,1247025,1247025,30197651,1247139,0.9997,5025,1,,,,,
instance1,TS,0,nbC=10;nbV=10;it=100;tabu=7,Greedy2,ok,0.0715,1250477,1250477,30055781,1247139,0.9999,5082,1,,,,,
instance1,TS,1,nbC=10;nbV=10;it=100;tabu=7,Greedy2,ok,0.075,1251665,1251780,30006959,1247139,0.9996,5090,1,,,,,
instance1,TS,2,nbC=10;nbV=10;it=100;tabu=7,Greedy2,ok,0.0728,1251142,1251142,30028455,1247139,1.0,5088,1,,,,,
instance1,TS,3,nbC=10;nbV=10;it=100;tabu=7,Greedy2,ok,0.0731,1249907,1250068,30079215,1247139,0.9999,5076,1,,,,,
instance1,TS,4,nbC=10;nbV=10;it=100;tabu=7,Greedy2,ok,0.0732,1250009,1250009,30075034,1247139,1.0,5076,1,,,,,
instance1,TS,5,nbC=10;nbV=10;it=100;tabu=7,Greedy2,ok,0.0729,1251221,1251344,30025213,1247139,0.9997,5076,1,,,,,
instance1,TS,6,nbC=10;nbV=10;it=100;tabu=7,Greedy2,ok,0.0737,1251183,1251183,30026754,1247139,0.9999,5084,1,,,,,
instance1,TS,7,nbC=10;nbV=10;it=100;tabu=7,Greedy2,ok,0.0706,1250792,1250792,30042845,1247139,1.0,5084,1,,,,,
instance1,TS,8,nbC=10;nbV=10;it=100;tabu=7,Greedy2,ok,0.0724,1251314,1251314,30021361,1247139,0.9999,5084,1,,,,,
instance1,TS,9,nbC=10;nbV=10;it=100;tabu=7,Greedy2,ok,0.0732,1251057,1251057,30031946,1247139,1.0,5084,1,,,,,
instance1,TSS,0,nbC=10;nbV=10;it=100;tabu=7,Greedy2,ok,0.0866,1245996,1247139,30239953,1247139,0.9993,5022,1,,,,,
instance2,Greedy,0,,,ok,0.0347,1494057,1494057,36537716,,1.0,7523,1,,,,,
instance2,Greedy2,0,,,ok,0.1041,1385219,1385219,43546986,,0.5567,4209,1,,,,,
instance2,Greedy3,0,,,ok,0.0085,374280,374280,108652466,,0.2781,2105,1,,,,,
instance2,KS_indep,0,,,ok,0.0652,0,0,132756506,,0.0,0,1,0,0,0,0,
instance2,KS_maj,0,,,ok,0.4442,1855463,1855463,13262818,,1.0,8594,1,0,0,10,0,
instance2,LS,0,nbC=10;nbV=10;it=5,Greedy,ok,9.0824,1494065,1494065,36537162,1494057,0.9995,7522,1,,,,,
instance2,TS,0,nbC=10;nbV=10;it=100;tabu=7,Greedy,ok,0.1875,1504962,1504964,35835385,1494057,0.9999,7581,1,,,,,
instance2,TS,1,nbC=10;nbV=10;it=100;tabu=7,Greedy,ok,0.1785,1503210,1503210,35948265,1494057,1.0,7583,1,,,,,
instance2,TS,2,nbC=10;nbV=10;it=100;tabu=7,Greedy,ok,0.2009,1504948,1504948,35836309,1494057,1.0,7589,1,,,,,
instance2,TS,3,nbC=10;nbV=10;it=100;tabu=7,Greedy,ok,0.1873,1502568,1502568,35989618,1494057,1.0,7575,1,,,,,
instance2,TS,4,nbC=10;nbV=10;it=100;tabu=7,Greedy,ok,0.1826,1502591,1502595,35988140,1494057,0.9997,7575,1,,,,,
instance2,TS,5,nbC=10;nbV=10;it=100;tabu=7,Greedy,ok,0.1813,1503084,1503084,35956371,1494057,0.9999,7575,1,,,,,
instance2,TS,6,nbC=10;nbV=10;it=100;tabu=7,Greedy,ok,0.1874,1502924,1502924,35966656,1494057,1.0,7581,1,,,,,
instance2,TS,7,nbC=10;nbV=10;it=100;tabu=7,Greedy,ok,0.1837,1503488,1503493,35930326,1494057,0.9998,7579,1,,,,,
instance2,TS,8,nbC=10;nbV=10;it=100;tabu=7,Greedy,ok,0.1851,1503920,1503920,35902537,1494057,1.0,7577,1,,,,,
instance2,TS,9,nbC=10;nbV=10;it=100;tabu=7,Greedy,ok,0.1844,1502673,1502673,35982808,1494057,1.0,7583,1,,,,,
instance2,TSS,0,nbC=10;nbV=10;it=100;tabu=7,Greedy,ok,3.6276,1494061,1494061,36537469,1494057,1.0,7523,1,,,,,
4990_246_84901_50,Greedy,0,,,ok,0.1177,1186445,1186445,65550849,,1.0,8646,1,,,,,
4990_246_84901_50,Greedy2,0,,,ok,0.3956,1212071,1212071,63375197,,0.5858,4989,1,,,,,
4990_246_84901_50,Greedy3,0,,,ok,0.0113,184763,184763,150594657,,0.5722,4920,1,,,,,
4990_246_84901_50,KS_indep,0,,,ok,0.4207,0,0,166281298,,0.0,0,1,0,0,0,0,
4990_246_84901_50,KS_maj,0,,,ok,2.3641,1675555,1675555,24024987,,0.9999,10272,1,0,0,50,0,
4990_246_84901_50,LS,0,nbC=10;nbV=10;it=5,Greedy2,ok,12.131,1230043,1230043,61849339,1212071,0.5865,4994,1,,,,,
4990_246_84901_50,TS,0,nbC=10;nbV=10;it=100;tabu=7,Greedy2,ok,0.5522,1273362,1273362,58171535,1212071,0.596,5089,1,,,,,
4990_246_84901_50,TS,1,nbC=10;nbV=10;it=100;tabu=7,Greedy2,ok,0.5438,1263779,1263779,58985133,1212071,0.5955,5089,1,,,,,
4990_246_84901_50,TS,2,nbC=10;nbV=10;it=100;tabu=7,Greedy2,ok,0.5721,1276091,1276091,57939844,1212071,0.5973,5089,1,,,,,
4990_246_84901_50,TS,3,nbC=10;nbV=10;it=100;tabu=7,Greedy2,ok,0.5458,1269890,1269890,58466302,1212071,0.5973,5089,1,,,,,
4990_246_84901_50,TS,4,nbC=10;nbV=10;it=100;tabu=7,Greedy2,ok,0.5448,1270998,1270998,58372291,1212071,0.596,5089,1,,,,,
4990_246_84901_50,TS,5,nbC=10;nbV=10;it=100;tabu=7,Greedy2,ok,0.5914,1270846,1270846,58385168,1212071,0.5975,5089,1,,,,,
4990_246_84901_50,TS,6,nbC=10;nbV=10;it=100;tabu=7,Greedy2,ok,0.5489,1273964,1273964,58120442,1212071,0.5968,5089,1,,,,,
4990_246_84901_50,TS,7,nbC=10;nbV=10;it=100;tabu=7,Greedy2,ok,0.5466,1269669,1269669,58485125,1212071,0.5966,5089,1,,,,,
4990_246_84901_50,TS,8,nbC=10;nbV=10;it=100;tabu=7,Greedy2,ok,0.5575,1268173,1268173,58612091,1212071,0.5956,5089,1,,,,,
4990_246_84901_50,TS,9,nbC=10;nbV=10;it=100;tabu=7,Greedy2,ok,0.5463,1260603,1260603,59254793,1212071,0.5971,5089,1,,,,,
4990_246_84901_50,TSS,0,nbC=10;nbV=10;it=100;tabu=7,Greedy2,ok,9.1238,1252402,1252417,59951097,1212071,0.5991,5073,1,,,,,
6970_311_100000_69,Greedy,0,,,ok,0.0845,1255923,1255923,66818609,,1.0,27585,1,,,,,
6970_311_100000_69,Greedy2,0,,,ok,0.307,704608,704608,121950159,,0.2533,6970,1,,,,,
6970_311_100000_69,Greedy3,0,,,ok,0.0115,146409,146409,177769979,,0.1119,3110,1,,,,,
6970_311_100000_69,KS_indep,0,,,ok,0.2952,0,0,192410976,,0.0,0,1,0,0,0,0,
6970_311_100000_69,KS_maj,0,,,ok,2.2851,1754199,1754199,16990981,,1.0,31542,1,0,0,69,0,
6970_311_100000_69,LS,0,nbC=10;nbV=10;it=5,Greedy,ok,14.7544,1255925,1255925,66818468,1255923,1.0,27584,1,,,,,
6970_311_100000_69,TS,0,nbC=10;nbV=10;it=100;tabu=7,Greedy,ok,0.2915,1258128,1258130,66598137,1255923,0.9998,27627,1,,,,,
6970_311_100000_69,TS,1,nbC=10;nbV=10;it=100;tabu=7,Greedy,ok,0.2322,1257650,1257650,66645918,1255923,0.9999,27615,1,,,,,
6970_311_100000_69,TS,2,nbC=10;nbV=10;it=100;tabu=7,Greedy,ok,0.3421,1258114,1258115,66599546,1255923,0.9998,27627,1,,,,,
6970_311_100000_69,TS,3,nbC=10;nbV=10;it=100;tabu=7,Greedy,ok,0.4271,1258350,1258350,66575925,1255923,0.9998,27633,1,,,,,
6970_311_100000_69,TS,4,nbC=10;nbV=10;it=100;tabu=7,Greedy,ok,0.3176,1257946,1257946,66616351,1255923,0.9998,27629,1,,,,,
6970_311_100000_69,TS,5,nbC=10;nbV=10;it=100;tabu=7,Greedy,ok,0.3105,1258354,1258354,66575524,1255923,0.9996,27625,1,,,,,
6970_311_100000_69,TS,6,nbC=10;nbV=10;it=100;tabu=7,Greedy,ok,0.3441,1258626,1258626,66548360,1255923,0.9997,27621,1,,,,,
6970_311_100000_69,TS,7,nbC=10;nbV=10;it=100;tabu=7,Greedy,ok,0.2896,1257954,1257954,66615491,1255923,0.9999,27627,1,,,,,
6970_311_100000_69,TS,8,nbC=10;nbV=10;it=100;tabu=7,Greedy,ok,0.8069,1258047,1258047,66606215,1255923,0.9998,27613,1,,,,,
6970_311_100000_69,TS,9,nbC=10;nbV=10;it=100;tabu=7,Greedy,ok,0.4845,1258141,1258141,66596866,1255923,0.9998,27633,1,,,,,
custom_universallambda42_asymmetric,KS_maj,0,,,timeout,300.038,887827,887827,5375572167,,0.208,4461,1,63,187,0,0,
6970_311_100000_69,TSS,0,nbC=10;nbV=10;it=100;tabu=7,Greedy,ok,9.0298,1255927,1255928,66818201,1255923,0.9999,27583,1,,,,,
10000_500_100000_100,Greedy,0,,,ok,0.68,1972501,1972501,6258009,,1.0,49968,1,,,,,
custom_universallambda42_asymmetric,LS,0,nbC=10;nbV=10;it=5,Greedy,ok,74.6452,223919,223919,8584502373,223919,0.262,1111,1,,,,,
10000_500_100000_100,Greedy2,0,,,ok,2.0588,1822479,1822479,21260291,,0.2009,10000,1,,,,,
custom_universallambda42_asymmetric,TS,0,nbC=10;nbV=10;it=100;tabu=7,Greedy,ok,7.8097,223919,223919,8584502373,223919,0.3559,1206,1,,,,,
10000_500_100000_100,Greedy3,0,,,ok,0.1321,112485,112485,192259670,,0.818,42500,1,,,,,
10000_500_100000_100,KS_indep,0,,,ok,3.0888,0,0,203508200,,0.0,0,1,0,0,0,0,
custom_universallambda42_asymmetric,TS,1,nbC=10;nbV=10;it=100;tabu=7,Greedy,ok,9.0554,223919,223919,8584502373,223919,0.344,1206,1,,,,,
10000_500_100000_100,KS_maj,0,,,ok,17.6944,1905898,1905898,12918372,,0.4053,20168,1,0,59,41,0,
custom_universallambda42_asymmetric,TS,2,nbC=10;nbV=10;it=100;tabu=7,Greedy,ok,14.107,223919,223919,8584502373,223919,0.3461,1206,1,,,,,
custom_universallambda42_asymmetric,TS,3,nbC=10;nbV=10;it=100;tabu=7,Greedy,ok,9.9576,223919,223919,8584502373,223919,0.3553,1206,1,,,,,
custom_universallambda42_asymmetric,TS,4,nbC=10;nbV=10;it=100;tabu=7,Greedy,ok,9.6269,223919,223919,8584502373,223919,0.3432,1206,1,,,,,
custom_universallambda42_asymmetric,TS,5,nbC=10;nbV=10;it=100;tabu=7,Greedy,ok,8.7546,223919,223919,8584502373,223919,0.3385,1206,1,,,,,
custom_universallambda42_asymmetric,TS,6,nbC=10;nbV=10;it=100;tabu=7,Greedy,ok,9.1808,223919,223919,8584502373,223919,0.3591,1204,1,,,,,
custom_universallambda42_asymmetric,TS,7,nbC=10;nbV=10;it=100;tabu=7,Greedy,ok,8.8783,223919,223919,8584502373,223919,0.3445,1206,1,,,,,
10000_500_100000_100,LS,0,nbC=10;nbV=10;it=5,Greedy,ok,211.0165,1972504,1972504,6257777,1972501,1.0,49971,1,,,,,
custom_universallambda42_asymmetric,TS,8,nbC=10;nbV=10;it=100;tabu=7,Greedy,ok,8.2369,223919,223919,8584502373,223919,0.3428,1206,1,,,,,
custom_universallambda42_asymmetric,TS,9,nbC=10;nbV=10;it=100;tabu=7,Greedy,ok,11.217,223919,223919,8584502373,223919,0.35,1206,1,,,,,
10000_500_100000_100,TS,0,nbC=10;nbV=10;it=100;tabu=7,Greedy,ok,1.1353,1973180,1973180,6190157,1972501,0.9998,50002,1,,,,,
custom_universallambda42_asymmetric,TSS,0,nbC=10;nbV=10;it=100;tabu=7,Greedy,ok,7.1573,223919,223919,8584502373,223919,0.264,1112,1,,,,,
3860_246_84901_66,Greedy,0,,,ok,0.2812,1952453,1952453,3539717,,1.0,33390,1,,,,,
3860_246_84901_66,Greedy2,0,,,ok,0.945,1764004,1764004,19539244,,0.1163,3860,1,,,,,
3860_246_84901_66,Greedy3,0,,,ok,0.0325,132061,132061,158092878,,0.4191,13776,1,,,,,
3860_246_84901_66,KS_indep,0,,,ok,1.3545,0,0,169305011,,0.0,0,1,0,0,0,0,
3860_246_84901_66,KS_maj,0,,,ok,8.0518,1840976,1840976,13004262,,0.2325,7720,1,0,50,16,0,
10000_500_100000_100,TS,1,nbC=10;nbV=10;it=100;tabu=7,Greedy,ok,0.0695,1972507,1972507,6257487,1972501,1.0,49966,1,,,,,
3860_246_84901_66,LS,0,nbC=10;nbV=10;it=5,Greedy,ok,100.3053,1952458,1952458,3539315,1952453,1.0,33389,1,,,,,
10000_500_100000_100,TS,2,nbC=10;nbV=10;it=100;tabu=7,Greedy,ok,0.6126,1972649,1972649,6243288,1972501,0.9998,49982,1,,,,,
3860_246_84901_66,TS,0,nbC=10;nbV=10;it=100;tabu=7,Greedy,ok,1.3092,1952591,1952591,3528018,1952453,0.9999,33428,1,,,,,
3860_246_84901_66,TS,1,nbC=10;nbV=10;it=100;tabu=7,Greedy,ok,1.5688,1952637,1952637,3524143,1952453,0.9998,33434,1,,,,,
10000_500_100000_100,TS,3,nbC=10;nbV=10;it=100;tabu=7,Greedy,ok,0.1105,1972504,1972504,6257712,1972501,0.9999,49963,1,,,,,
3860_246_84901_66,TS,2,nbC=10;nbV=10;it=100;tabu=7,Greedy,ok,1.2953,1952739,1952739,3515476,1952453,0.9999,33422,1,,,,,
10000_500_100000_100,TS,4,nbC=10;nbV=10;it=100;tabu=7,Greedy,ok,1.5271,1972797,1972797,6228500,1972501,0.9998,50004,1,,,,,
3860_246_84901_66,TS,3,nbC=10;nbV=10;it=100;tabu=7,Greedy,ok,1.2316,1952703,1952703,3518568,1952453,0.9999,33432,1,,,,,
3860_246_84901_66,TS,4,nbC=10;nbV=10;it=100;tabu=7,Greedy,ok,1.2576,1952602,1952602,3527112,1952453,0.9999,33426,1,,,,,
10000_500_100000_100,TS,5,nbC=10;nbV=10;it=100;tabu=7,Greedy,ok,1.0899,1972895,1972895,6218625,1972501,0.9998,50004,1,,,,,
3860_246_84901_66,TS,5,nbC=10;nbV=10;it=100;tabu=7,Greedy,ok,1.8938,1952592,1952592,3527949,1952453,0.9999,33428,1,,,,,
3860_246_84901_66,TS,6,nbC=10;nbV=10;it=100;tabu=7,Greedy,ok,1.4178,1952622,1952622,3525384,1952453,0.9998,33426,1,,,,,
10000_500_100000_100,TS,6,nbC=10;nbV=10;it=100;tabu=7,Greedy,ok,0.276,1972523,1972525,6255802,1972501,0.9999,49964,1,,,,,
3860_246_84901_66,TS,7,nbC=10;nbV=10;it=100;tabu=7,Greedy,ok,1.452,1952669,1952669,3521414,1952453,0.9998,33428,1,,,,,
3860_246_84901_66,TS,8,nbC=10;nbV=10;it=100;tabu=7,Greedy,ok,1.2273,1952617,1952617,3525875,1952453,0.9998,33432,1,,,,,
10000_500_100000_100,TS,7,nbC=10;nbV=10;it=100;tabu=7,Greedy,ok,0.8652,1972794,1972794,6228790,1972501,0.9999,50004,1,,,,,
3860_246_84901_66,TS,9,nbC=10;nbV=10;it=100;tabu=7,Greedy,ok,1.172,1952659,1952659,3522294,1952453,0.9997,33424,1,,,,,
3860_246_84901_66,TSS,0,nbC=10;nbV=10;it=100;tabu=7,Greedy,ok,1.7406,1952465,1952465,3538776,1952453,1.0,33390,1,,,,,
regional_instance,Greedy,0,,,ok,0.0017,2276578,2276578,157796548,,0.5813,730,1,,,,,
regional_instance,Greedy2,0,,,ok,0.0045,1204567,1204567,699681146,,0.3385,393,1,,,,,
regional_instance,Greedy3,0,,,ok,0.0015,430331,430331,1091045042,,0.2623,321,1,,,,,
10000_500_100000_100,TS,8,nbC=10;nbV=10;it=100;tabu=7,Greedy,ok,0.8401,1972977,1972977,6210491,1972501,0.9998,50004,1,,,,,
regional_instance,KS_indep,0,,,ok,87.9631,1927581,1927581,334209073,,0.714,1274,1,185,65,0,0,
regional_instance,KS_maj,0,,,ok,1.0135,2307580,2307580,142125642,,0.5998,822,1,114,136,0,0,
regional_instance,LS,0,nbC=10;nbV=10;it=5,Greedy,ok,0.0098,2276578,2276578,157796548,2276578,0.5834,735,1,,,,,
regional_instance,TS,0,nbC=10;nbV=10;it=100;tabu=7,Greedy,ok,0.0208,2276578,2276578,157796548,2276578,0.6431,830,1,,,,,
regional_instance,TS,1,nbC=10;nbV=10;it=100;tabu=7,Greedy,ok,0.0266,2276578,2276578,157796548,2276578,0.6366,830,1,,,,,
regional_instance,TS,2,nbC=10;nbV=10;it=100;tabu=7,Greedy,ok,0.0209,2276578,2276578,157796548,2276578,0.6413,830,1,,,,,
regional_instance,TS,3,nbC=10;nbV=10;it=100;tabu=7,Greedy,ok,0.0197,2276578,2276578,157796548,2276578,0.6484,830,1,,,,,
regional_instance,TS,4,nbC=10;nbV=10;it=100;tabu=7,Greedy,ok,0.0295,2276578,2276578,157796548,2276578,0.6384,830,1,,,,,
regional_instance,TS,5,nbC=10;nbV=10;it=100;tabu=7,Greedy,ok,0.0207,2276578,2276578,157796548,2276578,0.6336,830,1,,,,,
regional_instance,TS,6,nbC=10;nbV=10;it=100;tabu=7,Greedy,ok,0.0206,2276578,2276578,157796548,2276578,0.6286,828,1,,,,,
regional_instance,TS,7,nbC=10;nbV=10;it=100;tabu=7,Greedy,ok,0.0205,2276578,2276578,157796548,2276578,0.6333,830,1,,,,,
regional_instance,TS,8,nbC=10;nbV=10;it=100;tabu=7,Greedy,ok,0.02,2276578,2276578,157796548,2276578,0.6333,830,1,,,,,
regional_instance,TS,9,nbC=10;nbV=10;it=100;tabu=7,Greedy,ok,0.0215,2276578,2276578,157796548,2276578,0.644,830,1,,,,,
regional_instance,TSS,0,nbC=10;nbV=10;it=100;tabu=7,Greedy,ok,0.0977,2276578,2276578,157796548,2276578,0.5883,736,1,,,,,
zipF_instance,Greedy,0,,,ok,0.0016,1879209,1879209,207684385,,0.5267,720,1,,,,,
zipF_instance,Greedy2,0,,,ok,0.0029,778677,778677,760610274,,0.2783,321,1,,,,,
zipF_instance,Greedy3,0,,,ok,0.019,348509,348509,976733924,,0.2296,282,1,,,,,
10000_500_100000_100,TS,9,nbC=10;nbV=10;it=100;tabu=7,Greedy,ok,0.8344,1972907,1972907,6217499,1972501,0.9998,50004,1,,,,,
zipF_instance,KS_indep,0,,,ok,79.0698,1633332,1633332,331217206,,0.6358,1198,1,168,82,0,0,
zipF_instance,KS_maj,0,,,ok,0.8828,1876107,1876107,209242998,,0.5379,779,1,99,151,0,0,
zipF_instance,LS,0,nbC=10;nbV=10;it=5,Greedy,ok,0.0129,1879209,1879209,207684385,1879209,0.5289,725,1,,,,,
zipF_instance,TS,0,nbC=10;nbV=10;it=100;tabu=7,Greedy,ok,0.022,1879209,1879209,207684385,1879209,0.5797,820,1,,,,,
zipF_instance,TS,1,nbC=10;nbV=10;it=100;tabu=7,Greedy,ok,0.0646,1879209,1879209,207684385,1879209,0.5767,820,1,,,,,
zipF_instance,TS,2,nbC=10;nbV=10;it=100;tabu=7,Greedy,ok,0.0215,1879209,1879209,207684385,1879209,0.5866,820,1,,,,,
zipF_instance,TS,3,nbC=10;nbV=10;it=100;tabu=7,Greedy,ok,0.0209,1879209,1879209,207684385,1879209,0.5956,820,1,,,,,
zipF_instance,TS,4,nbC=10;nbV=10;it=100;tabu=7,Greedy,ok,0.0207,1879209,1879209,207684385,1879209,0.5851,820,1,,,,,
zipF_instance,TS,5,nbC=10;nbV=10;it=100;tabu=7,Greedy,ok,0.0231,1879209,1879209,207684385,1879209,0.5756,816,1,,,,,
zipF_instance,TS,6,nbC=10;nbV=10;it=100;tabu=7,Greedy,ok,0.0214,1879209,1879209,207684385,1879209,0.5825,818,1,,,,,
zipF_instance,TS,7,nbC=10;nbV=10;it=100;tabu=7,Greedy,ok,0.0207,1879209,1879209,207684385,1879209,0.5894,820,1,,,,,
zipF_instance,TS,8,nbC=10;nbV=10;it=100;tabu=7,Greedy,ok,0.0202,1879209,1879209,207684385,1879209,0.5823,820,1,,,,,
zipF_instance,TS,9,nbC=10;nbV=10;it=100;tabu=7,Greedy,ok,0.0216,1879209,1879209,207684385,1879209,0.5943,820,1,,,,,
zipF_instance,TSS,0,nbC=10;nbV=10;it=100;tabu=7,Greedy,ok,0.185,1879209,1879209,207684385,1879209,0.5315,726,1,,,,,
big,Greedy,0,,,ok,0.0061,271267,271267,12583100479,,0.991,3577,1,,,,,
big,Greedy2,0,,,ok,0.023,271267,271267,12583100479,,0.991,3577,1,,,,,
big,Greedy3,0,,,ok,0.0026,122089,122089,16714860481,,0.5419,627,1,,,,,
10000_500_100000_100,TSS,0,nbC=10;nbV=10;it=100;tabu=7,Greedy,ok,1.3525,1972501,1972503,6258099,1972501,0.9999,49966,1,,,,,
supra,Greedy,0,,,ok,0.0018,411743,411743,3298148270,,0.982,692,1,,,,,
supra,Greedy2,0,,,ok,0.004,411743,411743,3298148270,,0.982,692,1,,,,,
supra,Greedy3,0,,,ok,0.0012,184594,184594,4780364107,,0.6046,272,1,,,,,
supra,KS_indep,0,,,ok,34.1359,411743,411743,3298148270,,0.982,692,1,200,0,0,0,
supra,KS_maj,0,,,ok,0.3046,411743,411743,3298148270,,0.982,692,1,200,0,0,0,
supra,LS,0,nbC=10;nbV=10;it=5,Greedy,ok,0.004,411388,411388,3300461548,411743,0.9788,687,1,,,,,
supra,TS,0,nbC=10;nbV=10;it=100;tabu=7,Greedy,ok,0.0012,411600,411743,3299080008,411743,0.981,691,1,,,,,
supra,TS,1,nbC=10;nbV=10;it=100;tabu=7,Greedy,ok,0.0016,411743,411743,3298148270,411743,0.9823,693,1,,,,,
supra,TS,2,nbC=10;nbV=10;it=100;tabu=7,Greedy,ok,0.0029,411743,411743,3298148270,411743,0.982,692,1,,,,,
supra,TS,3,nbC=10;nbV=10;it=100;tabu=7,Greedy,ok,0.0011,411743,411743,3298148270,411743,0.982,692,1,,,,,
supra,TS,4,nbC=10;nbV=10;it=100;tabu=7,Greedy,ok,0.0011,411743,411743,3298148270,411743,0.982,692,1,,,,,
supra,TS,5,nbC=10;nbV=10;it=100;tabu=7,Greedy,ok,0.0015,411533,411743,3299518610,411743,0.981,691,1,,,,,
supra,TS,6,nbC=10;nbV=10;it=100;tabu=7,Greedy,ok,0.0012,411743,411743,3298148270,411743,0.982,692,1,,,,,
supra,TS,7,nbC=10;nbV=10;it=100;tabu=7,Greedy,ok,0.0013,411743,411743,3298148270,411743,0.9822,693,1,,,,,
supra,TS,8,nbC=10;nbV=10;it=100;tabu=7,Greedy,ok,0.0015,411743,411743,3298148270,411743,0.982,692,1,,,,,
supra,TS,9,nbC=10;nbV=10;it=100;tabu=7,Greedy,ok,0.0011,411743,411743,3298148270,411743,0.982,692,1,,,,,
supra,TSS,0,nbC=10;nbV=10;it=100;tabu=7,Greedy,ok,0.0021,411743,411743,3298148270,411743,0.982,692,1,,,,,
INSATANC2D,Greedy,0,,,ok,0.3985,34477,34477,1173357679152,,0.9997,1986,1,,,,,
INSATANC2D,Greedy2,0,,,ok,0.4675,54644,54644,1121828031323,,0.9996,1984,1,,,,,
INSATANC2D,Greedy3,0,,,ok,0.0313,3427,3427,1252694829926,,0.2467,440,1,,,,,
big,KS_indep,0,,,timeout,300.038,81930,81930,17827146291,,0.2914,1028,1,148,0,0,0,
big,KS_maj,0,,,ok,5.8845,271267,271267,12583100479,,0.991,3577,1,500,0,0,0,
big,LS,0,nbC=10;nbV=10;it=5,Greedy,ok,0.0137,271181,271181,12585469253,271267,0.9903,3572,1,,,,,
big,TS,0,nbC=10;nbV=10;it=100;tabu=7,Greedy,ok,0.0015,271267,271267,12583100479,271267,0.991,3577,1,,,,,
big,TS,1,nbC=10;nbV=10;it=100;tabu=7,Greedy,ok,0.002,270911,271267,12592968060,271267,0.9905,3576,1,,,,,
big,TS,2,nbC=10;nbV=10;it=100;tabu=7,Greedy,ok,0.0016,271225,271267,12584253659,271267,0.9909,3576,1,,,,,
big,TS,3,nbC=10;nbV=10;it=100;tabu=7,Greedy,ok,0.0014,271267,271267,12583100479,271267,0.991,3577,1,,,,,
big,TS,4,nbC=10;nbV=10;it=100;tabu=7,Greedy,ok,0.0021,271016,271267,12590065599,271267,0.9906,3576,1,,,,,
big,TS,5,nbC=10;nbV=10;it=100;tabu=7,Greedy,ok,0.0016,271267,271267,12583100479,271267,0.991,3577,1,,,,,
big,TS,6,nbC=10;nbV=10;it=100;tabu=7,Greedy,ok,0.0013,271267,271267,12583100479,271267,0.991,3577,1,,,,,
big,TS,7,nbC=10;nbV=10;it=100;tabu=7,Greedy,ok,0.0014,271267,271267,12583100479,271267,0.991,3577,1,,,,,
big,TS,8,nbC=10;nbV=10;it=100;tabu=7,Greedy,ok,0.0018,271267,271267,12583100479,271267,0.991,3577,1,,,,,
big,TS,9,nbC=10;nbV=10;it=100;tabu=7,Greedy,ok,0.0014,271267,271267,12583100479,271267,0.991,3577,1,,,,,
big,TSS,0,nbC=10;nbV=10;it=100;tabu=7,Greedy,ok,0.0059,270463,271267,12605371878,271267,0.991,3577,1,,,,,
INSTANCED,Greedy,0,,,ok,0.0759,954371,954371,162530412405,,0.9781,371,1,,,,,
INSTANCED,Greedy2,0,,,ok,0.1714,1138318,1138318,134686274477,,0.9808,372,1,,,,,
INSTANCED,Greedy3,0,,,ok,0.0344,37536,37536,301312531433,,0.9988,320,1,,,,,
INSTANCED,KS_indep,0,,,ok,55.0974,112028,112028,290036681165,,0.9986,600,1,40,0,0,0,
INSTANCED,KS_maj,0,,,ok,57.4137,1283215,1283215,112753036274,,0.9934,388,1,40,0,0,0,
INSTANCED,LS,0,nbC=10;nbV=10;it=5,Greedy2,ok,0.7828,1140360,1140360,134377050265,1138318,0.9782,371,1,,,,,
INSTANCED,TS,0,nbC=10;nbV=10;it=100;tabu=7,Greedy2,ok,0.1065,1131277,1138318,135752073859,1138318,0.9741,370,1,,,,,
INSTANCED,TS,1,nbC=10;nbV=10;it=100;tabu=7,Greedy2,ok,0.0221,1134184,1138318,135312022513,1138318,0.9778,371,1,,,,,
INSTANCED,TS,2,nbC=10;nbV=10;it=100;tabu=7,Greedy2,ok,0.4554,1119053,1138318,137602363018,1138318,0.969,370,1,,,,,
INSTANCED,TS,3,nbC=10;nbV=10;it=100;tabu=7,Greedy2,ok,0.0141,1138318,1138318,134686274477,1138318,0.9808,372,1,,,,,
INSTANCED,TS,4,nbC=10;nbV=10;it=100;tabu=7,Greedy2,ok,0.1242,1124955,1138318,136709045680,1138318,0.9736,370,1,,,,,
INSTANCED,TS,5,nbC=10;nbV=10;it=100;tabu=7,Greedy2,ok,0.0228,1134263,1138318,135299971073,1138318,0.9781,371,1,,,,,
INSTANCED,TS,6,nbC=10;nbV=10;it=100;tabu=7,Greedy2,ok,0.1102,1130700,1138318,135839397912,1138318,0.9779,370,1,,,,,
INSTANCED,TS,7,nbC=10;nbV=10;it=100;tabu=7,Greedy2,ok,0.0225,1134813,1138318,135216712060,1138318,0.9786,371,1,,,,,
INSTANCED,TS,8,nbC=10;nbV=10;it=100;tabu=7,Greedy2,ok,0.0228,1134028,1138318,135335638978,1138318,0.9789,371,1,,,,,
INSTANCED,TS,9,nbC=10;nbV=10;it=100;tabu=7,Greedy2,ok,0.0918,1132564,1138318,135557183300,1138318,0.9781,371,1,,,,,
INSTANCED,TSS,0,nbC=10;nbV=10;it=100;tabu=7,Greedy2,ok,0.0668,1135818,1138318,135064625468,1138318,0.9808,372,1,,,,,
2_2_2_1,Greedy,0,,,ok,0.0015,951327,951327,460000,,1.0,1,1,,,,,
2_2_2_1,Greedy2,0,,,ok,0.0009,951327,951327,460000,,1.0,1,1,,,,,
2_2_2_1,Greedy3,0,,,ok,0.0009,47672,47672,9000451,,0.05,1,1,,,,,
2_2_2_1,KS_indep,0,,,ok,0.0009,951327,951327,460000,,1.0,1,1,1,0,0,0,
2_2_2_1,KS_maj,0,,,ok,0.0009,951327,951327,460000,,1.0,1,1,1,0,0,0,
2_2_2_1,LS,0,nbC=10;nbV=10;it=5,Greedy,ok,0.0014,0,0,9451000,951327,0.0,0,1,,,,,
2_2_2_1,TS,0,nbC=10;nbV=10;it=100;tabu=7,Greedy,ok,0.0008,47672,951327,9000451,951327,0.05,1,1,,,,,
2_2_2_1,TS,1,nbC=10;nbV=10;it=100;tabu=7,Greedy,ok,0.0008,47672,951327,9000451,951327,0.05,1,1,,,,,
2_2_2_1,TS,2,nbC=10;nbV=10;it=100;tabu=7,Greedy,ok,0.0009,47672,951327,9000451,951327,0.05,1,1,,,,,
2_2_2_1,TS,3,nbC=10;nbV=10;it=100;tabu=7,Greedy,ok,0.0008,47672,951327,9000451,951327,0.05,1,1,,,,,
2_2_2_1,TS,4,nbC=10;nbV=10;it=100;tabu=7,Greedy,ok,0.0008,47672,951327,9000451,951327,0.05,1,1,,,,,
2_2_2_1,TS,5,nbC=10;nbV=10;it=100;tabu=7,Greedy,ok,0.0024,47672,951327,9000451,951327,0.05,1,1,,,,,
2_2_2_1,TS,6,nbC=10;nbV=10;it=100;tabu=7,Greedy,ok,0.001,47672,951327,9000451,951327,0.05,1,1,,,,,
2_2_2_1,TS,7,nbC=10;nbV=10;it=100;tabu=7,Greedy,ok,0.0008,47672,951327,9000451,951327,0.05,1,1,,,,,
2_2_2_1,TS,8,nbC=10;nbV=10;it=100;tabu=7,Greedy,ok,0.0008,47672,951327,9000451,951327,0.05,1,1,,,,,
2_2_2_1,TS,9,nbC=10;nbV=10;it=100;tabu=7,Greedy,ok,0.001,47672,951327,9000451,951327,0.05,1,1,,,,,
2_2_2_1,TSS,0,nbC=10;nbV=10;it=100;tabu=7,Greedy,ok,0.0008,47672,951327,9000451,951327,0.05,1,1,,,,,
4_2_4_2,Greedy,0,,,ok,0.0008,655321,655321,9469021,,0.5,2,1,,,,,
4_2_4_2,Greedy2,0,,,ok,0.0011,655321,655321,9469021,,0.5,2,1,,,,,
4_2_4_2,Greedy3,0,,,ok,0.0011,344442,344442,18009472,,0.5125,3,1,,,,,
4_2_4_2,KS_indep,0,,,ok,0.0008,655321,655321,9469021,,0.75,3,1,1,1,0,0,
4_2_4_2,KS_maj,0,,,ok,0.0008,655321,655321,9469021,,0.5,2,1,1,1,0,0,
4_2_4_2,LS,0,nbC=10;nbV=10;it=5,Greedy,ok,0.001,655321,655321,9469021,655321,0.75,3,1,,,,,
4_2_4_2,TS,0,nbC=10;nbV=10;it=100;tabu=7,Greedy,ok,0.001,671392,982271,9027493,655321,0.7625,4,1,,,,,
4_2_4_2,TS,1,nbC=10;nbV=10;it=100;tabu=7,Greedy,ok,0.001,343678,655321,18030451,655321,0.525,4,1,,,,,
4_2_4_2,TS,2,nbC=10;nbV=10;it=100;tabu=7,Greedy,ok,0.0009,671392,982271,9027493,655321,0.7625,4,1,,,,,
4_2_4_2,TS,3,nbC=10;nbV=10;it=100;tabu=7,Greedy,ok,0.0009,671392,982271,9027493,655321,0.525,4,1,,,,,
4_2_4_2,TS,4,nbC=10;nbV=10;it=100;tabu=7,Greedy,ok,0.0009,671392,982271,9027493,655321,0.525,4,1,,,,,
4_2_4_2,TS,5,nbC=10;nbV=10;it=100;tabu=7,Greedy,ok,0.0009,671392,982271,9027493,655321,0.525,4,1,,,,,
4_2_4_2,TS,6,nbC=10;nbV=10;it=100;tabu=7,Greedy,ok,0.001,343678,655321,18030451,655321,0.525,4,1,,,,,
4_2_4_2,TS,7,nbC=10;nbV=10;it=100;tabu=7,Greedy,ok,0.001,671392,982271,9027493,655321,0.7625,4,1,,,,,
4_2_4_2,TS,8,nbC=10;nbV=10;it=100;tabu=7,Greedy,ok,0.0009,671392,982271,9027493,655321,0.7625,4,1,,,,,
4_2_4_2,TS,9,nbC=10;nbV=10;it=100;tabu=7,Greedy,ok,0.0009,343678,655321,18030451,655321,0.7625,4,1,,,,,
4_2_4_2,TSS,0,nbC=10;nbV=10;it=100;tabu=7,Greedy,ok,0.0008,671392,982271,9027493,655321,0.7625,4,1,,,,,
6_2_6_2,Greedy,0,,,ok,0.0007,499524,499524,30027000,,0.5,3,1,,,,,
6_2_6_2,Greedy2,0,,,ok,0.0011,499524,499524,30027000,,0.5,3,1,,,,,
6_2_6_2,Greedy3,0,,,ok,0.0019,333000,333000,40017999,,0.5,3,1,,,,,
6_2_6_2,KS_indep,0,,,ok,0.001,499524,499524,30027000,,1.0,6,1,1,1,0,0,
6_2_6_2,KS_maj,0,,,ok,0.0045,499524,499524,30027000,,0.5,3,1,1,1,0,0,
6_2_6_2,LS,0,nbC=10;nbV=10;it=5,Greedy,ok,0.0023,499524,499524,30027000,499524,1.0,6,1,,,,,
6_2_6_2,TS,0,nbC=10;nbV=10;it=100;tabu=7,Greedy,ok,0.0029,665833,998499,20048998,499524,0.8333,5,1,,,,,
6_2_6_2,TS,1,nbC=10;nbV=10;it=100;tabu=7,Greedy,ok,0.0031,665849,832174,20047999,499524,0.8333,5,1,,,,,
6_2_6_2,TS,2,nbC=10;nbV=10;it=100;tabu=7,Greedy,ok,0.0026,832158,998499,10069997,499524,0.8333,5,1,,,,,
6_2_6_2,TS,3,nbC=10;nbV=10;it=100;tabu=7,Greedy,ok,0.0027,665833,998499,20048998,499524,0.8333,5,1,,,,,
6_2_6_2,TS,4,nbC=10;nbV=10;it=100;tabu=7,Greedy,ok,0.0029,499508,832174,30027999,499524,0.8333,5,1,,,,,
6_2_6_2,TS,5,nbC=10;nbV=10;it=100;tabu=7,Greedy,ok,0.0246,665849,998499,20047999,499524,0.8333,5,1,,,,,
6_2_6_2,TS,6,nbC=10;nbV=10;it=100;tabu=7,Greedy,ok,0.0034,665849,832174,20047999,499524,0.8333,5,1,,,,,
6_2_6_2,TS,7,nbC=10;nbV=10;it=100;tabu=7,Greedy,ok,0.003,832174,998499,10068998,499524,0.8333,5,1,,,,,
6_2_6_2,TS,8,nbC=10;nbV=10;it=100;tabu=7,Greedy,ok,0.0027,665833,998499,20048998,499524,0.8333,5,1,,,,,
6_2_6_2,TS,9,nbC=10;nbV=10;it=100;tabu=7,Greedy,ok,0.0028,665849,832174,20047999,499524,0.8333,5,1,,,,,
6_2_6_2,TSS,0,nbC=10;nbV=10;it=100;tabu=7,Greedy,ok,0.0019,499508,998499,30027999,499524,0.8333,5,1,,,,,
8_2_8_2,Greedy,0,,,ok,0.0008,567228,567228,27487063,,0.5,4,1,,,,,
8_2_8_2,Greedy2,0,,,ok,0.0008,567228,567228,27487063,,0.5,4,1,,,,,
8_2_8_2,Greedy3,0,,,ok,0.001,148983,148983,54051472,,0.2562,3,1,,,,,
8_2_8_2,KS_indep,0,,,ok,0.0075,567228,567228,27487063,,0.875,7,1,1,1,0,0,
8_2_8_2,KS_maj,0,,,ok,0.0026,567228,567228,27487063,,0.5,4,1,1,1,0,0,
8_2_8_2,LS,0,nbC=10;nbV=10;it=5,Greedy,ok,0.001,567228,567228,27487063,567228,0.875,7,1,,,,,
8_2_8_2,TS,0,nbC=10;nbV=10;it=100;tabu=7,Greedy,ok,0.0033,574179,857014,27045535,567228,0.8812,8,1,,,,,
8_2_8_2,TS,1,nbC=10;nbV=10;it=100;tabu=7,Greedy,ok,0.0042,708645,857014,18505084,567228,0.8812,8,1,,,,,
8_2_8_2,TS,2,nbC=10;nbV=10;it=100;tabu=7,Greedy,ok,0.0037,715597,857014,18063556,567228,0.8812,8,1,,,,,
8_2_8_2,TS,3,nbC=10;nbV=10;it=100;tabu=7,Greedy,ok,0.0032,850062,991480,9523105,567228,1.0,8,1,,,,,
8_2_8_2,TS,4,nbC=10;nbV=10;it=100;tabu=7,Greedy,ok,0.0037,708645,991480,18505084,567228,1.0,8,1,,,,,
8_2_8_2,TS,5,nbC=10;nbV=10;it=100;tabu=7,Greedy,ok,0.0035,715597,857014,18063556,567228,0.8812,8,1,,,,,
8_2_8_2,TS,6,nbC=10;nbV=10;it=100;tabu=7,Greedy,ok,0.0035,708645,991480,18505084,567228,1.0,8,1,,,,,
8_2_8_2,TS,7,nbC=10;nbV=10;it=100;tabu=7,Greedy,ok,0.0035,708645,991480,18505084,567228,1.0,8,1,,,,,
8_2_8_2,TS,8,nbC=10;nbV=10;it=100;tabu=7,Greedy,ok,0.0035,850062,857014,9523105,567228,0.8812,8,1,,,,,
8_2_8_2,TS,9,nbC=10;nbV=10;it=100;tabu=7,Greedy,ok,0.0035,715597,991480,18063556,567228,0.7625,8,1,,,,,
8_2_8_2,TSS,0,nbC=10;nbV=10;it=100;tabu=7,Greedy,ok,0.0025,850062,991480,9523105,567228,0.75,6,1,,,,,
20_2_20_2,Greedy,0,,,ok,0.0008,524928,524928,81541189,,0.5,10,1,,,,,
20_2_20_2,Greedy2,0,,,ok,0.0008,524928,524928,81541189,,0.5,10,1,,,,,
20_2_20_2,Greedy3,0,,,ok,0.0007,55130,55130,162177472,,0.1025,3,1,,,,,
20_2_20_2,KS_indep,0,,,ok,0.0019,524928,524928,81541189,,0.95,19,1,1,1,0,0,
20_2_20_2,KS_maj,0,,,ok,0.0021,524928,524928,81541189,,0.5,10,1,1,1,0,0,
20_2_20_2,LS,0,nbC=10;nbV=10;it=5,Greedy,ok,0.001,524928,524928,81541189,524928,0.75,15,1,,,,,
20_2_20_2,TS,0,nbC=10;nbV=10;it=100;tabu=7,Greedy,ok,0.0043,524928,524928,81541189,524928,1.0,20,1,,,,,
20_2_20_2,TS,1,nbC=10;nbV=10;it=100;tabu=7,Greedy,ok,0.0046,524928,524928,81541189,524928,0.9525,20,1,,,,,
20_2_20_2,TS,2,nbC=10;nbV=10;it=100;tabu=7,Greedy,ok,0.0039,524928,524928,81541189,524928,1.0,20,1,,,,,
20_2_20_2,TS,3,nbC=10;nbV=10;it=100;tabu=7,Greedy,ok,0.0043,524928,524928,81541189,524928,0.8,16,1,,,,,
20_2_20_2,TS,4,nbC=10;nbV=10;it=100;tabu=7,Greedy,ok,0.0042,524928,524928,81541189,524928,0.8525,18,1,,,,,
20_2_20_2,TS,5,nbC=10;nbV=10;it=100;tabu=7,Greedy,ok,0.0039,524928,524928,81541189,524928,0.8,16,1,,,,,
20_2_20_2,TS,6,nbC=10;nbV=10;it=100;tabu=7,Greedy,ok,0.0043,524928,524928,81541189,524928,1.0,20,1,,,,,
20_2_20_2,TS,7,nbC=10;nbV=10;it=100;tabu=7,Greedy,ok,0.0044,524928,524928,81541189,524928,0.9,18,1,,,,,
20_2_20_2,TS,8,nbC=10;nbV=10;it=100;tabu=7,Greedy,ok,0.0039,524928,524928,81541189,524928,0.8525,18,1,,,,,
20_2_20_2,TS,9,nbC=10;nbV=10;it=100;tabu=7,Greedy,ok,0.0047,524928,524928,81541189,524928,1.0,20,1,,,,,
20_2_20_2,TSS,0,nbC=10;nbV=10;it=100;tabu=7,Greedy,ok,0.003,524928,524928,81541189,524928,0.7,14,1,,,,,
INSATANC2D,KS_indep,0,,,timeout,300.0417,86534,86534,1040341986242,,0.95,8180,1,40,0,0,0,
realistic_large_clustered,Greedy,0,,,ok,0.9377,728718,728718,138782897684,,0.9997,25756,1,,,,,
realistic_large_clustered,Greedy2,0,,,ok,2.8574,469093,469093,269879787139,,0.4031,9709,1,,,,,
realistic_large_clustered,Greedy3,0,,,ok,0.6061,352330,352330,328838908996,,0.9098,25820,1,,,,,
INSATANC2D,KS_maj,0,,,ok,89.2102,120944,120944,952421253880,,1.0,5527,1,40,0,0,0,
INSATANC2D,LS,0,nbC=10;nbV=10;it=5,Greedy2,ok,3.5856,54704,54704,1121672509435,54644,0.9989,1985,1,,,,,
INSATANC2D,TS,0,nbC=10;nbV=10;it=100;tabu=7,Greedy2,ok,0.0045,54644,54644,1121828031323,54644,0.9996,1984,1,,,,,
INSATANC2D,TS,1,nbC=10;nbV=10;it=100;tabu=7,Greedy2,ok,0.0234,54599,54644,1121942550179,54644,0.9987,1983,1,,,,,
INSATANC2D,TS,2,nbC=10;nbV=10;it=100;tabu=7,Greedy2,ok,0.0042,54644,54644,1121828031323,54644,0.9996,1984,1,,,,,
INSATANC2D,TS,3,nbC=10;nbV=10;it=100;tabu=7,Greedy2,ok,0.0048,54644,54644,1121828031323,54644,0.9996,1984,1,,,,,
INSATANC2D,TS,4,nbC=10;nbV=10;it=100;tabu=7,Greedy2,ok,0.017,54600,54644,1121939063439,54644,0.999,1983,1,,,,,
INSATANC2D,TS,5,nbC=10;nbV=10;it=100;tabu=7,Greedy2,ok,0.0047,54644,54644,1121828031323,54644,0.9996,1984,1,,,,,
INSATANC2D,TS,6,nbC=10;nbV=10;it=100;tabu=7,Greedy2,ok,0.016,54606,54644,1121923812641,54644,0.999,1983,1,,,,,
INSATANC2D,TS,7,nbC=10;nbV=10;it=100;tabu=7,Greedy2,ok,0.0046,54644,54644,1121828031323,54644,0.9996,1984,1,,,,,
INSATANC2D,TS,8,nbC=10;nbV=10;it=100;tabu=7,Greedy2,ok,0.0122,54585,54644,1121977215640,54644,0.9991,1984,1,,,,,
INSATANC2D,TS,9,nbC=10;nbV=10;it=100;tabu=7,Greedy2,ok,0.0224,54611,54644,1121910606624,54644,0.9991,1983,1,,,,,
INSATANC2D,TSS,0,nbC=10;nbV=10;it=100;tabu=7,Greedy2,ok,0.0841,54506,54650,1122178652666,54644,0.9988,1983,1,,,,,
realistic_large_random,Greedy,0,,,ok,1.0919,720314,720314,139859974179,,0.9997,25819,1,,,,,
realistic_large_random,Greedy2,0,,,ok,3.7016,279536,279536,362272717748,,0.4085,9722,1,,,,,
realistic_large_random,Greedy3,0,,,ok,0.8158,438267,438267,282178434286,,0.9997,29514,1,,,,,
realistic_large_clustered,KS_indep,0,,,timeout,300.0384,333341,333341,338427503978,,0.018,2242,1,10,0,0,0,
realistic_large_random,KS_indep,0,,,timeout,300.0403,256059,256059,374119146471,,0.018,2128,1,10,0,0,0,
realistic_large_clustered,KS_maj,0,,,timeout,300.0451,426576,426576,291348610962,,0.02,2030,1,12,0,0,0,
realistic_large_clustered,LS,0,nbC=10;nbV=10;it=5,Greedy,ok,34.4361,728718,728718,138782897684,728718,0.9997,25757,1,,,,,
realistic_large_clustered,TS,0,nbC=10;nbV=10;it=100;tabu=7,Greedy,ok,0.013,728718,728718,138782897684,728718,0.9997,25756,1,,,,,
realistic_large_clustered,TS,1,nbC=10;nbV=10;it=100;tabu=7,Greedy,ok,0.0519,728700,728718,138791986577,728718,0.9996,25753,1,,,,,
realistic_large_clustered,TS,2,nbC=10;nbV=10;it=100;tabu=7,Greedy,ok,0.0271,728713,728718,138785761271,728718,0.9996,25755,1,,,,,
realistic_large_clustered,TS,3,nbC=10;nbV=10;it=100;tabu=7,Greedy,ok,0.0117,728718,728718,138782897684,728718,0.9997,25756,1,,,,,
realistic_large_random,KS_maj,0,,,timeout,300.0442,336607,336607,333475122482,,0.028,3094,1,15,0,0,0,
realistic_large_clustered,TS,4,nbC=10;nbV=10;it=100;tabu=7,Greedy,ok,0.0326,728703,728718,138790837452,728718,0.9995,25754,1,,,,,
realistic_large_clustered,TS,5,nbC=10;nbV=10;it=100;tabu=7,Greedy,ok,0.0205,728718,728718,138782897684,728718,0.9997,25756,1,,,,,
realistic_large_clustered,TS,6,nbC=10;nbV=10;it=100;tabu=7,Greedy,ok,0.0089,728718,728718,138782897684,728718,0.9997,25756,1,,,,,
realistic_large_random,LS,0,nbC=10;nbV=10;it=5,Greedy,ok,45.1663,720314,720314,139859647899,720314,0.9997,25820,1,,,,,
realistic_large_clustered,TS,7,nbC=10;nbV=10;it=100;tabu=7,Greedy,ok,0.0084,728718,728718,138782897684,728718,0.9997,25756,1,,,,,
realistic_large_random,TS,0,nbC=10;nbV=10;it=100;tabu=7,Greedy,ok,0.0157,720314,720314,139859974179,720314,0.9997,25819,1,,,,,
realistic_large_clustered,TS,8,nbC=10;nbV=10;it=100;tabu=7,Greedy,ok,0.022,728711,728718,138786783852,728718,0.9996,25755,1,,,,,
realistic_large_random,TS,1,nbC=10;nbV=10;it=100;tabu=7,Greedy,ok,0.0531,720304,720314,139864635691,720314,0.9995,25817,1,,,,,
realistic_large_clustered,TS,9,nbC=10;nbV=10;it=100;tabu=7,Greedy,ok,0.0167,728718,728718,138782897684,728718,0.9997,25756,1,,,,,
realistic_large_random,TS,2,nbC=10;nbV=10;it=100;tabu=7,Greedy,ok,0.0449,720277,720314,139878583855,720314,0.9995,25817,1,,,,,
realistic_large_random,TS,3,nbC=10;nbV=10;it=100;tabu=7,Greedy,ok,0.0137,720314,720314,139859974179,720314,0.9997,25819,1,,,,,
realistic_large_clustered,TSS,0,nbC=10;nbV=10;it=100;tabu=7,Greedy,ok,53.8978,728726,728726,138778965246,728718,0.9994,25752,1,,,,,
dense,Greedy,0,,,ok,0.1035,69683,69683,1443050753,,1.0,744,1,,,,,
dense,Greedy2,0,,,ok,0.5504,5764,5764,1871022134,,0.9997,918,1,,,,,
dense,Greedy3,0,,,ok,0.0878,1414,1414,1900142218,,1.0,759,1,,,,,
realistic_large_random,TS,4,nbC=10;nbV=10;it=100;tabu=7,Greedy,ok,0.0123,720314,720314,139859974179,720314,0.9997,25819,1,,,,,
realistic_large_random,TS,5,nbC=10;nbV=10;it=100;tabu=7,Greedy,ok,0.0326,720301,720314,139866138655,720314,0.9996,25818,1,,,,,
realistic_large_random,TS,6,nbC=10;nbV=10;it=100;tabu=7,Greedy,ok,0.0103,720314,720314,139859974179,720314,0.9997,25819,1,,,,,
realistic_large_random,TS,7,nbC=10;nbV=10;it=100;tabu=7,Greedy,ok,0.0099,720314,720314,139859974179,720314,0.9997,25819,1,,,,,
realistic_large_random,TS,8,nbC=10;nbV=10;it=100;tabu=7,Greedy,ok,0.012,720314,720314,139859974179,720314,0.9997,25819,1,,,,,
realistic_large_random,TS,9,nbC=10;nbV=10;it=100;tabu=7,Greedy,ok,0.0305,720310,720314,139861812276,720314,0.9997,25818,1,,,,,
dense,KS_indep,0,,,ok,213.263,69683,69683,1443050753,,1.0,744,1,100,0,0,0,
realistic_large_random,TSS,0,nbC=10;nbV=10;it=100;tabu=7,Greedy,ok,60.9611,720320,720322,139856793836,720314,0.9994,25817,1,,,,,
dense2,Greedy,0,,,ok,0.135,284493,284493,191730589,,1.0,100,1,,,,,
dense2,Greedy2,0,,,ok,0.5861,27261,27261,556541752,,1.0,100,1,,,,,
dense2,Greedy3,0,,,ok,0.0798,3570,3570,590140724,,1.0,1523,1,,,,,
dense,KS_maj,0,,,ok,145.154,69683,69683,1443050753,,1.0,744,1,100,0,0,0,
dense,LS,0,nbC=10;nbV=10;it=5,Greedy,ok,0.7052,69606,69606,1443565484,69683,0.9971,739,1,,,,,
dense,TS,0,nbC=10;nbV=10;it=100;tabu=7,Greedy,ok,0.0022,69683,69683,1443050753,69683,1.0,744,1,,,,,
dense,TS,1,nbC=10;nbV=10;it=100;tabu=7,Greedy,ok,0.0024,69683,69683,1443050753,69683,1.0,744,1,,,,,
dense,TS,2,nbC=10;nbV=10;it=100;tabu=7,Greedy,ok,0.0027,69683,69683,1443050753,69683,1.0,744,1,,,,,
dense,TS,3,nbC=10;nbV=10;it=100;tabu=7,Greedy,ok,0.0025,69683,69683,1443050753,69683,1.0,744,1,,,,,
dense,TS,4,nbC=10;nbV=10;it=100;tabu=7,Greedy,ok,0.0042,69663,69683,1443180245,69683,0.9993,743,1,,,,,
dense,TS,5,nbC=10;nbV=10;it=100;tabu=7,Greedy,ok,0.0022,69683,69683,1443050753,69683,1.0,744,1,,,,,
dense,TS,6,nbC=10;nbV=10;it=100;tabu=7,Greedy,ok,0.0036,69683,69683,1443050753,69683,1.0,744,1,,,,,
dense,TS,7,nbC=10;nbV=10;it=100;tabu=7,Greedy,ok,0.0031,69683,69683,1443050753,69683,1.0,744,1,,,,,
dense,TS,8,nbC=10;nbV=10;it=100;tabu=7,Greedy,ok,0.0039,69683,69683,1443050753,69683,1.0,744,1,,,,,
dense,TS,9,nbC=10;nbV=10;it=100;tabu=7,Greedy,ok,0.0032,69683,69683,1443050753,69683,1.0,744,1,,,,,
dense,TSS,0,nbC=10;nbV=10;it=100;tabu=7,Greedy,ok,0.0182,69683,69683,1443050753,69683,1.0,744,1,,,,,
medium_mixed_lambda,Greedy,0,,,ok,0.0947,14476,14476,11798861187,,0.998,136,1,,,,,
medium_mixed_lambda,Greedy2,0,,,ok,0.1858,18347,18347,11717265332,,0.9989,135,1,,,,,
medium_mixed_lambda,Greedy3,0,,,ok,0.0242,7577,7577,11944272304,,0.999,240,1,,,,,
medium_mixed_lambda,KS_indep,0,,,ok,26.9647,28303,28303,11507442198,,1.0,1196,1,15,0,0,0,
medium_mixed_lambda,KS_maj,0,,,ok,26.4623,48705,48705,11077443304,,0.9999,618,1,15,0,0,0,
medium_mixed_lambda,LS,0,nbC=10;nbV=10;it=5,Greedy2,ok,0.568,18169,18169,11721016666,18347,0.9975,132,1,,,,,
medium_mixed_lambda,TS,0,nbC=10;nbV=10;it=100;tabu=7,Greedy2,ok,0.0072,18261,18347,11719095684,18347,0.9869,134,1,,,,,
medium_mixed_lambda,TS,1,nbC=10;nbV=10;it=100;tabu=7,Greedy2,ok,0.0138,18425,18425,11715623839,18347,0.992,136,1,,,,,
medium_mixed_lambda,TS,2,nbC=10;nbV=10;it=100;tabu=7,Greedy2,ok,0.0051,18347,18347,11717265332,18347,0.9989,135,1,,,,,
medium_mixed_lambda,TS,3,nbC=10;nbV=10;it=100;tabu=7,Greedy2,ok,0.0047,18347,18347,11717265332,18347,0.9989,135,1,,,,,
medium_mixed_lambda,TS,4,nbC=10;nbV=10;it=100;tabu=7,Greedy2,ok,0.0139,18430,18430,11715518383,18347,0.9969,136,1,,,,,
medium_mixed_lambda,TS,5,nbC=10;nbV=10;it=100;tabu=7,Greedy2,ok,0.0043,18347,18347,11717265332,18347,0.9989,135,1,,,,,
medium_mixed_lambda,TS,6,nbC=10;nbV=10;it=100;tabu=7,Greedy2,ok,0.0239,18322,18347,11717797789,18347,0.9975,137,1,,,,,
medium_mixed_lambda,TS,7,nbC=10;nbV=10;it=100;tabu=7,Greedy2,ok,0.0101,18254,18347,11719240120,18347,0.9979,134,1,,,,,
medium_mixed_lambda,TS,8,nbC=10;nbV=10;it=100;tabu=7,Greedy2,ok,0.0051,18347,18347,11717265332,18347,0.9989,135,1,,,,,
medium_mixed_lambda,TS,9,nbC=10;nbV=10;it=100;tabu=7,Greedy2,ok,0.0472,18847,18847,11706727991,18347,0.9918,141,1,,,,,
medium_mixed_lambda,TSS,0,nbC=10;nbV=10;it=100;tabu=7,Greedy2,ok,0.3826,18062,18347,11723291447,18347,0.9667,133,1,,,,,
medium_skew_dense_dejavu,Greedy,0,,,ok,0.6233,49919,49919,162171678830,,0.9994,540,1,,,,,
medium_skew_dense_dejavu,Greedy2,0,,,ok,1.0974,80680,80680,151040629679,,0.9994,541,1,,,,,
medium_skew_dense_dejavu,Greedy3,0,,,ok,0.0625,22040,22040,172260117205,,0.9968,572,1,,,,,
dense2,KS_indep,0,,,ok,233.721,284493,284493,191730589,,1.0,100,1,100,0,0,0,
medium_skew_dense_dejavu,KS_indep,0,,,ok,29.8901,78049,78049,151992791727,,1.0,2604,1,15,0,0,0,
medium_skew_dense_dejavu,KS_maj,0,,,ok,29.625,136656,136656,130785187433,,1.0,1190,1,15,0,0,0,
medium_skew_dense_dejavu,LS,0,nbC=10;nbV=10;it=5,Greedy2,ok,10.2686,80748,80748,151015989444,80680,0.9976,540,1,,,,,
medium_skew_dense_dejavu,TS,0,nbC=10;nbV=10;it=100;tabu=7,Greedy2,ok,0.6978,81646,81646,150691238311,80680,0.9989,555,1,,,,,
medium_skew_dense_dejavu,TS,1,nbC=10;nbV=10;it=100;tabu=7,Greedy2,ok,0.2444,80807,80906,150994588776,80680,0.9987,545,1,,,,,
medium_skew_dense_dejavu,TS,2,nbC=10;nbV=10;it=100;tabu=7,Greedy2,ok,0.1678,80529,80680,151095289482,80680,0.9971,542,1,,,,,
medium_skew_dense_dejavu,TS,3,nbC=10;nbV=10;it=100;tabu=7,Greedy2,ok,0.1917,80458,80705,151120878521,80680,0.997,541,1,,,,,
medium_skew_dense_dejavu,TS,4,nbC=10;nbV=10;it=100;tabu=7,Greedy2,ok,0.2664,80932,80932,150949443860,80680,0.9979,546,1,,,,,
medium_skew_dense_dejavu,TS,5,nbC=10;nbV=10;it=100;tabu=7,Greedy2,ok,0.0235,80680,80680,151040629679,80680,0.9994,541,1,,,,,
medium_skew_dense_dejavu,TS,6,nbC=10;nbV=10;it=100;tabu=7,Greedy2,ok,0.02,80680,80680,151040629679,80680,0.9994,541,1,,,,,
medium_skew_dense_dejavu,TS,7,nbC=10;nbV=10;it=100;tabu=7,Greedy2,ok,0.0432,80521,80680,151098155067,80680,0.9989,540,1,,,,,
medium_skew_dense_dejavu,TS,8,nbC=10;nbV=10;it=100;tabu=7,Greedy2,ok,0.0635,80646,80680,151053111668,80680,0.9994,541,1,,,,,
dense2,KS_maj,0,,,ok,147.2891,284493,284493,191730589,,1.0,100,1,100,0,0,0,
dense2,LS,0,nbC=10;nbV=10;it=5,Greedy,ok,0.4033,282510,282510,194543152,284493,0.99,99,1,,,,,
dense2,TS,0,nbC=10;nbV=10;it=100;tabu=7,Greedy,ok,0.0022,284493,284493,191730589,284493,1.0,100,1,,,,,
dense2,TS,1,nbC=10;nbV=10;it=100;tabu=7,Greedy,ok,0.0026,284493,284493,191730589,284493,1.0,100,1,,,,,
medium_skew_dense_dejavu,TS,9,nbC=10;nbV=10;it=100;tabu=7,Greedy2,ok,0.7342,81796,81796,150636772150,80680,0.9992,559,1,,,,,
dense2,TS,2,nbC=10;nbV=10;it=100;tabu=7,Greedy,ok,0.0025,284493,284493,191730589,284493,1.0,100,1,,,,,
dense2,TS,3,nbC=10;nbV=10;it=100;tabu=7,Greedy,ok,0.0023,284493,284493,191730589,284493,1.0,100,1,,,,,
dense2,TS,4,nbC=10;nbV=10;it=100;tabu=7,Greedy,ok,0.0024,284493,284493,191730589,284493,1.0,100,1,,,,,
dense2,TS,5,nbC=10;nbV=10;it=100;tabu=7,Greedy,ok,0.0023,284493,284493,191730589,284493,1.0,100,1,,,,,
dense2,TS,6,nbC=10;nbV=10;it=100;tabu=7,Greedy,ok,0.0032,284493,284493,191730589,284493,1.0,100,1,,,,,
dense2,TS,7,nbC=10;nbV=10;it=100;tabu=7,Greedy,ok,0.0022,284493,284493,191730589,284493,1.0,100,1,,,,,
dense2,TS,8,nbC=10;nbV=10;it=100;tabu=7,Greedy,ok,0.0025,284493,284493,191730589,284493,1.0,100,1,,,,,
dense2,TS,9,nbC=10;nbV=10;it=100;tabu=7,Greedy,ok,0.0024,284493,284493,191730589,284493,1.0,100,1,,,,,
dense2,TSS,0,nbC=10;nbV=10;it=100;tabu=7,Greedy,ok,0.0193,279638,284493,198615895,284493,1.0,100,1,,,,,
medium_skew_sparse_lambda,Greedy,0,,,ok,0.0306,13656,13656,4029617308,,0.9991,160,1,,,,,
medium_skew_sparse_lambda,Greedy2,0,,,ok,0.0688,16564,16564,4007268578,,0.9984,141,1,,,,,
medium_skew_sparse_lambda,Greedy3,0,,,ok,0.0063,8647,8647,4068124738,,0.9917,172,1,,,,,
medium_skew_dense_dejavu,TSS,0,nbC=10;nbV=10;it=100;tabu=7,Greedy2,ok,6.1161,80816,80860,150991394590,80680,0.9989,541,1,,,,,
medium_flat_dense_dejavu,Greedy,0,,,ok,0.7104,31164,31164,1198656244498,,0.9994,558,1,,,,,
medium_flat_dense_dejavu,Greedy2,0,,,ok,1.0997,36479,36479,1185044655783,,0.9997,551,1,,,,,
medium_flat_dense_dejavu,Greedy3,0,,,ok,0.0936,11296,11296,1249531488677,,0.9994,489,1,,,,,
medium_skew_sparse_lambda,KS_indep,0,,,ok,27.0116,33859,33859,3874317611,,1.0,1019,1,15,0,0,0,
medium_skew_sparse_lambda,KS_maj,0,,,ok,25.198,41561,41561,3815108735,,0.9998,636,1,15,0,0,0,
medium_skew_sparse_lambda,LS,0,nbC=10;nbV=10;it=5,Greedy2,ok,0.1506,16616,16616,4006863091,16564,0.9919,140,1,,,,,
medium_skew_sparse_lambda,TS,0,nbC=10;nbV=10;it=100;tabu=7,Greedy2,ok,0.0035,16564,16564,4007268578,16564,0.9984,141,1,,,,,
medium_skew_sparse_lambda,TS,1,nbC=10;nbV=10;it=100;tabu=7,Greedy2,ok,0.0045,16467,16564,4008010625,16564,0.9984,141,1,,,,,
medium_skew_sparse_lambda,TS,2,nbC=10;nbV=10;it=100;tabu=7,Greedy2,ok,0.0048,16531,16564,4007519290,16564,0.9926,141,1,,,,,
medium_skew_sparse_lambda,TS,3,nbC=10;nbV=10;it=100;tabu=7,Greedy2,ok,0.0083,16545,16626,4007410380,16564,0.9938,142,1,,,,,
medium_skew_sparse_lambda,TS,4,nbC=10;nbV=10;it=100;tabu=7,Greedy2,ok,0.0056,16535,16564,4007490033,16564,0.9982,141,1,,,,,
medium_skew_sparse_lambda,TS,5,nbC=10;nbV=10;it=100;tabu=7,Greedy2,ok,0.0112,16696,16696,4006252254,16564,0.9975,145,1,,,,,
medium_skew_sparse_lambda,TS,6,nbC=10;nbV=10;it=100;tabu=7,Greedy2,ok,0.0024,16564,16564,4007268578,16564,0.9984,141,1,,,,,
medium_skew_sparse_lambda,TS,7,nbC=10;nbV=10;it=100;tabu=7,Greedy2,ok,0.0026,16564,16564,4007268578,16564,0.9984,141,1,,,,,
medium_skew_sparse_lambda,TS,8,nbC=10;nbV=10;it=100;tabu=7,Greedy2,ok,0.0021,16564,16564,4007268578,16564,0.9984,141,1,,,,,
medium_skew_sparse_lambda,TS,9,nbC=10;nbV=10;it=100;tabu=7,Greedy2,ok,0.0036,16478,16564,4007928205,16564,0.9977,140,1,,,,,
medium_skew_sparse_lambda,TSS,0,nbC=10;nbV=10;it=100;tabu=7,Greedy2,ok,0.159,16564,16573,4007268578,16564,0.9984,141,1,,,,,
medium_flat_sparse_lambda,Greedy,0,,,ok,0.1647,3981,3981,37709355071,,0.9984,151,1,,,,,
medium_flat_sparse_lambda,Greedy2,0,,,ok,0.1985,3653,3653,37730636112,,0.9978,127,1,,,,,
medium_flat_sparse_lambda,Greedy3,0,,,ok,0.0273,1686,1686,37858279654,,0.9989,146,1,,,,,
medium_flat_dense_dejavu,KS_indep,0,,,ok,30.5069,44162,44162,1165370095078,,1.0,3827,1,15,0,0,0,
medium_flat_sparse_lambda,KS_indep,0,,,ok,26.8449,17385,17385,36839384391,,1.0,1573,1,15,0,0,0,
medium_flat_dense_dejavu,KS_maj,0,,,ok,30.251,86267,86267,1057552404667,,1.0,1695,1,15,0,0,0,
medium_flat_sparse_lambda,KS_maj,0,,,ok,26.5396,22996,22996,36475242467,,1.0,1029,1,15,0,0,0,
medium_flat_sparse_lambda,LS,0,nbC=10;nbV=10;it=5,Greedy,ok,0.61,3985,3985,37709084135,3981,0.9899,150,1,,,,,
medium_flat_sparse_lambda,TS,0,nbC=10;nbV=10;it=100;tabu=7,Greedy,ok,0.0221,4019,4019,37706897094,3981,0.9981,152,1,,,,,
medium_flat_sparse_lambda,TS,1,nbC=10;nbV=10;it=100;tabu=7,Greedy,ok,0.012,3962,3981,37710586809,3981,0.9965,150,1,,,,,
medium_flat_sparse_lambda,TS,2,nbC=10;nbV=10;it=100;tabu=7,Greedy,ok,0.007,3981,3981,37709355071,3981,0.9984,151,1,,,,,
medium_flat_sparse_lambda,TS,3,nbC=10;nbV=10;it=100;tabu=7,Greedy,ok,0.0063,3981,3981,37709355071,3981,0.9984,151,1,,,,,
medium_flat_sparse_lambda,TS,4,nbC=10;nbV=10;it=100;tabu=7,Greedy,ok,0.006,3981,3981,37709355071,3981,0.9984,151,1,,,,,
medium_flat_sparse_lambda,TS,5,nbC=10;nbV=10;it=100;tabu=7,Greedy,ok,0.0279,4034,4034,37705882103,3981,0.998,153,1,,,,,
medium_flat_sparse_lambda,TS,6,nbC=10;nbV=10;it=100;tabu=7,Greedy,ok,0.022,3959,3981,37710774737,3981,0.9977,150,1,,,,,
medium_flat_sparse_lambda,TS,7,nbC=10;nbV=10;it=100;tabu=7,Greedy,ok,0.0076,3981,3981,37709355071,3981,0.9984,151,1,,,,,
medium_flat_sparse_lambda,TS,8,nbC=10;nbV=10;it=100;tabu=7,Greedy,ok,0.0059,3981,3981,37709355071,3981,0.9984,151,1,,,,,
medium_flat_sparse_lambda,TS,9,nbC=10;nbV=10;it=100;tabu=7,Greedy,ok,0.0069,3981,3981,37709355071,3981,0.9984,151,1,,,,,
medium_flat_sparse_lambda,TSS,0,nbC=10;nbV=10;it=100;tabu=7,Greedy,ok,0.027,3981,3981,37709355071,3981,0.9984,151,1,,,,,
medium_flat_dense_dejavu,LS,0,nbC=10;nbV=10;it=5,Greedy2,ok,9.5766,36485,36485,1185029661841,36479,0.998,552,1,,,,,
medium_flat_dense_dejavu,TS,0,nbC=10;nbV=10;it=100;tabu=7,Greedy2,ok,0.1064,36458,36479,1185099478838,36479,0.9994,551,1,,,,,
medium_flat_dense_dejavu,TS,1,nbC=10;nbV=10;it=100;tabu=7,Greedy2,ok,0.4565,36947,36947,1183845807294,36479,0.999,559,1,,,,,
medium_flat_dense_dejavu,TS,2,nbC=10;nbV=10;it=100;tabu=7,Greedy2,ok,0.1106,36598,36598,1184739197133,36479,0.9996,553,1,,,,,
medium_flat_dense_dejavu,TS,3,nbC=10;nbV=10;it=100;tabu=7,Greedy2,ok,0.66,36929,36929,1183892412584,36479,0.9989,560,1,,,,,
medium_flat_dense_dejavu,TS,4,nbC=10;nbV=10;it=100;tabu=7,Greedy2,ok,0.0642,36469,36479,1185070868668,36479,0.9995,551,1,,,,,
medium_flat_dense_dejavu,TS,5,nbC=10;nbV=10;it=100;tabu=7,Greedy2,ok,0.0664,36469,36479,1185071833322,36479,0.9994,551,1,,,,,
medium_flat_dense_dejavu,TS,6,nbC=10;nbV=10;it=100;tabu=7,Greedy2,ok,0.1969,36585,36605,1184773698527,36479,0.9976,553,1,,,,,
medium_flat_dense_dejavu,TS,7,nbC=10;nbV=10;it=100;tabu=7,Greedy2,ok,0.0213,36479,36479,1185044655783,36479,0.9997,551,1,,,,,
medium_flat_dense_dejavu,TS,8,nbC=10;nbV=10;it=100;tabu=7,Greedy2,ok,0.5831,36920,36920,1183916153452,36479,0.9991,560,1,,,,,
medium_flat_dense_dejavu,TS,9,nbC=10;nbV=10;it=100;tabu=7,Greedy2,ok,0.1443,36533,36544,1184907031983,36479,0.998,552,1,,,,,
medium_flat_dense_dejavu,TSS,0,nbC=10;nbV=10;it=100;tabu=7,Greedy2,ok,2.4411,36321,36479,1185449118744,36479,0.9923,549,1,,,,,
me_at_the_zoo,TS_fix,0,nbC=10;nbV=10;it=100;tabu=7,Greedy,ok,0.0254,471938,471938,7309330,471938,0.952,51,1,,,,,
me_at_the_zoo,TS_fix,1,nbC=10;nbV=10;it=100;tabu=7,Greedy,ok,0.022,471938,471938,7309330,471938,0.952,51,1,,,,,
me_at_the_zoo,TS_fix,2,nbC=10;nbV=10;it=100;tabu=7,Greedy,ok,0.0219,473911,473911,7204147,471938,0.956,52,1,,,,,
me_at_the_zoo,TS_fix,3,nbC=10;nbV=10;it=100;tabu=7,Greedy,ok,0.0298,471938,471938,7309330,471938,0.952,51,1,,,,,
me_at_the_zoo,TS_fix,4,nbC=10;nbV=10;it=100;tabu=7,Greedy,ok,0.0172,471938,471938,7309330,471938,0.952,51,1,,,,,
me_at_the_zoo,TS_fix,5,nbC=10;nbV=10;it=100;tabu=7,Greedy,ok,0.017,471938,471938,7309330,471938,0.952,51,1,,,,,
me_at_the_zoo,TS_fix,6,nbC=10;nbV=10;it=100;tabu=7,Greedy,ok,0.0194,471938,471938,7309330,471938,0.952,51,1,,,,,
me_at_the_zoo,TS_fix,7,nbC=10;nbV=10;it=100;tabu=7,Greedy,ok,0.0177,471938,471938,7309330,471938,0.952,51,1,,,,,
me_at_the_zoo,TS_fix,8,nbC=10;nbV=10;it=100;tabu=7,Greedy,ok,0.0188,471938,471938,7309330,471938,0.952,51,1,,,,,
me_at_the_zoo,TS_fix,9,nbC=10;nbV=10;it=100;tabu=7,Greedy,ok,0.0181,471938,471938,7309330,471938,0.952,51,1,,,,,
me_at_the_zoo,TSS_fix,0,nbC=10;nbV=10;it=100;tabu=7,Greedy,ok,0.038,478185,478185,6976266,471938,0.939,51,1,,,,,
trending_today,TS_fix,0,nbC=10;nbV=10;it=100;tabu=7,Greedy2,ok,0.0131,499991,499991,50055568100,499991,0.9993,9996,1,,,,,
trending_today,TS_fix,1,nbC=10;nbV=10;it=100;tabu=7,Greedy2,ok,0.0245,499991,499991,50055568100,499991,0.9993,9996,1,,,,,
kittens,TS_fix,0,nbC=10;nbV=10;it=100;tabu=7,Greedy2,ok,0.1229,858876,858876,635768271245,858869,0.998,6393,1,,,,,
trending_today,TS_fix,2,nbC=10;nbV=10;it=100;tabu=7,Greedy2,ok,0.0167,499991,499991,50055568100,499991,0.9993,9996,1,,,,,
kittens,TS_fix,1,nbC=10;nbV=10;it=100;tabu=7,Greedy2,ok,0.2094,858907,858907,635736781883,858869,0.998,6395,1,,,,,
trending_today,TS_fix,3,nbC=10;nbV=10;it=100;tabu=7,Greedy2,ok,0.0232,499991,499991,50055568100,499991,0.9993,9996,1,,,,,
trending_today,TS_fix,4,nbC=10;nbV=10;it=100;tabu=7,Greedy2,ok,0.0625,499991,499991,50055568100,499991,0.9993,9996,1,,,,,
kittens,TS_fix,2,nbC=10;nbV=10;it=100;tabu=7,Greedy2,ok,0.0572,858869,858869,635774937003,858869,0.998,6392,1,,,,,
trending_today,TS_fix,5,nbC=10;nbV=10;it=100;tabu=7,Greedy2,ok,0.1022,499991,499991,50055568100,499991,0.9993,9996,1,,,,,
trending_today,TS_fix,6,nbC=10;nbV=10;it=100;tabu=7,Greedy2,ok,0.0304,499991,499991,50055568100,499991,0.9993,9996,1,,,,,
kittens,TS_fix,3,nbC=10;nbV=10;it=100;tabu=7,Greedy2,ok,0.0679,858869,858869,635774937003,858869,0.998,6392,1,,,,,
trending_today,TS_fix,7,nbC=10;nbV=10;it=100;tabu=7,Greedy2,ok,0.0328,499991,499991,50055568100,499991,0.9993,9996,1,,,,,
kittens,TS_fix,4,nbC=10;nbV=10;it=100;tabu=7,Greedy2,ok,0.1552,858877,858877,635766985013,858869,0.998,6393,1,,,,,
trending_today,TS_fix,8,nbC=10;nbV=10;it=100;tabu=7,Greedy2,ok,0.0465,499991,499991,50055568100,499991,0.9993,9996,1,,,,,
trending_today,TS_fix,9,nbC=10;nbV=10;it=100;tabu=7,Greedy2,ok,0.0668,499991,499991,50055568100,499991,0.9993,9996,1,,,,,
kittens,TS_fix,5,nbC=10;nbV=10;it=100;tabu=7,Greedy2,ok,0.7188,858960,858960,635684211219,858869,0.998,6403,1,,,,,
trending_today,TSS_fix,0,nbC=10;nbV=10;it=100;tabu=7,Greedy2,ok,1.3284,499991,499991,50055568100,499991,0.9993,9996,1,,,,,
videos_worth_spreading,TS_fix,0,nbC=10;nbV=10;it=100;tabu=7,Greedy,ok,0.0035,484419,484419,229249474988,484419,0.9999,3507,1,,,,,
videos_worth_spreading,TS_fix,1,nbC=10;nbV=10;it=100;tabu=7,Greedy,ok,0.0124,484419,484419,229249474988,484419,0.9999,3507,1,,,,,
videos_worth_spreading,TS_fix,2,nbC=10;nbV=10;it=100;tabu=7,Greedy,ok,0.0034,484419,484419,229249474988,484419,0.9999,3507,1,,,,,
videos_worth_spreading,TS_fix,3,nbC=10;nbV=10;it=100;tabu=7,Greedy,ok,0.004,484419,484419,229249474988,484419,0.9999,3507,1,,,,,
videos_worth_spreading,TS_fix,4,nbC=10;nbV=10;it=100;tabu=7,Greedy,ok,0.0035,484419,484419,229249474988,484419,0.9999,3507,1,,,,,
videos_worth_spreading,TS_fix,5,nbC=10;nbV=10;it=100;tabu=7,Greedy,ok,0.0025,484419,484419,229249474988,484419,0.9999,3507,1,,,,,
videos_worth_spreading,TS_fix,6,nbC=10;nbV=10;it=100;tabu=7,Greedy,ok,0.0047,484419,484419,229249474988,484419,0.9999,3507,1,,,,,
videos_worth_spreading,TS_fix,7,nbC=10;nbV=10;it=100;tabu=7,Greedy,ok,0.0023,484419,484419,229249474988,484419,0.9999,3507,1,,,,,
videos_worth_spreading,TS_fix,8,nbC=10;nbV=10;it=100;tabu=7,Greedy,ok,0.0054,484419,484419,229249474988,484419,0.9999,3507,1,,,,,
videos_worth_spreading,TS_fix,9,nbC=10;nbV=10;it=100;tabu=7,Greedy,ok,0.0028,484419,484419,229249474988,484419,0.9999,3507,1,,,,,
kittens,TS_fix,6,nbC=10;nbV=10;it=100;tabu=7,Greedy2,ok,0.3504,858926,858926,635717557897,858869,0.998,6396,1,,,,,
videos_worth_spreading,TSS_fix,0,nbC=10;nbV=10;it=100;tabu=7,Greedy,ok,58.1057,484525,484525,229196630858,484419,0.9994,3507,1,,,,,
custom_dejavu42,TS_fix,0,nbC=10;nbV=10;it=100;tabu=7,Greedy2,ok,0.0317,19051,19051,3511105474517,19051,0.9994,721,1,,,,,
custom_dejavu42,TS_fix,1,nbC=10;nbV=10;it=100;tabu=7,Greedy2,ok,0.1557,19136,19136,3510562530871,19051,0.9992,728,1,,,,,
kittens,TS_fix,7,nbC=10;nbV=10;it=100;tabu=7,Greedy2,ok,0.1618,858879,858879,635764795691,858869,0.998,6394,1,,,,,
custom_dejavu42,TS_fix,2,nbC=10;nbV=10;it=100;tabu=7,Greedy2,ok,0.011,19051,19051,3511105474517,19051,0.9994,721,1,,,,,
custom_dejavu42,TS_fix,3,nbC=10;nbV=10;it=100;tabu=7,Greedy2,ok,0.0086,19051,19051,3511105474517,19051,0.9994,721,1,,,,,
custom_dejavu42,TS_fix,4,nbC=10;nbV=10;it=100;tabu=7,Greedy2,ok,0.0149,19051,19051,3511105474517,19051,0.9994,721,1,,,,,
custom_dejavu42,TS_fix,5,nbC=10;nbV=10;it=100;tabu=7,Greedy2,ok,0.0574,19051,19051,3511105474517,19051,0.9994,721,1,,,,,
custom_dejavu42,TS_fix,6,nbC=10;nbV=10;it=100;tabu=7,Greedy2,ok,0.0106,19051,19051,3511105474517,19051,0.9994,721,1,,,,,
custom_dejavu42,TS_fix,7,nbC=10;nbV=10;it=100;tabu=7,Greedy2,ok,0.0121,19051,19051,3511105474517,19051,0.9994,721,1,,,,,
custom_dejavu42,TS_fix,8,nbC=10;nbV=10;it=100;tabu=7,Greedy2,ok,0.0549,19051,19051,3511105474517,19051,0.9994,721,1,,,,,
kittens,TS_fix,8,nbC=10;nbV=10;it=100;tabu=7,Greedy2,ok,0.2507,858896,858896,635748264314,858869,0.998,6395,1,,,,,
custom_dejavu42,TS_fix,9,nbC=10;nbV=10;it=100;tabu=7,Greedy2,ok,0.0193,19051,19051,3511105474517,19051,0.9994,721,1,,,,,
custom_dejavu42,TSS_fix,0,nbC=10;nbV=10;it=100;tabu=7,Greedy2,ok,1.7313,19079,19079,3510924932613,19051,0.9993,721,1,,,,,
custom_universallambda42,TS_fix,0,nbC=10;nbV=10;it=100;tabu=7,Greedy,ok,0.0188,185469,185469,5364272003979,185469,1.0,874,1,,,,,
kittens,TS_fix,9,nbC=10;nbV=10;it=100;tabu=7,Greedy2,ok,0.052,858869,858869,635774937003,858869,0.998,6392,1,,,,,
custom_universallambda42,TS_fix,1,nbC=10;nbV=10;it=100;tabu=7,Greedy,ok,0.0215,185469,185469,5364272003979,185469,1.0,874,1,,,,,
custom_universallambda42,TS_fix,2,nbC=10;nbV=10;it=100;tabu=7,Greedy,ok,0.0334,185469,185469,5364272003979,185469,1.0,874,1,,,,,
custom_universallambda42,TS_fix,3,nbC=10;nbV=10;it=100;tabu=7,Greedy,ok,0.013,185469,185469,5364272003979,185469,1.0,874,1,,,,,
kittens,TSS_fix,0,nbC=10;nbV=10;it=100;tabu=7,Greedy2,ok,0.1278,858869,858869,635774937003,858869,0.998,6392,1,,,,,
custom_universallambda42,TS_fix,4,nbC=10;nbV=10;it=100;tabu=7,Greedy,ok,0.0219,185469,185469,5364272003979,185469,1.0,874,1,,,,,
custom_universallambda42,TS_fix,5,nbC=10;nbV=10;it=100;tabu=7,Greedy,ok,0.0309,185469,185469,5364272003979,185469,1.0,874,1,,,,,
custom_universallambda42,TS_fix,6,nbC=10;nbV=10;it=100;tabu=7,Greedy,ok,0.0122,185469,185469,5364272003979,185469,1.0,874,1,,,,,
custom_universallambda42,TS_fix,7,nbC=10;nbV=10;it=100;tabu=7,Greedy,ok,0.0107,185469,185469,5364272003979,185469,1.0,874,1,,,,,
custom_universallambda42,TS_fix,8,nbC=10;nbV=10;it=100;tabu=7,Greedy,ok,0.0114,185469,185469,5364272003979,185469,1.0,874,1,,,,,
custom_universallambda42,TS_fix,9,nbC=10;nbV=10;it=100;tabu=7,Greedy,ok,0.0118,185469,185469,5364272003979,185469,1.0,874,1,,,,,
custom_universallambda42,TSS_fix,0,nbC=10;nbV=10;it=100;tabu=7,Greedy,ok,0.0942,185469,185469,5364272003979,185469,1.0,874,1,,,,,
instance1,TS_fix,0,nbC=10;nbV=10;it=100;tabu=7,Greedy2,ok,0.0784,1250477,1250477,30055781,1247139,0.9999,5082,1,,,,,
instance1,TS_fix,1,nbC=10;nbV=10;it=100;tabu=7,Greedy2,ok,0.1039,1251780,1251780,30002224,1247139,1.0,5091,1,,,,,
instance1,TS_fix,2,nbC=10;nbV=10;it=100;tabu=7,Greedy2,ok,0.101,1251142,1251142,30028455,1247139,1.0,5088,1,,,,,
custom_universallambda42_asymmetric,TS_fix,0,nbC=10;nbV=10;it=100;tabu=7,Greedy,ok,7.7026,223919,223919,8584502373,223919,0.252,1106,1,,,,,
instance1,TS_fix,3,nbC=10;nbV=10;it=100;tabu=7,Greedy2,ok,0.0843,1250068,1250068,30072608,1247139,0.9999,5077,1,,,,,
instance1,TS_fix,4,nbC=10;nbV=10;it=100;tabu=7,Greedy2,ok,0.0857,1250009,1250009,30075034,1247139,1.0,5076,1,,,,,
instance1,TS_fix,5,nbC=10;nbV=10;it=100;tabu=7,Greedy2,ok,0.1232,1251344,1251344,30020157,1247139,0.9999,5078,1,,,,,
instance1,TS_fix,6,nbC=10;nbV=10;it=100;tabu=7,Greedy2,ok,0.0882,1251183,1251183,30026754,1247139,0.9999,5084,1,,,,,
instance1,TS_fix,7,nbC=10;nbV=10;it=100;tabu=7,Greedy2,ok,0.1141,1250792,1250792,30042845,1247139,1.0,5084,1,,,,,
instance1,TS_fix,8,nbC=10;nbV=10;it=100;tabu=7,Greedy2,ok,0.1028,1251314,1251314,30021361,1247139,0.9999,5084,1,,,,,
instance1,TS_fix,9,nbC=10;nbV=10;it=100;tabu=7,Greedy2,ok,0.0858,1251057,1251057,30031946,1247139,1.0,5084,1,,,,,
instance1,TSS_fix,0,nbC=10;nbV=10;it=100;tabu=7,Greedy2,ok,0.1044,1247139,1247139,30192967,1247139,1.0,5024,1,,,,,
instance2,TS_fix,0,nbC=10;nbV=10;it=100;tabu=7,Greedy,ok,0.2771,1504964,1504964,35835304,1494057,1.0,7582,1,,,,,
instance2,TS_fix,1,nbC=10;nbV=10;it=100;tabu=7,Greedy,ok,0.2154,1503210,1503210,35948265,1494057,1.0,7583,1,,,,,
custom_universallambda42_asymmetric,TS_fix,1,nbC=10;nbV=10;it=100;tabu=7,Greedy,ok,7.7489,223919,223919,8584502373,223919,0.252,1106,1,,,,,
instance2,TS_fix,2,nbC=10;nbV=10;it=100;tabu=7,Greedy,ok,0.2715,1504948,1504948,35836309,1494057,1.0,7589,1,,,,,
instance2,TS_fix,3,nbC=10;nbV=10;it=100;tabu=7,Greedy,ok,0.2084,1502568,1502568,35989618,1494057,1.0,7575,1,,,,,
instance2,TS_fix,4,nbC=10;nbV=10;it=100;tabu=7,Greedy,ok,0.216,1502595,1502595,35987858,1494057,1.0,7577,1,,,,,
instance2,TS_fix,5,nbC=10;nbV=10;it=100;tabu=7,Greedy,ok,0.2303,1503084,1503084,35956371,1494057,0.9999,7575,1,,,,,
instance2,TS_fix,6,nbC=10;nbV=10;it=100;tabu=7,Greedy,ok,0.2187,1502924,1502924,35966656,1494057,1.0,7581,1,,,,,
instance2,TS_fix,7,nbC=10;nbV=10;it=100;tabu=7,Greedy,ok,0.2648,1503493,1503493,35930043,1494057,1.0,7580,1,,,,,
instance2,TS_fix,8,nbC=10;nbV=10;it=100;tabu=7,Greedy,ok,0.215,1503920,1503920,35902537,1494057,1.0,7577,1,,,,,
instance2,TS_fix,9,nbC=10;nbV=10;it=100;tabu=7,Greedy,ok,0.2134,1502673,1502673,35982808,1494057,1.0,7583,1,,,,,
custom_universallambda42_asymmetric,TS_fix,2,nbC=10;nbV=10;it=100;tabu=7,Greedy,ok,7.3545,223919,223919,8584502373,223919,0.252,1106,1,,,,,
instance2,TSS_fix,0,nbC=10;nbV=10;it=100;tabu=7,Greedy,ok,4.3009,1494061,1494061,36537446,1494057,1.0,7523,1,,,,,
4990_246_84901_50,TS_fix,0,nbC=10;nbV=10;it=100;tabu=7,Greedy2,ok,0.6412,1273362,1273362,58171535,1212071,0.596,5089,1,,,,,
4990_246_84901_50,TS_fix,1,nbC=10;nbV=10;it=100;tabu=7,Greedy2,ok,0.6242,1263779,1263779,58985133,1212071,0.5955,5089,1,,,,,
4990_246_84901_50,TS_fix,2,nbC=10;nbV=10;it=100;tabu=7,Greedy2,ok,0.661,1276091,1276091,57939844,1212071,0.5973,5089,1,,,,,
custom_universallambda42_asymmetric,TS_fix,3,nbC=10;nbV=10;it=100;tabu=7,Greedy,ok,7.5822,223919,223919,8584502373,223919,0.252,1106,1,,,,,
4990_246_84901_50,TS_fix,3,nbC=10;nbV=10;it=100;tabu=7,Greedy2,ok,0.7713,1269890,1269890,58466302,1212071,0.5973,5089,1,,,,,
4990_246_84901_50,TS_fix,4,nbC=10;nbV=10;it=100;tabu=7,Greedy2,ok,0.6656,1270998,1270998,58372291,1212071,0.596,5089,1,,,,,
4990_246_84901_50,TS_fix,5,nbC=10;nbV=10;it=100;tabu=7,Greedy2,ok,0.6319,1270846,1270846,58385168,1212071,0.5975,5089,1,,,,,
4990_246_84901_50,TS_fix,6,nbC=10;nbV=10;it=100;tabu=7,Greedy2,ok,0.6543,1273964,1273964,58120442,1212071,0.5968,5089,1,,,,,
4990_246_84901_50,TS_fix,7,nbC=10;nbV=10;it=100;tabu=7,Greedy2,ok,0.7442,1269669,1269669,58485125,1212071,0.5966,5089,1,,,,,
4990_246_84901_50,TS_fix,8,nbC=10;nbV=10;it=100;tabu=7,Greedy2,ok,0.6698,1268173,1268173,58612091,1212071,0.5956,5089,1,,,,,
4990_246_84901_50,TS_fix,9,nbC=10;nbV=10;it=100;tabu=7,Greedy2,ok,0.6866,1260603,1260603,59254793,1212071,0.5971,5089,1,,,,,
custom_universallambda42_asymmetric,TS_fix,4,nbC=10;nbV=10;it=100;tabu=7,Greedy,ok,7.7048,223919,223919,8584502373,223919,0.252,1106,1,,,,,
4990_246_84901_50,TSS_fix,0,nbC=10;nbV=10;it=100;tabu=7,Greedy2,ok,11.3006,1252417,1252417,59949782,1212071,0.5998,5077,1,,,,,
6970_311_100000_69,TS_fix,0,nbC=10;nbV=10;it=100;tabu=7,Greedy,ok,0.3435,1258130,1258130,66597938,1255923,0.9999,27627,1,,,,,
6970_311_100000_69,TS_fix,1,nbC=10;nbV=10;it=100;tabu=7,Greedy,ok,0.3092,1257650,1257650,66645918,1255923,0.9999,27614,1,,,,,
custom_universallambda42_asymmetric,TS_fix,5,nbC=10;nbV=10;it=100;tabu=7,Greedy,ok,7.3369,223919,223919,8584502373,223919,0.252,1106,1,,,,,
6970_311_100000_69,TS_fix,2,nbC=10;nbV=10;it=100;tabu=7,Greedy,ok,0.4376,1258115,1258115,66599411,1255923,0.9998,27628,1,,,,,
6970_311_100000_69,TS_fix,3,nbC=10;nbV=10;it=100;tabu=7,Greedy,ok,0.3882,1258350,1258350,66575925,1255923,0.9998,27633,1,,,,,
6970_311_100000_69,TS_fix,4,nbC=10;nbV=10;it=100;tabu=7,Greedy,ok,0.3335,1257946,1257946,66616351,1255923,0.9998,27629,1,,,,,
6970_311_100000_69,TS_fix,5,nbC=10;nbV=10;it=100;tabu=7,Greedy,ok,0.342,1258354,1258354,66575524,1255923,0.9996,27625,1,,,,,
custom_universallambda42_asymmetric,TS_fix,6,nbC=10;nbV=10;it=100;tabu=7,Greedy,ok,6.766,223919,223919,8584502373,223919,0.252,1106,1,,,,,
6970_311_100000_69,TS_fix,6,nbC=10;nbV=10;it=100;tabu=7,Greedy,ok,0.3743,1258626,1258626,66548360,1255923,0.9997,27621,1,,,,,
6970_311_100000_69,TS_fix,7,nbC=10;nbV=10;it=100;tabu=7,Greedy,ok,0.3372,1257954,1257954,66615491,1255923,0.9999,27627,1,,,,,
6970_311_100000_69,TS_fix,8,nbC=10;nbV=10;it=100;tabu=7,Greedy,ok,0.3806,1258047,1258047,66606215,1255923,0.9998,27613,1,,,,,
6970_311_100000_69,TS_fix,9,nbC=10;nbV=10;it=100;tabu=7,Greedy,ok,0.6872,1258141,1258141,66596866,1255923,0.9998,27633,1,,,,,
6970_311_100000_69,TSS_fix,0,nbC=10;nbV=10;it=100;tabu=7,Greedy,ok,6.9109,1255928,1255928,66818122,1255923,0.9999,27584,1,,,,,
custom_universallambda42_asymmetric,TS_fix,7,nbC=10;nbV=10;it=100;tabu=7,Greedy,ok,7.4957,223919,223919,8584502373,223919,0.252,1106,1,,,,,
custom_universallambda42_asymmetric,TS_fix,8,nbC=10;nbV=10;it=100;tabu=7,Greedy,ok,6.8486,223919,223919,8584502373,223919,0.252,1106,1,,,,,
custom_universallambda42_asymmetric,TS_fix,9,nbC=10;nbV=10;it=100;tabu=7,Greedy,ok,7.0496,223919,223919,8584502373,223919,0.252,1106,1,,,,,
custom_universallambda42_asymmetric,TSS_fix,0,nbC=10;nbV=10;it=100;tabu=7,Greedy,ok,8.0463,223919,223919,8584502373,223919,0.252,1106,1,,,,,
3860_246_84901_66,TS_fix,0,nbC=10;nbV=10;it=100;tabu=7,Greedy,ok,1.3817,1952591,1952591,3528018,1952453,0.9999,33428,1,,,,,
10000_500_100000_100,TS_fix,0,nbC=10;nbV=10;it=100;tabu=7,Greedy,ok,1.0731,1973180,1973180,6190157,1972501,0.9998,50002,1,,,,,
3860_246_84901_66,TS_fix,1,nbC=10;nbV=10;it=100;tabu=7,Greedy,ok,1.216,1952637,1952637,3524143,1952453,0.9998,33434,1,,,,,
10000_500_100000_100,TS_fix,1,nbC=10;nbV=10;it=100;tabu=7,Greedy,ok,0.0761,1972507,1972507,6257442,1972501,1.0,49968,1,,,,,
3860_246_84901_66,TS_fix,2,nbC=10;nbV=10;it=100;tabu=7,Greedy,ok,1.2514,1952739,1952739,3515476,1952453,0.9999,33422,1,,,,,
3860_246_84901_66,TS_fix,3,nbC=10;nbV=10;it=100;tabu=7,Greedy,ok,1.2863,1952703,1952703,3518568,1952453,0.9999,33430,1,,,,,
10000_500_100000_100,TS_fix,2,nbC=10;nbV=10;it=100;tabu=7,Greedy,ok,0.5681,1972649,1972649,6243288,1972501,0.9998,49982,1,,,,,
3860_246_84901_66,TS_fix,4,nbC=10;nbV=10;it=100;tabu=7,Greedy,ok,1.3277,1952602,1952602,3527094,1952453,0.9999,33427,1,,,,,
3860_246_84901_66,TS_fix,5,nbC=10;nbV=10;it=100;tabu=7,Greedy,ok,1.2556,1952592,1952592,3527949,1952453,0.9999,33428,1,,,,,
10000_500_100000_100,TS_fix,3,nbC=10;nbV=10;it=100;tabu=7,Greedy,ok,0.1389,1972504,1972504,6257712,1972501,0.9999,49963,1,,,,,
3860_246_84901_66,TS_fix,6,nbC=10;nbV=10;it=100;tabu=7,Greedy,ok,1.2381,1952622,1952622,3525384,1952453,0.9998,33426,1,,,,,
3860_246_84901_66,TS_fix,7,nbC=10;nbV=10;it=100;tabu=7,Greedy,ok,1.3684,1952669,1952669,3521396,1952453,0.9999,33430,1,,,,,
10000_500_100000_100,TS_fix,4,nbC=10;nbV=10;it=100;tabu=7,Greedy,ok,1.6048,1972797,1972797,6228414,1972501,0.9998,50002,1,,,,,
3860_246_84901_66,TS_fix,8,nbC=10;nbV=10;it=100;tabu=7,Greedy,ok,1.3111,1952617,1952617,3525875,1952453,0.9998,33432,1,,,,,
3860_246_84901_66,TS_fix,9,nbC=10;nbV=10;it=100;tabu=7,Greedy,ok,1.3588,1952659,1952659,3522288,1952453,0.9998,33425,1,,,,,
10000_500_100000_100,TS_fix,5,nbC=10;nbV=10;it=100;tabu=7,Greedy,ok,0.9084,1972895,1972895,6218625,1972501,0.9998,50004,1,,,,,
3860_246_84901_66,TSS_fix,0,nbC=10;nbV=10;it=100;tabu=7,Greedy,ok,2.9133,1952465,1952465,3538735,1952453,1.0,33390,1,,,,,
regional_instance,TS_fix,0,nbC=10;nbV=10;it=100;tabu=7,Greedy,ok,0.0333,2276578,2276578,157796548,2276578,0.5813,730,1,,,,,
regional_instance,TS_fix,1,nbC=10;nbV=10;it=100;tabu=7,Greedy,ok,0.0298,2276578,2276578,157796548,2276578,0.5813,730,1,,,,,
regional_instance,TS_fix,2,nbC=10;nbV=10;it=100;tabu=7,Greedy,ok,0.021,2276578,2276578,157796548,2276578,0.5813,730,1,,,,,
regional_instance,TS_fix,3,nbC=10;nbV=10;it=100;tabu=7,Greedy,ok,0.0246,2276578,2276578,157796548,2276578,0.5813,730,1,,,,,
regional_instance,TS_fix,4,nbC=10;nbV=10;it=100;tabu=7,Greedy,ok,0.0287,2276578,2276578,157796548,2276578,0.5813,730,1,,,,,
regional_instance,TS_fix,5,nbC=10;nbV=10;it=100;tabu=7,Greedy,ok,0.0203,2276578,2276578,157796548,2276578,0.5813,730,1,,,,,
regional_instance,TS_fix,6,nbC=10;nbV=10;it=100;tabu=7,Greedy,ok,0.0249,2276578,2276578,157796548,2276578,0.5813,730,1,,,,,
regional_instance,TS_fix,7,nbC=10;nbV=10;it=100;tabu=7,Greedy,ok,0.0503,2276578,2276578,157796548,2276578,0.5813,730,1,,,,,
regional_instance,TS_fix,8,nbC=10;nbV=10;it=100;tabu=7,Greedy,ok,0.0229,2276578,2276578,157796548,2276578,0.5813,730,1,,,,,
regional_instance,TS_fix,9,nbC=10;nbV=10;it=100;tabu=7,Greedy,ok,0.0241,2276578,2276578,157796548,2276578,0.5813,730,1,,,,,
regional_instance,TSS_fix,0,nbC=10;nbV=10;it=100;tabu=7,Greedy,ok,0.1711,2276578,2276578,157796548,2276578,0.5813,730,1,,,,,
zipF_instance,TS_fix,0,nbC=10;nbV=10;it=100;tabu=7,Greedy,ok,0.027,1879209,1879209,207684385,1879209,0.5267,720,1,,,,,
zipF_instance,TS_fix,1,nbC=10;nbV=10;it=100;tabu=7,Greedy,ok,0.0844,1879209,1879209,207684385,1879209,0.5267,720,1,,,,,
zipF_instance,TS_fix,2,nbC=10;nbV=10;it=100;tabu=7,Greedy,ok,0.0242,1879209,1879209,207684385,1879209,0.5267,720,1,,,,,
zipF_instance,TS_fix,3,nbC=10;nbV=10;it=100;tabu=7,Greedy,ok,0.0253,1879209,1879209,207684385,1879209,0.5267,720,1,,,,,
zipF_instance,TS_fix,4,nbC=10;nbV=10;it=100;tabu=7,Greedy,ok,0.0333,1879209,1879209,207684385,1879209,0.5267,720,1,,,,,
zipF_instance,TS_fix,5,nbC=10;nbV=10;it=100;tabu=7,Greedy,ok,0.0623,1879209,1879209,207684385,1879209,0.5267,720,1,,,,,
zipF_instance,TS_fix,6,nbC=10;nbV=10;it=100;tabu=7,Greedy,ok,0.026,1879209,1879209,207684385,1879209,0.5267,720,1,,,,,
zipF_instance,TS_fix,7,nbC=10;nbV=10;it=100;tabu=7,Greedy,ok,0.0228,1879209,1879209,207684385,1879209,0.5267,720,1,,,,,
zipF_instance,TS_fix,8,nbC=10;nbV=10;it=100;tabu=7,Greedy,ok,0.0237,1879209,1879209,207684385,1879209,0.5267,720,1,,,,,
zipF_instance,TS_fix,9,nbC=10;nbV=10;it=100;tabu=7,Greedy,ok,0.024,1879209,1879209,207684385,1879209,0.5267,720,1,,,,,
zipF_instance,TSS_fix,0,nbC=10;nbV=10;it=100;tabu=7,Greedy,ok,0.1981,1879209,1879209,207684385,1879209,0.5267,720,1,,,,,
big,TS_fix,0,nbC=10;nbV=10;it=100;tabu=7,Greedy,ok,0.0038,271267,271267,12583100479,271267,0.991,3577,1,,,,,
big,TS_fix,1,nbC=10;nbV=10;it=100;tabu=7,Greedy,ok,0.0027,271267,271267,12583100479,271267,0.991,3577,1,,,,,
big,TS_fix,2,nbC=10;nbV=10;it=100;tabu=7,Greedy,ok,0.0022,271267,271267,12583100479,271267,0.991,3577,1,,,,,
big,TS_fix,3,nbC=10;nbV=10;it=100;tabu=7,Greedy,ok,0.002,271267,271267,12583100479,271267,0.991,3577,1,,,,,
big,TS_fix,4,nbC=10;nbV=10;it=100;tabu=7,Greedy,ok,0.014,271267,271267,12583100479,271267,0.991,3577,1,,,,,
big,TS_fix,5,nbC=10;nbV=10;it=100;tabu=7,Greedy,ok,0.0032,271267,271267,12583100479,271267,0.991,3577,1,,,,,
big,TS_fix,6,nbC=10;nbV=10;it=100;tabu=7,Greedy,ok,0.0024,271267,271267,12583100479,271267,0.991,3577,1,,,,,
big,TS_fix,7,nbC=10;nbV=10;it=100;tabu=7,Greedy,ok,0.002,271267,271267,12583100479,271267,0.991,3577,1,,,,,
big,TS_fix,8,nbC=10;nbV=10;it=100;tabu=7,Greedy,ok,0.0032,271267,271267,12583100479,271267,0.991,3577,1,,,,,
big,TS_fix,9,nbC=10;nbV=10;it=100;tabu=7,Greedy,ok,0.002,271267,271267,12583100479,271267,0.991,3577,1,,,,,
big,TSS_fix,0,nbC=10;nbV=10;it=100;tabu=7,Greedy,ok,0.0063,271267,271267,12583100479,271267,0.991,3577,1,,,,,
supra,TS_fix,0,nbC=10;nbV=10;it=100;tabu=7,Greedy,ok,0.0018,411743,411743,3298148270,411743,0.982,692,1,,,,,
supra,TS_fix,1,nbC=10;nbV=10;it=100;tabu=7,Greedy,ok,0.0019,411743,411743,3298148270,411743,0.982,692,1,,,,,
supra,TS_fix,2,nbC=10;nbV=10;it=100;tabu=7,Greedy,ok,0.0276,411743,411743,3298148270,411743,0.982,692,1,,,,,
supra,TS_fix,3,nbC=10;nbV=10;it=100;tabu=7,Greedy,ok,0.0014,411743,411743,3298148270,411743,0.982,692,1,,,,,
supra,TS_fix,4,nbC=10;nbV=10;it=100;tabu=7,Greedy,ok,0.0015,411743,411743,3298148270,411743,0.982,692,1,,,,,
supra,TS_fix,5,nbC=10;nbV=10;it=100;tabu=7,Greedy,ok,0.002,411743,411743,3298148270,411743,0.982,692,1,,,,,
supra,TS_fix,6,nbC=10;nbV=10;it=100;tabu=7,Greedy,ok,0.0018,411743,411743,3298148270,411743,0.982,692,1,,,,,
supra,TS_fix,7,nbC=10;nbV=10;it=100;tabu=7,Greedy,ok,0.0018,411743,411743,3298148270,411743,0.982,692,1,,,,,
supra,TS_fix,8,nbC=10;nbV=10;it=100;tabu=7,Greedy,ok,0.0151,411743,411743,3298148270,411743,0.982,692,1,,,,,
supra,TS_fix,9,nbC=10;nbV=10;it=100;tabu=7,Greedy,ok,0.0023,411743,411743,3298148270,411743,0.982,692,1,,,,,
supra,TSS_fix,0,nbC=10;nbV=10;it=100;tabu=7,Greedy,ok,0.0029,411743,411743,3298148270,411743,0.982,692,1,,,,,
INSATANC2D,TS_fix,0,nbC=10;nbV=10;it=100;tabu=7,Greedy2,ok,0.0051,54644,54644,1121828031323,54644,0.9996,1984,1,,,,,
INSATANC2D,TS_fix,1,nbC=10;nbV=10;it=100;tabu=7,Greedy2,ok,0.0242,54644,54644,1121828031323,54644,0.9996,1984,1,,,,,
INSATANC2D,TS_fix,2,nbC=10;nbV=10;it=100;tabu=7,Greedy2,ok,0.048,54644,54644,1121828031323,54644,0.9996,1984,1,,,,,
INSATANC2D,TS_fix,3,nbC=10;nbV=10;it=100;tabu=7,Greedy2,ok,0.006,54644,54644,1121828031323,54644,0.9996,1984,1,,,,,
INSATANC2D,TS_fix,4,nbC=10;nbV=10;it=100;tabu=7,Greedy2,ok,0.0165,54644,54644,1121828031323,54644,0.9996,1984,1,,,,,
INSATANC2D,TS_fix,5,nbC=10;nbV=10;it=100;tabu=7,Greedy2,ok,0.0058,54644,54644,1121828031323,54644,0.9996,1984,1,,,,,
INSATANC2D,TS_fix,6,nbC=10;nbV=10;it=100;tabu=7,Greedy2,ok,0.0398,54644,54644,1121828031323,54644,0.9996,1984,1,,,,,
INSATANC2D,TS_fix,7,nbC=10;nbV=10;it=100;tabu=7,Greedy2,ok,0.0087,54644,54644,1121828031323,54644,0.9996,1984,1,,,,,
INSATANC2D,TS_fix,8,nbC=10;nbV=10;it=100;tabu=7,Greedy2,ok,0.025,54644,54644,1121828031323,54644,0.9996,1984,1,,,,,
INSATANC2D,TS_fix,9,nbC=10;nbV=10;it=100;tabu=7,Greedy2,ok,0.0246,54644,54644,1121828031323,54644,0.9996,1984,1,,,,,
INSATANC2D,TSS_fix,0,nbC=10;nbV=10;it=100;tabu=7,Greedy2,ok,0.097,54650,54650,1121810723461,54644,0.9996,1984,1,,,,,
INSTANCED,TS_fix,0,nbC=10;nbV=10;it=100;tabu=7,Greedy2,ok,0.1146,1138318,1138318,134686274477,1138318,0.9808,372,1,,,,,
INSTANCED,TS_fix,1,nbC=10;nbV=10;it=100;tabu=7,Greedy2,ok,0.0232,1138318,1138318,134686274477,1138318,0.9808,372,1,,,,,
INSTANCED,TS_fix,2,nbC=10;nbV=10;it=100;tabu=7,Greedy2,ok,0.6153,1138318,1138318,134686274477,1138318,0.9808,372,1,,,,,
INSTANCED,TS_fix,3,nbC=10;nbV=10;it=100;tabu=7,Greedy2,ok,0.0125,1138318,1138318,134686274477,1138318,0.9808,372,1,,,,,
INSTANCED,TS_fix,4,nbC=10;nbV=10;it=100;tabu=7,Greedy2,ok,0.1287,1138318,1138318,134686274477,1138318,0.9808,372,1,,,,,
INSTANCED,TS_fix,5,nbC=10;nbV=10;it=100;tabu=7,Greedy2,ok,0.067,1138318,1138318,134686274477,1138318,0.9808,372,1,,,,,
INSTANCED,TS_fix,6,nbC=10;nbV=10;it=100;tabu=7,Greedy2,ok,0.2772,1138318,1138318,134686274477,1138318,0.9808,372,1,,,,,
INSTANCED,TS_fix,7,nbC=10;nbV=10;it=100;tabu=7,Greedy2,ok,0.0358,1138318,1138318,134686274477,1138318,0.9808,372,1,,,,,
INSTANCED,TS_fix,8,nbC=10;nbV=10;it=100;tabu=7,Greedy2,ok,0.0244,1138318,1138318,134686274477,1138318,0.9808,372,1,,,,,
INSTANCED,TS_fix,9,nbC=10;nbV=10;it=100;tabu=7,Greedy2,ok,0.0982,1138318,1138318,134686274477,1138318,0.9808,372,1,,,,,
INSTANCED,TSS_fix,0,nbC=10;nbV=10;it=100;tabu=7,Greedy2,ok,0.0841,1138318,1138318,134686274477,1138318,0.9808,372,1,,,,,
2_2_2_1,TS_fix,0,nbC=10;nbV=10;it=100;tabu=7,Greedy,ok,0.0008,951327,951327,460000,951327,1.0,1,1,,,,,
2_2_2_1,TS_fix,1,nbC=10;nbV=10;it=100;tabu=7,Greedy,ok,0.001,951327,951327,460000,951327,1.0,1,1,,,,,
2_2_2_1,TS_fix,2,nbC=10;nbV=10;it=100;tabu=7,Greedy,ok,0.0019,951327,951327,460000,951327,1.0,1,1,,,,,
2_2_2_1,TS_fix,3,nbC=10;nbV=10;it=100;tabu=7,Greedy,ok,0.0008,951327,951327,460000,951327,1.0,1,1,,,,,
2_2_2_1,TS_fix,4,nbC=10;nbV=10;it=100;tabu=7,Greedy,ok,0.0008,951327,951327,460000,951327,1.0,1,1,,,,,
2_2_2_1,TS_fix,5,nbC=10;nbV=10;it=100;tabu=7,Greedy,ok,0.001,951327,951327,460000,951327,1.0,1,1,,,,,
2_2_2_1,TS_fix,6,nbC=10;nbV=10;it=100;tabu=7,Greedy,ok,0.0008,951327,951327,460000,951327,1.0,1,1,,,,,
2_2_2_1,TS_fix,7,nbC=10;nbV=10;it=100;tabu=7,Greedy,ok,0.002,951327,951327,460000,951327,1.0,1,1,,,,,
2_2_2_1,TS_fix,8,nbC=10;nbV=10;it=100;tabu=7,Greedy,ok,0.0009,951327,951327,460000,951327,1.0,1,1,,,,,
2_2_2_1,TS_fix,9,nbC=10;nbV=10;it=100;tabu=7,Greedy,ok,0.03,951327,951327,460000,951327,1.0,1,1,,,,,
2_2_2_1,TSS_fix,0,nbC=10;nbV=10;it=100;tabu=7,Greedy,ok,0.0015,951327,951327,460000,951327,1.0,1,1,,,,,
4_2_4_2,TS_fix,0,nbC=10;nbV=10;it=100;tabu=7,Greedy,ok,0.0051,982271,982271,487042,655321,1.0,4,1,,,,,
4_2_4_2,TS_fix,1,nbC=10;nbV=10;it=100;tabu=7,Greedy,ok,0.0009,655321,655321,9469021,655321,0.5,2,1,,,,,
4_2_4_2,TS_fix,2,nbC=10;nbV=10;it=100;tabu=7,Greedy,ok,0.0014,982271,982271,487042,655321,1.0,4,1,,,,,
4_2_4_2,TS_fix,3,nbC=10;nbV=10;it=100;tabu=7,Greedy,ok,0.0011,982271,982271,487042,655321,0.7625,4,1,,,,,
4_2_4_2,TS_fix,4,nbC=10;nbV=10;it=100;tabu=7,Greedy,ok,0.001,982271,982271,487042,655321,0.7625,4,1,,,,,
4_2_4_2,TS_fix,5,nbC=10;nbV=10;it=100;tabu=7,Greedy,ok,0.0011,982271,982271,487042,655321,0.7625,4,1,,,,,
4_2_4_2,TS_fix,6,nbC=10;nbV=10;it=100;tabu=7,Greedy,ok,0.001,655321,655321,9469021,655321,0.5,2,1,,,,,
4_2_4_2,TS_fix,7,nbC=10;nbV=10;it=100;tabu=7,Greedy,ok,0.0009,982271,982271,487042,655321,1.0,4,1,,,,,
4_2_4_2,TS_fix,8,nbC=10;nbV=10;it=100;tabu=7,Greedy,ok,0.0011,982271,982271,487042,655321,1.0,4,1,,,,,
4_2_4_2,TS_fix,9,nbC=10;nbV=10;it=100;tabu=7,Greedy,ok,0.0089,655321,655321,9469021,655321,0.5,2,1,,,,,
4_2_4_2,TSS_fix,0,nbC=10;nbV=10;it=100;tabu=7,Greedy,ok,0.1087,982271,982271,487042,655321,1.0,4,1,,,,,
6_2_6_2,TS_fix,0,nbC=10;nbV=10;it=100;tabu=7,Greedy,ok,0.0038,998499,998499,89997,499524,1.0,6,1,,,,,
6_2_6_2,TS_fix,1,nbC=10;nbV=10;it=100;tabu=7,Greedy,ok,0.0313,832174,832174,10068998,499524,1.0,6,1,,,,,
6_2_6_2,TS_fix,2,nbC=10;nbV=10;it=100;tabu=7,Greedy,ok,0.0087,998499,998499,89997,499524,1.0,6,1,,,,,
6_2_6_2,TS_fix,3,nbC=10;nbV=10;it=100;tabu=7,Greedy,ok,0.018,998499,998499,89997,499524,1.0,6,1,,,,,
6_2_6_2,TS_fix,4,nbC=10;nbV=10;it=100;tabu=7,Greedy,ok,0.0028,832174,832174,10068998,499524,1.0,6,1,,,,,
6_2_6_2,TS_fix,5,nbC=10;nbV=10;it=100;tabu=7,Greedy,ok,0.0148,998499,998499,89997,499524,1.0,6,1,,,,,
6_2_6_2,TS_fix,6,nbC=10;nbV=10;it=100;tabu=7,Greedy,ok,0.0049,832174,832174,10068998,499524,1.0,6,1,,,,,
6_2_6_2,TS_fix,7,nbC=10;nbV=10;it=100;tabu=7,Greedy,ok,0.021,998499,998499,89997,499524,1.0,6,1,,,,,
6_2_6_2,TS_fix,8,nbC=10;nbV=10;it=100;tabu=7,Greedy,ok,0.0035,998499,998499,89997,499524,1.0,6,1,,,,,
6_2_6_2,TS_fix,9,nbC=10;nbV=10;it=100;tabu=7,Greedy,ok,0.0044,832174,832174,10068998,499524,1.0,6,1,,,,,
6_2_6_2,TSS_fix,0,nbC=10;nbV=10;it=100;tabu=7,Greedy,ok,0.0019,998499,998499,89997,499524,1.0,6,1,,,,,
8_2_8_2,TS_fix,0,nbC=10;nbV=10;it=100;tabu=7,Greedy,ok,0.0042,857014,857014,9081577,567228,0.8812,8,1,,,,,
8_2_8_2,TS_fix,1,nbC=10;nbV=10;it=100;tabu=7,Greedy,ok,0.0032,857014,857014,9081577,567228,0.8812,8,1,,,,,
8_2_8_2,TS_fix,2,nbC=10;nbV=10;it=100;tabu=7,Greedy,ok,0.0076,857014,857014,9081577,567228,0.8812,8,1,,,,,
8_2_8_2,TS_fix,3,nbC=10;nbV=10;it=100;tabu=7,Greedy,ok,0.0035,991480,991480,541126,567228,1.0,8,1,,,,,
8_2_8_2,TS_fix,4,nbC=10;nbV=10;it=100;tabu=7,Greedy,ok,0.0034,991480,991480,541126,567228,1.0,8,1,,,,,
8_2_8_2,TS_fix,5,nbC=10;nbV=10;it=100;tabu=7,Greedy,ok,0.0043,857014,857014,9081577,567228,0.8812,8,1,,,,,
8_2_8_2,TS_fix,6,nbC=10;nbV=10;it=100;tabu=7,Greedy,ok,0.0038,991480,991480,541126,567228,1.0,8,1,,,,,
8_2_8_2,TS_fix,7,nbC=10;nbV=10;it=100;tabu=7,Greedy,ok,0.0034,991480,991480,541126,567228,1.0,8,1,,,,,
8_2_8_2,TS_fix,8,nbC=10;nbV=10;it=100;tabu=7,Greedy,ok,0.0033,857014,857014,9081577,567228,0.8812,8,1,,,,,
8_2_8_2,TS_fix,9,nbC=10;nbV=10;it=100;tabu=7,Greedy,ok,0.0033,991480,991480,541126,567228,1.0,8,1,,,,,
8_2_8_2,TSS_fix,0,nbC=10;nbV=10;it=100;tabu=7,Greedy,ok,0.0023,991480,991480,541126,567228,1.0,8,1,,,,,
20_2_20_2,TS_fix,0,nbC=10;nbV=10;it=100;tabu=7,Greedy,ok,0.006,524928,524928,81541189,524928,0.5,10,1,,,,,
20_2_20_2,TS_fix,1,nbC=10;nbV=10;it=100;tabu=7,Greedy,ok,0.0046,524928,524928,81541189,524928,0.5,10,1,,,,,
20_2_20_2,TS_fix,2,nbC=10;nbV=10;it=100;tabu=7,Greedy,ok,0.0041,524928,524928,81541189,524928,0.5,10,1,,,,,
20_2_20_2,TS_fix,3,nbC=10;nbV=10;it=100;tabu=7,Greedy,ok,0.0046,524928,524928,81541189,524928,0.5,10,1,,,,,
20_2_20_2,TS_fix,4,nbC=10;nbV=10;it=100;tabu=7,Greedy,ok,0.0043,524928,524928,81541189,524928,0.5,10,1,,,,,
20_2_20_2,TS_fix,5,nbC=10;nbV=10;it=100;tabu=7,Greedy,ok,0.0046,524928,524928,81541189,524928,0.5,10,1,,,,,
20_2_20_2,TS_fix,6,nbC=10;nbV=10;it=100;tabu=7,Greedy,ok,0.0041,524928,524928,81541189,524928,0.5,10,1,,,,,
20_2_20_2,TS_fix,7,nbC=10;nbV=10;it=100;tabu=7,Greedy,ok,0.0042,524928,524928,81541189,524928,0.5,10,1,,,,,
20_2_20_2,TS_fix,8,nbC=10;nbV=10;it=100;tabu=7,Greedy,ok,0.0078,524928,524928,81541189,524928,0.5,10,1,,,,,
20_2_20_2,TS_fix,9,nbC=10;nbV=10;it=100;tabu=7,Greedy,ok,0.0077,524928,524928,81541189,524928,0.5,10,1,,,,,
20_2_20_2,TSS_fix,0,nbC=10;nbV=10;it=100;tabu=7,Greedy,ok,0.0041,524928,524928,81541189,524928,0.5,10,1,,,,,
10000_500_100000_100,TS_fix,6,nbC=10;nbV=10;it=100;tabu=7,Greedy,ok,0.1827,1972525,1972525,6255610,1972501,0.9999,49965,1,,,,,
realistic_large_clustered,TS_fix,0,nbC=10;nbV=10;it=100;tabu=7,Greedy,ok,0.0171,728718,728718,138782897684,728718,0.9997,25756,1,,,,,
realistic_large_clustered,TS_fix,1,nbC=10;nbV=10;it=100;tabu=7,Greedy,ok,0.1308,728718,728718,138782897684,728718,0.9997,25756,1,,,,,
realistic_large_clustered,TS_fix,2,nbC=10;nbV=10;it=100;tabu=7,Greedy,ok,0.0471,728718,728718,138782897684,728718,0.9997,25756,1,,,,,
10000_500_100000_100,TS_fix,7,nbC=10;nbV=10;it=100;tabu=7,Greedy,ok,1.5757,1972794,1972794,6228790,1972501,0.9999,50004,1,,,,,
realistic_large_clustered,TS_fix,3,nbC=10;nbV=10;it=100;tabu=7,Greedy,ok,0.0153,728718,728718,138782897684,728718,0.9997,25756,1,,,,,
realistic_large_clustered,TS_fix,4,nbC=10;nbV=10;it=100;tabu=7,Greedy,ok,0.0449,728718,728718,138782897684,728718,0.9997,25756,1,,,,,
realistic_large_clustered,TS_fix,5,nbC=10;nbV=10;it=100;tabu=7,Greedy,ok,0.0311,728718,728718,138782897684,728718,0.9997,25756,1,,,,,
realistic_large_clustered,TS_fix,6,nbC=10;nbV=10;it=100;tabu=7,Greedy,ok,0.0134,728718,728718,138782897684,728718,0.9997,25756,1,,,,,
realistic_large_clustered,TS_fix,7,nbC=10;nbV=10;it=100;tabu=7,Greedy,ok,0.0129,728718,728718,138782897684,728718,0.9997,25756,1,,,,,
realistic_large_clustered,TS_fix,8,nbC=10;nbV=10;it=100;tabu=7,Greedy,ok,0.0287,728718,728718,138782897684,728718,0.9997,25756,1,,,,,
10000_500_100000_100,TS_fix,8,nbC=10;nbV=10;it=100;tabu=7,Greedy,ok,1.0642,1972977,1972977,6210491,1972501,0.9998,50004,1,,,,,
realistic_large_clustered,TS_fix,9,nbC=10;nbV=10;it=100;tabu=7,Greedy,ok,0.0645,728718,728718,138782897684,728718,0.9997,25756,1,,,,,
realistic_large_clustered,TSS_fix,0,nbC=10;nbV=10;it=100;tabu=7,Greedy,ok,81.153,728726,728726,138778965246,728718,0.9996,25755,1,,,,,
10000_500_100000_100,TS_fix,9,nbC=10;nbV=10;it=100;tabu=7,Greedy,ok,1.4064,1972907,1972907,6217499,1972501,0.9998,50004,1,,,,,
realistic_large_random,TS_fix,0,nbC=10;nbV=10;it=100;tabu=7,Greedy,ok,0.0248,720314,720314,139859974179,720314,0.9997,25819,1,,,,,
realistic_large_random,TS_fix,1,nbC=10;nbV=10;it=100;tabu=7,Greedy,ok,0.0781,720314,720314,139859974179,720314,0.9997,25819,1,,,,,
10000_500_100000_100,TSS_fix,0,nbC=10;nbV=10;it=100;tabu=7,Greedy,ok,1.9073,1972503,1972503,6257801,1972501,1.0,49968,1,,,,,
dense,TS_fix,0,nbC=10;nbV=10;it=100;tabu=7,Greedy,ok,0.0034,69683,69683,1443050753,69683,1.0,744,1,,,,,
realistic_large_random,TS_fix,2,nbC=10;nbV=10;it=100;tabu=7,Greedy,ok,0.0566,720314,720314,139859974179,720314,0.9997,25819,1,,,,,
dense,TS_fix,1,nbC=10;nbV=10;it=100;tabu=7,Greedy,ok,0.0031,69683,69683,1443050753,69683,1.0,744,1,,,,,
dense,TS_fix,2,nbC=10;nbV=10;it=100;tabu=7,Greedy,ok,0.0029,69683,69683,1443050753,69683,1.0,744,1,,,,,
dense,TS_fix,3,nbC=10;nbV=10;it=100;tabu=7,Greedy,ok,0.0037,69683,69683,1443050753,69683,1.0,744,1,,,,,
dense,TS_fix,4,nbC=10;nbV=10;it=100;tabu=7,Greedy,ok,0.006,69683,69683,1443050753,69683,1.0,744,1,,,,,
dense,TS_fix,5,nbC=10;nbV=10;it=100;tabu=7,Greedy,ok,0.0025,69683,69683,1443050753,69683,1.0,744,1,,,,,
dense,TS_fix,6,nbC=10;nbV=10;it=100;tabu=7,Greedy,ok,0.0026,69683,69683,1443050753,69683,1.0,744,1,,,,,
dense,TS_fix,7,nbC=10;nbV=10;it=100;tabu=7,Greedy,ok,0.0033,69683,69683,1443050753,69683,1.0,744,1,,,,,
dense,TS_fix,8,nbC=10;nbV=10;it=100;tabu=7,Greedy,ok,0.0325,69683,69683,1443050753,69683,1.0,744,1,,,,,
dense,TS_fix,9,nbC=10;nbV=10;it=100;tabu=7,Greedy,ok,0.0041,69683,69683,1443050753,69683,1.0,744,1,,,,,
dense,TSS_fix,0,nbC=10;nbV=10;it=100;tabu=7,Greedy,ok,0.0208,69683,69683,1443050753,69683,1.0,744,1,,,,,
dense2,TS_fix,0,nbC=10;nbV=10;it=100;tabu=7,Greedy,ok,0.0023,284493,284493,191730589,284493,1.0,100,1,,,,,
dense2,TS_fix,1,nbC=10;nbV=10;it=100;tabu=7,Greedy,ok,0.0031,284493,284493,191730589,284493,1.0,100,1,,,,,
dense2,TS_fix,2,nbC=10;nbV=10;it=100;tabu=7,Greedy,ok,0.0092,284493,284493,191730589,284493,1.0,100,1,,,,,
dense2,TS_fix,3,nbC=10;nbV=10;it=100;tabu=7,Greedy,ok,0.0024,284493,284493,191730589,284493,1.0,100,1,,,,,
dense2,TS_fix,4,nbC=10;nbV=10;it=100;tabu=7,Greedy,ok,0.0045,284493,284493,191730589,284493,1.0,100,1,,,,,
dense2,TS_fix,5,nbC=10;nbV=10;it=100;tabu=7,Greedy,ok,0.0025,284493,284493,191730589,284493,1.0,100,1,,,,,
dense2,TS_fix,6,nbC=10;nbV=10;it=100;tabu=7,Greedy,ok,0.0025,284493,284493,191730589,284493,1.0,100,1,,,,,
dense2,TS_fix,7,nbC=10;nbV=10;it=100;tabu=7,Greedy,ok,0.0026,284493,284493,191730589,284493,1.0,100,1,,,,,
dense2,TS_fix,8,nbC=10;nbV=10;it=100;tabu=7,Greedy,ok,0.0025,284493,284493,191730589,284493,1.0,100,1,,,,,
dense2,TS_fix,9,nbC=10;nbV=10;it=100;tabu=7,Greedy,ok,0.0029,284493,284493,191730589,284493,1.0,100,1,,,,,
dense2,TSS_fix,0,nbC=10;nbV=10;it=100;tabu=7,Greedy,ok,0.0199,284493,284493,191730589,284493,1.0,100,1,,,,,
medium_mixed_lambda,TS_fix,0,nbC=10;nbV=10;it=100;tabu=7,Greedy2,ok,0.0083,18347,18347,11717265332,18347,0.9989,135,1,,,,,
medium_mixed_lambda,TS_fix,1,nbC=10;nbV=10;it=100;tabu=7,Greedy2,ok,0.0171,18425,18425,11715623839,18347,0.992,136,1,,,,,
medium_mixed_lambda,TS_fix,2,nbC=10;nbV=10;it=100;tabu=7,Greedy2,ok,0.0037,18347,18347,11717265332,18347,0.9989,135,1,,,,,
medium_mixed_lambda,TS_fix,3,nbC=10;nbV=10;it=100;tabu=7,Greedy2,ok,0.004,18347,18347,11717265332,18347,0.9989,135,1,,,,,
medium_mixed_lambda,TS_fix,4,nbC=10;nbV=10;it=100;tabu=7,Greedy2,ok,0.0156,18430,18430,11715518383,18347,0.9969,136,1,,,,,
medium_mixed_lambda,TS_fix,5,nbC=10;nbV=10;it=100;tabu=7,Greedy2,ok,0.0047,18347,18347,11717265332,18347,0.9989,135,1,,,,,
medium_mixed_lambda,TS_fix,6,nbC=10;nbV=10;it=100;tabu=7,Greedy2,ok,0.0249,18347,18347,11717265332,18347,0.9989,135,1,,,,,
medium_mixed_lambda,TS_fix,7,nbC=10;nbV=10;it=100;tabu=7,Greedy2,ok,0.0431,18347,18347,11717265332,18347,0.9989,135,1,,,,,
medium_mixed_lambda,TS_fix,8,nbC=10;nbV=10;it=100;tabu=7,Greedy2,ok,0.0057,18347,18347,11717265332,18347,0.9989,135,1,,,,,
medium_mixed_lambda,TS_fix,9,nbC=10;nbV=10;it=100;tabu=7,Greedy2,ok,0.0475,18847,18847,11706727991,18347,0.9918,141,1,,,,,
medium_mixed_lambda,TSS_fix,0,nbC=10;nbV=10;it=100;tabu=7,Greedy2,ok,0.3708,18347,18347,11717265332,18347,0.9989,135,1,,,,,
realistic_large_random,TS_fix,3,nbC=10;nbV=10;it=100;tabu=7,Greedy,ok,0.0183,720314,720314,139859974179,720314,0.9997,25819,1,,,,,
medium_skew_dense_dejavu,TS_fix,0,nbC=10;nbV=10;it=100;tabu=7,Greedy2,ok,0.9955,81646,81646,150691238311,80680,0.9989,555,1,,,,,
medium_skew_dense_dejavu,TS_fix,1,nbC=10;nbV=10;it=100;tabu=7,Greedy2,ok,0.2536,80906,80906,150958947726,80680,0.9992,545,1,,,,,
realistic_large_random,TS_fix,4,nbC=10;nbV=10;it=100;tabu=7,Greedy,ok,0.0235,720314,720314,139859974179,720314,0.9997,25819,1,,,,,
medium_skew_dense_dejavu,TS_fix,2,nbC=10;nbV=10;it=100;tabu=7,Greedy2,ok,0.1746,80680,80680,151040629679,80680,0.9994,541,1,,,,,
medium_skew_dense_dejavu,TS_fix,3,nbC=10;nbV=10;it=100;tabu=7,Greedy2,ok,0.1991,80705,80705,151031640988,80680,0.9994,543,1,,,,,
medium_skew_dense_dejavu,TS_fix,4,nbC=10;nbV=10;it=100;tabu=7,Greedy2,ok,0.2785,80932,80932,150949443860,80680,0.9979,546,1,,,,,
medium_skew_dense_dejavu,TS_fix,5,nbC=10;nbV=10;it=100;tabu=7,Greedy2,ok,0.0329,80680,80680,151040629679,80680,0.9994,541,1,,,,,
realistic_large_random,TS_fix,5,nbC=10;nbV=10;it=100;tabu=7,Greedy,ok,0.0419,720314,720314,139859974179,720314,0.9997,25819,1,,,,,
medium_skew_dense_dejavu,TS_fix,6,nbC=10;nbV=10;it=100;tabu=7,Greedy2,ok,0.0219,80680,80680,151040629679,80680,0.9994,541,1,,,,,
medium_skew_dense_dejavu,TS_fix,7,nbC=10;nbV=10;it=100;tabu=7,Greedy2,ok,0.0593,80680,80680,151040629679,80680,0.9994,541,1,,,,,
medium_skew_dense_dejavu,TS_fix,8,nbC=10;nbV=10;it=100;tabu=7,Greedy2,ok,0.1123,80680,80680,151040629679,80680,0.9994,541,1,,,,,
medium_skew_dense_dejavu,TS_fix,9,nbC=10;nbV=10;it=100;tabu=7,Greedy2,ok,0.7449,81796,81796,150636772150,80680,0.9992,559,1,,,,,
realistic_large_random,TS_fix,6,nbC=10;nbV=10;it=100;tabu=7,Greedy,ok,0.0151,720314,720314,139859974179,720314,0.9997,25819,1,,,,,
medium_skew_dense_dejavu,TSS_fix,0,nbC=10;nbV=10;it=100;tabu=7,Greedy2,ok,6.5464,80860,80860,150975467043,80680,0.9989,541,1,,,,,
medium_skew_sparse_lambda,TS_fix,0,nbC=10;nbV=10;it=100;tabu=7,Greedy2,ok,0.0023,16564,16564,4007268578,16564,0.9984,141,1,,,,,
medium_skew_sparse_lambda,TS_fix,1,nbC=10;nbV=10;it=100;tabu=7,Greedy2,ok,0.0048,16564,16564,4007268578,16564,0.9984,141,1,,,,,
medium_skew_sparse_lambda,TS_fix,2,nbC=10;nbV=10;it=100;tabu=7,Greedy2,ok,0.0056,16564,16564,4007268578,16564,0.9984,141,1,,,,,
medium_skew_sparse_lambda,TS_fix,3,nbC=10;nbV=10;it=100;tabu=7,Greedy2,ok,0.0098,16626,16626,4006792161,16564,0.998,143,1,,,,,
medium_skew_sparse_lambda,TS_fix,4,nbC=10;nbV=10;it=100;tabu=7,Greedy2,ok,0.0052,16564,16564,4007268578,16564,0.9984,141,1,,,,,
medium_skew_sparse_lambda,TS_fix,5,nbC=10;nbV=10;it=100;tabu=7,Greedy2,ok,0.0112,16696,16696,4006252254,16564,0.9975,145,1,,,,,
medium_skew_sparse_lambda,TS_fix,6,nbC=10;nbV=10;it=100;tabu=7,Greedy2,ok,0.0033,16564,16564,4007268578,16564,0.9984,141,1,,,,,
medium_skew_sparse_lambda,TS_fix,7,nbC=10;nbV=10;it=100;tabu=7,Greedy2,ok,0.0022,16564,16564,4007268578,16564,0.9984,141,1,,,,,
medium_skew_sparse_lambda,TS_fix,8,nbC=10;nbV=10;it=100;tabu=7,Greedy2,ok,0.0022,16564,16564,4007268578,16564,0.9984,141,1,,,,,
medium_skew_sparse_lambda,TS_fix,9,nbC=10;nbV=10;it=100;tabu=7,Greedy2,ok,0.0037,16564,16564,4007268578,16564,0.9984,141,1,,,,,
medium_skew_sparse_lambda,TSS_fix,0,nbC=10;nbV=10;it=100;tabu=7,Greedy2,ok,0.1792,16573,16573,4007192827,16564,0.9977,141,1,,,,,
realistic_large_random,TS_fix,7,nbC=10;nbV=10;it=100;tabu=7,Greedy,ok,0.0133,720314,720314,139859974179,720314,0.9997,25819,1,,,,,
medium_flat_dense_dejavu,TS_fix,0,nbC=10;nbV=10;it=100;tabu=7,Greedy2,ok,0.1146,36479,36479,1185044655783,36479,0.9997,551,1,,,,,
medium_flat_dense_dejavu,TS_fix,1,nbC=10;nbV=10;it=100;tabu=7,Greedy2,ok,0.4774,36947,36947,1183845807294,36479,0.999,559,1,,,,,
medium_flat_dense_dejavu,TS_fix,2,nbC=10;nbV=10;it=100;tabu=7,Greedy2,ok,0.1196,36598,36598,1184739197133,36479,0.9996,553,1,,,,,
medium_flat_dense_dejavu,TS_fix,3,nbC=10;nbV=10;it=100;tabu=7,Greedy2,ok,1.001,36929,36929,1183892412584,36479,0.9989,560,1,,,,,
realistic_large_random,TS_fix,8,nbC=10;nbV=10;it=100;tabu=7,Greedy,ok,0.0152,720314,720314,139859974179,720314,0.9997,25819,1,,,,,
medium_flat_dense_dejavu,TS_fix,4,nbC=10;nbV=10;it=100;tabu=7,Greedy2,ok,0.0805,36479,36479,1185044655783,36479,0.9997,551,1,,,,,
medium_flat_dense_dejavu,TS_fix,5,nbC=10;nbV=10;it=100;tabu=7,Greedy2,ok,0.1009,36479,36479,1185044655783,36479,0.9997,551,1,,,,,
medium_flat_dense_dejavu,TS_fix,6,nbC=10;nbV=10;it=100;tabu=7,Greedy2,ok,0.1939,36605,36605,1184722934058,36479,0.9997,553,1,,,,,
medium_flat_dense_dejavu,TS_fix,7,nbC=10;nbV=10;it=100;tabu=7,Greedy2,ok,0.0277,36479,36479,1185044655783,36479,0.9997,551,1,,,,,
realistic_large_random,TS_fix,9,nbC=10;nbV=10;it=100;tabu=7,Greedy,ok,0.0327,720314,720314,139859974179,720314,0.9997,25819,1,,,,,
medium_flat_dense_dejavu,TS_fix,8,nbC=10;nbV=10;it=100;tabu=7,Greedy2,ok,0.5875,36920,36920,1183916153452,36479,0.9991,560,1,,,,,
medium_flat_dense_dejavu,TS_fix,9,nbC=10;nbV=10;it=100;tabu=7,Greedy2,ok,0.1347,36544,36544,1184879154117,36479,0.9995,552,1,,,,,
medium_flat_dense_dejavu,TSS_fix,0,nbC=10;nbV=10;it=100;tabu=7,Greedy2,ok,3.2377,36479,36479,1185044655783,36479,0.9997,551,1,,,,,
medium_flat_sparse_lambda,TS_fix,0,nbC=10;nbV=10;it=100;tabu=7,Greedy,ok,0.0225,4019,4019,37706897094,3981,0.9981,152,1,,,,,
medium_flat_sparse_lambda,TS_fix,1,nbC=10;nbV=10;it=100;tabu=7,Greedy,ok,0.0118,3981,3981,37709355071,3981,0.9984,151,1,,,,,
medium_flat_sparse_lambda,TS_fix,2,nbC=10;nbV=10;it=100;tabu=7,Greedy,ok,0.008,3981,3981,37709355071,3981,0.9984,151,1,,,,,
medium_flat_sparse_lambda,TS_fix,3,nbC=10;nbV=10;it=100;tabu=7,Greedy,ok,0.0071,3981,3981,37709355071,3981,0.9984,151,1,,,,,
medium_flat_sparse_lambda,TS_fix,4,nbC=10;nbV=10;it=100;tabu=7,Greedy,ok,0.0066,3981,3981,37709355071,3981,0.9984,151,1,,,,,
medium_flat_sparse_lambda,TS_fix,5,nbC=10;nbV=10;it=100;tabu=7,Greedy,ok,0.0264,4034,4034,37705882103,3981,0.998,153,1,,,,,
medium_flat_sparse_lambda,TS_fix,6,nbC=10;nbV=10;it=100;tabu=7,Greedy,ok,0.0212,3981,3981,37709355071,3981,0.9984,151,1,,,,,
medium_flat_sparse_lambda,TS_fix,7,nbC=10;nbV=10;it=100;tabu=7,Greedy,ok,0.0062,3981,3981,37709355071,3981,0.9984,151,1,,,,,
medium_flat_sparse_lambda,TS_fix,8,nbC=10;nbV=10;it=100;tabu=7,Greedy,ok,0.0064,3981,3981,37709355071,3981,0.9984,151,1,,,,,
medium_flat_sparse_lambda,TS_fix,9,nbC=10;nbV=10;it=100;tabu=7,Greedy,ok,0.0063,3981,3981,37709355071,3981,0.9984,151,1,,,,,
medium_flat_sparse_lambda,TSS_fix,0,nbC=10;nbV=10;it=100;tabu=7,Greedy,ok,0.0285,3981,3981,37709355071,3981,0.9984,151,1,,,,,
realistic_large_random,TSS_fix,0,nbC=10;nbV=10;it=100;tabu=7,Greedy,ok,66.0295,720322,720322,139855991664,720314,0.9996,25819,1,,,,,
kittens,LS_fix,0,nbC=10;nbV=10;it=5,Greedy2,ok,140.8059,858869,858869,635774937003,858869,0.998,6392,1,,,,,
me_at_the_zoo,LS_fix,0,nbC=10;nbV=10;it=5,Greedy,ok,0.0032,471938,471938,7309330,471938,0.952,51,1,,,,,
trending_today,LS_fix,0,nbC=10;nbV=10;it=5,Greedy2,ok,98.9838,499991,499991,50055568100,499991,0.9993,9996,1,,,,,
videos_worth_spreading,LS_fix,0,nbC=10;nbV=10;it=5,Greedy,ok,3.2659,484449,484449,229234715639,484419,0.9997,3508,1,,,,,
custom_dejavu42,LS_fix,0,nbC=10;nbV=10;it=5,Greedy2,ok,15.6503,19097,19097,3510808301897,19051,0.9992,722,1,,,,,
custom_universallambda42,LS_fix,0,nbC=10;nbV=10;it=5,Greedy,ok,40.0861,185808,185808,5363280665228,185469,1.0,874,1,,,,,
custom_universallambda42_asymmetric,LS_fix,0,nbC=10;nbV=10;it=5,Greedy,ok,114.6204,223919,223919,8584502373,223919,0.252,1106,1,,,,,
instance1,LS_fix,0,nbC=10;nbV=10;it=5,Greedy2,ok,8.7481,1247191,1247191,30190835,1247139,1.0,5026,1,,,,,
instance2,LS_fix,0,nbC=10;nbV=10;it=5,Greedy,ok,19.1667,1494065,1494065,36537162,1494057,0.9996,7523,1,,,,,
4990_246_84901_50,LS_fix,0,nbC=10;nbV=10;it=5,Greedy2,ok,23.0597,1230043,1230043,61849339,1212071,0.5865,4994,1,,,,,
6970_311_100000_69,LS_fix,0,nbC=10;nbV=10;it=5,Greedy,ok,33.6914,1255925,1255925,66818468,1255923,1.0,27584,1,,,,,
