,INSTANCES FOURNIES PAR GOOGLE,,,,,,,,,,,,,,,,,,,,,,,,Classement hashcode,
,,,,,,,,,,,,,,,13,,,,,,,,,,Classement,Score
instance \ score groupe,VBS,A,B,C,D,E,F,G,H,I,J,K,L,P,Lowest Score,Borne Inf,,,,,,,,,1,2651999
kittens,1025079,1022556,507470,1021696,1022115,967433,964093,858883,,,193260,1025079,,,193260,,,,,,,,,,2,2650005
me_at_the_zoo,516557,507906,301747,512115,507906,505619,497300,491182,,,464429,516557,,,301747,,,,,,,,,,3,2649544
trending_today,500000,499966,327080,499966,499966,499979,499966,499991,,,499797,500000,,,327080,,,,,,,,,,4,2646990
videos_worth_spreading,614545,611597,24748,610596,609385,605129,603656,560579,,,537419,614545,,,24748,,,,,,,,,,5,2646341
,,,,,,,,,,,,,,,,,,,,,,,,,6,2645237
TOTAL,2 656 181,2 642 025,1 161 045,2 644 373,2 639 372,2 578 160,2 565 015,1 551 752,0,0,1 694 905,2 656 181,0,0,,,,,,,,,,,7,2644948
,,,,,,,,,,,,,,,,,,,,,,,,,8,2644019
Classement Hashcode,3,12,1573,10,18,56,66,1272,,,1138,3,,,,,,,,,,,,,9,2642844
Classement Local,,3,9,2,4,5,6,8,13,13,7,1,13,13,,,,,,,,,,,10,2641955
,,,,,,,,,,,,,,,,,,,,,,,,,11,2641125
,,,,,,,,,,,,,,,,,,,,,,,,,12,2641021
,INSTANCES DE LA PROMO,,,,,,,,,,,,,,,,,,,,,,,,13,2640554
,,,,,,,,,,,,,,,,,,,,,,,,,14,2640476
TOTAL,,23 888 988,2 692 842,25 636 316,5 841 451,19 750 179,23 576 321,25 480 481,0,0,12 960 732,5 840 224,0,0,,,,,,,,,,,15,2640301
Classement Local,,3,9,1,7,5,4,2,13,13,6,8,13,13,,,,,,,,,,,16,2639308
,,,,,,,,,,,,,,,,,,,,,,,,,17,2638862
instance \ score groupe,VBS,A,B,C,D,E,F,G,H,I,J,K,L,P,Lowest Score,Borne Inf,,,,,,,,,18,2638613
custom_dejavu42,64697,64697,6679,64548,64428,62583,62279,59794,,,50225,64385,,,6679,,,,,,,,,,19,2638601
custom_universallambda42,1342673,1342673,239241,1341814,1339620,1342549,1341745,1338984,,,1198668,1339375,,,239241,,,,,,,,,,20,2638033
custom_universallambda42_asymmetric,975514,975514,459625,975017,974865,971833,971786,971867,,,141391,974865,,,141391,,,,,,,,,,21,2637842
instance1 (corrigée),1498093,1498093,1364340,1496436,1496448,1496448,1417781,1383174,,,954936,1496236,,,954936,,,,,,,,,,22,2637829
instance2 (corrigée),1971053,1971053,622957,1965727,1966090,1919527,1915567,1884259,,,1368368,1965363,,,622957,,,,,,,,,,23,2637814
4990_246_84901_50.in,1798985,1798880,,1798985,,1733652,1728816,1711923,,,839358,,,,839358,,,,,,,,,,24,2637310
6970_311_100000_69.in,1836469,1836310,,1836469,,1805632,1801898,1774189,,,1252441,,,,1252441,,,,,,,,,,25,2636013
10000_500_100000_100.in,2019441,2019395,,2019433,,2019441,2017043,2006485,,,1120292,,,,1120292,,,,,,,,,,26,2632701
3860_246_84901_66.in,1977713,1976501,,1976566,,1977713,1976032,1969132,,,1230495,,,,1230495,,,,,,,,,,27,2632267
regional_instance.in,2370771,2362511,,2370771,,2366036,2346109,2307011,,,2298160,,,,2298160,,,,,,,,,,28,2629225
zipF_instance.in,1919449,1903658,,1919449,,1906354,1889273,1879209,,,1886973,,,,1879209,,,,,,,,,,29,2628586
big.in,271267,249794,,271267,,249794,249794,271267,,,249794,,,,249794,,,,,,,,,,30,2628109
supra.in,411743,369631,,411743,,369631,369631,411743,,,369631,,,,369631,,,,,,,,,,31,2627501
INSATANC2D.in,249794,131569,,131804,,249794,126093,121406,,,,,,,121406,,,,,,,,,,32,2625970
INSTANCED.in,1283215,1272204,,1281461,,1279192,1271986,1283215,,,,,,,1271986,,,,,,,,,,33,2625294
2_2_2_1.in,951327,47672,,951327,,,47672,951327,,,,,,,47672,,,,,,,,,,34,2624840
4_2_4_2.in,671392,344442,,655321,,,344442,671392,,,,,,,344442,,,,,,,,,,35,2620094
6_2_6_2.in,832174,499524,,499524,,,499524,832174,,,,,,,499524,,,,,,,,,,36,2620067
8_2_8_2.in,857014,432762,,567228,,,432762,857014,,,,,,,432762,,,,,,,,,,37,2618848
20_2_20_2.in,524928,475171,,524928,,,475171,524928,,,,,,,475171,,,,,,,,,,38,2615393
realistic_large_clustered.in,940970,938546,,940970,,,936050,859313,,,,,,,859313,,,,,,,,,,39,2613952
realistic_large_random.in,928138,927815,,928138,,,912052,720314,,,,,,,720314,,,,,,,,,,40,2613263
dense,69683,64132,,69683,,,64155,69683,,,,,,,64132,,,,,,,,,,41,2610393
dense2,284493,33227,,284493,,,33203,284493,,,,,,,33203,,,,,,,,,,42,2606788
medium_mixed_lambda.in,51168,51168,,51 168,,,50028,48705,,,,,,,48705,,,,,,,,,,43,2605493
medium_skew_dense_dejavu.in,146000,146000,,146 000,,,141495,136656,,,,,,,136656,,,,,,,,,,44,2602771
medium_skew_sparse_lambda.in,43262,43262,,43 262,,,42875,41561,,,,,,,41561,,,,,,,,,,45,2599781
medium_flat_dense_dejavu.in,89207,89207,,89 207,,,87574,86267,,,,,,,86267,,,,,,,,,,46,2594772
medium_flat_sparse_lambda.in,23577,23577,,23 577,,,23485,22996,,,,,,,22996,,,,,,,,,,47,2590812
,0,,,,,,,,,,,,,,0,,,,,,,,,,48,2588996
,0,,,,,,,,,,,,,,0,,,,,,,,,,49,2588795
,0,,,,,,,,,,,,,,0,,,,,,,,,,50,2586837
,0,,,,,,,,,,,,,,0,,,,,,,,,,51,2581722
,0,,,,,,,,,,,,,,0,,,,,,,,,,52,2579532
,0,,,,,,,,,,,,,,0,,,,,,,,,,53,2578848
,0,,,,,,,,,,,,,,0,,,,,,,,,,54,2578050
,0,,,,,,,,,,,,,,0,,,,,,,,,,55,2575299
,0,,,,,,,,,,,,,,0,,,,,,,,,,56,2573611
,0,,,,,,,,,,,,,,0,,,,,,,,,,57,2572333
,0,,,,,,,,,,,,,,0,,,,,,,,,,58,2571530
,0,,,,,,,,,,,,,,0,,,,,,,,,,59,2567244
,0,,,,,,,,,,,,,,0,,,,,,,,,,60,2567079
,0,,,,,,,,,,,,,,0,,,,,,,,,,61,2566966
,0,,,,,,,,,,,,,,0,,,,,,,,,,62,2566363
,0,,,,,,,,,,,,,,0,,,,,,,,,,63,2565775
,0,,,,,,,,,,,,,,0,,,,,,,,,,64,2564997
,0,,,,,,,,,,,,,,0,,,,,,,,,,65,2564208
,,,,,,,,,,,,,,,,,,,,,,,,,66,2562761
,,,,,,,,,,,,,,,,,,,,,,,,,67,2562565
,,,,,,,,,,,,,,,,,,,,,,,,,68,2560859
,,,,,,,,,,,,,,,,,,46059,,,,,,,69,2559230
,,,,,,,,,,,,,,,,,,185588,,,,,,,70,2558153
,,,,,,,,,,,,,,,,,,223919,,,,,,,71,2555796
,,,,,,,,,,,,,,,,,,1250902,,,,,,,72,2555259
,,,,,,,,,,,,,,,,,,1884259,,,,,,,73,2554470
,,,,,,,,,,,,,,,,,,1262001,,,,,,,74,2553983
,,,,,,,,,,,,,,,,,,1257721,,,,,,,75,2553560
,,,,,,,,,,,,,,,,,,1972745,,,,,,,76,2552840
,,,,,,,,,,,,,,,,,,1952602,,,,,,,77,2552775
,,,,,,,,,,,,,,,,,,2307580,,,,,,,78,2551210
,,,,,,,,,,,,,,,,,,1879209,,,,,,,79,2549095
,,,,,,,,,,,,,,,,,,271267,,,,,,,80,2547523
,,,,,,,,,,,,,,,,,,411743,,,,,,,81,2547237
,,,,,,,,,,,,,,,,,,121297,,,,,,,82,2546114
,,,,,,,,,,,,,,,,,,1268022,,,,,,,83,2542475
,,,,,,,,,,,,,,,,,,951327,,,,,,,84,2542366
,,,,,,,,,,,,,,,,,,671392,,,,,,,85,2540938
,,,,,,,,,,,,,,,,,,832174,,,,,,,86,2539898
,,,,,,,,,,,,,,,,,,857014,,,,,,,87,2539047
,,,,,,,,,,,,,,,,,,524928,,,,,,,88,2535355
,,,,,,,,,,,,,,,,,,728718,,,,,,,89,2535163
,,,,,,,,,,,,,,,,,,720314,,,,,,,90,2534443
,,,,,,,,,,,,,,,,,,69683,,,,,,,91,2533925
,,,,,,,,,,,,,,,,,,284493,,,,,,,92,2533422
,,,,,,,,,,,,,,,,,,18347,,,,,,,93,2532589
,,,,,,,,,,,,,,,,,,80680,,,,,,,94,2532570
,,,,,,,,,,,,,,,,,,16564,,,,,,,95,2532249
,,,,,,,,,,,,,,,,,,36479,,,,,,,96,2531482
,,,,,,,,,,,,,,,,,,3981,,,,,,,97,2531218
,,,,,,,,,,,,,,,,,,,,,,,,,98,2531059
,,,,,,,,,,,,,,,,,,,,,,,,,99,2530886
,,,,,,,,,,,,,,,,,,,,,,,,,100,2529177
,,,,,,,,,,,,,,,,,,,,,,,,,101,2526950
,,,,,,,,,,,,,,,,,,,,,,,,,102,2523144
,,,,,,,,,,,,,,,,,,,,,,,,,103,2522574
,,,,,,,,,,,,,,,,,,,,,,,,,104,2522306
,,,,,,,,,,,,,,,,,,,,,,,,,105,2518636
,,,,,,,,,,,,,,,,,,,,,,,,,106,2515269
,,,,,,,,,,,,,,,,,,,,,,,,,107,2513752
,,,,,,,,,,,,,,,,,,,,,,,,,108,2513473
,,,,,,,,,,,,,,,,,,,,,,,,,109,2511770
,,,,,,,,,,,,,,,,,,,,,,,,,110,2509585
,,,,,,,,,,,,,,,,,,,,,,,,,111,2505695
,,,,,,,,,,,,,,,,,,,,,,,,,112,2501760
,,,,,,,,,,,,,,,,,,,,,,,,,113,2501192
,,,,,,,,,,,,,,,,,,,,,,,,,114,2499203
,,,,,,,,,,,,,,,,,,,,,,,,,115,2499166
,,,,,,,,,,,,,,,,,,,,,,,,,116,2498169
,,,,,,,,,,,,,,,,,,,,,,,,,117,2497590
,,,,,,,,,,,,,,,,,,,,,,,,,118,2493044
,,,,,,,,,,,,,,,,,,,,,,,,,119,2491745
,,,,,,,,,,,,,,,,,,,,,,,,,120,2491683
,,,,,,,,,,,,,,,,,,,,,,,,,121,2490890
,,,,,,,,,,,,,,,,,,,,,,,,,122,2490442
,,,,,,,,,,,,,,,,,,,,,,,,,123,2488352
,,,,,,,,,,,,,,,,,,,,,,,,,124,2484348
,,,,,,,,,,,,,,,,,,,,,,,,,125,2481418
,,,,,,,,,,,,,,,,,,,,,,,,,126,2477128
,,,,,,,,,,,,,,,,,,,,,,,,,127,2475391
,,,,,,,,,,,,,,,,,,,,,,,,,128,2471618
,,,,,,,,,,,,,,,,,,,,,,,,,129,2467396
,,,,,,,,,,,,,,,,,,,,,,,,,130,2463928
,,,,,,,,,,,,,,,,,,,,,,,,,131,2463855
,,,,,,,,,,,,,,,,,,,,,,,,,132,2462752
,,,,,,,,,,,,,,,,,,,,,,,,,133,2462364
,,,,,,,,,,,,,,,,,,,,,,,,,134,2459877
,,,,,,,,,,,,,,,,,,,,,,,,,135,2457890
,,,,,,,,,,,,,,,,,,,,,,,,,136,2457504
,,,,,,,,,,,,,,,,,,,,,,,,,137,2456622
,,,,,,,,,,,,,,,,,,,,,,,,,138,2455801
,,,,,,,,,,,,,,,,,,,,,,,,,139,2455462
,,,,,,,,,,,,,,,,,,,,,,,,,140,2454273
,,,,,,,,,,,,,,,,,,,,,,,,,141,2451470
,,,,,,,,,,,,,,,,,,,,,,,,,142,2450983
,,,,,,,,,,,,,,,,,,,,,,,,,143,2449213
,,,,,,,,,,,,,,,,,,,,,,,,,144,2449142
,,,,,,,,,,,,,,,,,,,,,,,,,145,2447686
,,,,,,,,,,,,,,,,,,,,,,,,,146,2447587
,,,,,,,,,,,,,,,,,,,,,,,,,147,2447500
,,,,,,,,,,,,,,,,,,,,,,,,,148,2445723
,,,,,,,,,,,,,,,,,,,,,,,,,149,2444759
,,,,,,,,,,,,,,,,,,,,,,,,,150,2440460
,,,,,,,,,,,,,,,,,,,,,,,,,151,2439106
,,,,,,,,,,,,,,,,,,,,,,,,,152,2436017
,,,,,,,,,,,,,,,,,,,,,,,,,153,2434271
,,,,,,,,,,,,,,,,,,,,,,,,,154,2434241
,,,,,,,,,,,,,,,,,,,,,,,,,155,2433442
,,,,,,,,,,,,,,,,,,,,,,,,,156,2428037
,,,,,,,,,,,,,,,,,,,,,,,,,157,2427547
,,,,,,,,,,,,,,,,,,,,,,,,,158,2424857
,,,,,,,,,,,,,,,,,,,,,,,,,159,2424299
,,,,,,,,,,,,,,,,,,,,,,,,,160,2423180
,,,,,,,,,,,,,,,,,,,,,,,,,161,2421914
,,,,,,,,,,,,,,,,,,,,,,,,,162,2421151
,,,,,,,,,,,,,,,,,,,,,,,,,163,2417823
,,,,,,,,,,,,,,,,,,,,,,,,,164,2416068
,,,,,,,,,,,,,,,,,,,,,,,,,165,2414601
,,,,,,,,,,,,,,,,,,,,,,,,,166,2414469
,,,,,,,,,,,,,,,,,,,,,,,,,167,2413610
,,,,,,,,,,,,,,,,,,,,,,,,,168,2412153
,,,,,,,,,,,,,,,,,,,,,,,,,169,2411575
,,,,,,,,,,,,,,,,,,,,,,,,,170,2411558
,,,,,,,,,,,,,,,,,,,,,,,,,171,2410614
,,,,,,,,,,,,,,,,,,,,,,,,,172,2410078
,,,,,,,,,,,,,,,,,,,,,,,,,173,2409412
,,,,,,,,,,,,,,,,,,,,,,,,,174,2408471
,,,,,,,,,,,,,,,,,,,,,,,,,175,2407787
,,,,,,,,,,,,,,,,,,,,,,,,,176,2407406
,,,,,,,,,,,,,,,,,,,,,,,,,177,2406321
,,,,,,,,,,,,,,,,,,,,,,,,,178,2405371
,,,,,,,,,,,,,,,,,,,,,,,,,179,2404222
,,,,,,,,,,,,,,,,,,,,,,,,,180,2403311
,,,,,,,,,,,,,,,,,,,,,,,,,181,2402587
,,,,,,,,,,,,,,,,,,,,,,,,,182,2401654
,,,,,,,,,,,,,,,,,,,,,,,,,183,2401179
,,,,,,,,,,,,,,,,,,,,,,,,,184,2400363
,,,,,,,,,,,,,,,,,,,,,,,,,185,2397939
,,,,,,,,,,,,,,,,,,,,,,,,,186,2396997
,,,,,,,,,,,,,,,,,,,,,,,,,187,2396296
,,,,,,,,,,,,,,,,,,,,,,,,,188,2395950
,,,,,,,,,,,,,,,,,,,,,,,,,189,2394904
,,,,,,,,,,,,,,,,,,,,,,,,,190,2394351
,,,,,,,,,,,,,,,,,,,,,,,,,191,2393529
,,,,,,,,,,,,,,,,,,,,,,,,,192,2391725
,,,,,,,,,,,,,,,,,,,,,,,,,193,2390578
,,,,,,,,,,,,,,,,,,,,,,,,,194,2389278
,,,,,,,,,,,,,,,,,,,,,,,,,195,2383696
,,,,,,,,,,,,,,,,,,,,,,,,,196,2382946
,,,,,,,,,,,,,,,,,,,,,,,,,197,2382932
,,,,,,,,,,,,,,,,,,,,,,,,,198,2382813
,,,,,,,,,,,,,,,,,,,,,,,,,199,2379780
,,,,,,,,,,,,,,,,,,,,,,,,,200,2377425
,,,,,,,,,,,,,,,,,,,,,,,,,201,2377425
,,,,,,,,,,,,,,,,,,,,,,,,,202,2376962
,,,,,,,,,,,,,,,,,,,,,,,,,203,2376701
,,,,,,,,,,,,,,,,,,,,,,,,,204,2376683
,,,,,,,,,,,,,,,,,,,,,,,,,205,2372748
,,,,,,,,,,,,,,,,,,,,,,,,,206,2370620
,,,,,,,,,,,,,,,,,,,,,,,,,207,2370179
,,,,,,,,,,,,,,,,,,,,,,,,,208,2369652
,,,,,,,,,,,,,,,,,,,,,,,,,209,2369562
,,,,,,,,,,,,,,,,,,,,,,,,,210,2368352
,,,,,,,,,,,,,,,,,,,,,,,,,211,2368197
,,,,,,,,,,,,,,,,,,,,,,,,,212,2367902
,,,,,,,,,,,,,,,,,,,,,,,,,213,2366842
,,,,,,,,,,,,,,,,,,,,,,,,,214,2366756
,,,,,,,,,,,,,,,,,,,,,,,,,215,2365572
,,,,,,,,,,,,,,,,,,,,,,,,,216,2365293
,,,,,,,,,,,,,,,,,,,,,,,,,217,2365264
,,,,,,,,,,,,,,,,,,,,,,,,,218,2365087
,,,,,,,,,,,,,,,,,,,,,,,,,219,2364038
,,,,,,,,,,,,,,,,,,,,,,,,,220,2363021
,,,,,,,,,,,,,,,,,,,,,,,,,221,2361620
,,,,,,,,,,,,,,,,,,,,,,,,,222,2361497
,,,,,,,,,,,,,,,,,,,,,,,,,223,2361401
,,,,,,,,,,,,,,,,,,,,,,,,,224,2360463
,,,,,,,,,,,,,,,,,,,,,,,,,225,2359399
,,,,,,,,,,,,,,,,,,,,,,,,,226,2358988
,,,,,,,,,,,,,,,,,,,,,,,,,227,2356944
,,,,,,,,,,,,,,,,,,,,,,,,,228,2356217
,,,,,,,,,,,,,,,,,,,,,,,,,229,2355908
,,,,,,,,,,,,,,,,,,,,,,,,,230,2355819
,,,,,,,,,,,,,,,,,,,,,,,,,231,2355742
,,,,,,,,,,,,,,,,,,,,,,,,,232,2354119
,,,,,,,,,,,,,,,,,,,,,,,,,233,2354009
,,,,,,,,,,,,,,,,,,,,,,,,,234,2353634
,,,,,,,,,,,,,,,,,,,,,,,,,235,2353303
,,,,,,,,,,,,,,,,,,,,,,,,,236,2349040
,,,,,,,,,,,,,,,,,,,,,,,,,237,2348530
,,,,,,,,,,,,,,,,,,,,,,,,,238,2348333
,,,,,,,,,,,,,,,,,,,,,,,,,239,2347685
,,,,,,,,,,,,,,,,,,,,,,,,,240,2346406
,,,,,,,,,,,,,,,,,,,,,,,,,241,2345041
,,,,,,,,,,,,,,,,,,,,,,,,,242,2343677
,,,,,,,,,,,,,,,,,,,,,,,,,243,2342946
,,,,,,,,,,,,,,,,,,,,,,,,,244,2341739
,,,,,,,,,,,,,,,,,,,,,,,,,245,2339134
,,,,,,,,,,,,,,,,,,,,,,,,,246,2338482
,,,,,,,,,,,,,,,,,,,,,,,,,247,2335858
,,,,,,,,,,,,,,,,,,,,,,,,,248,2333284
,,,,,,,,,,,,,,,,,,,,,,,,,249,2331446
,,,,,,,,,,,,,,,,,,,,,,,,,250,2327918
,,,,,,,,,,,,,,,,,,,,,,,,,251,2325844
,,,,,,,,,,,,,,,,,,,,,,,,,252,2325294
,,,,,,,,,,,,,,,,,,,,,,,,,253,2324653
,,,,,,,,,,,,,,,,,,,,,,,,,254,2322658
,,,,,,,,,,,,,,,,,,,,,,,,,255,2317970
,,,,,,,,,,,,,,,,,,,,,,,,,256,2317423
,,,,,,,,,,,,,,,,,,,,,,,,,257,2317181
,,,,,,,,,,,,,,,,,,,,,,,,,258,2316290
,,,,,,,,,,,,,,,,,,,,,,,,,259,2314411
,,,,,,,,,,,,,,,,,,,,,,,,,260,2313173
,,,,,,,,,,,,,,,,,,,,,,,,,261,2310129
,,,,,,,,,,,,,,,,,,,,,,,,,262,2309666
,,,,,,,,,,,,,,,,,,,,,,,,,263,2307461
,,,,,,,,,,,,,,,,,,,,,,,,,264,2307371
,,,,,,,,,,,,,,,,,,,,,,,,,265,2306427
,,,,,,,,,,,,,,,,,,,,,,,,,266,2305472
,,,,,,,,,,,,,,,,,,,,,,,,,267,2303656
,,,,,,,,,,,,,,,,,,,,,,,,,268,2303062
,,,,,,,,,,,,,,,,,,,,,,,,,269,2301675
,,,,,,,,,,,,,,,,,,,,,,,,,270,2297673
,,,,,,,,,,,,,,,,,,,,,,,,,271,2296546
,,,,,,,,,,,,,,,,,,,,,,,,,272,2295638
,,,,,,,,,,,,,,,,,,,,,,,,,273,2294735
,,,,,,,,,,,,,,,,,,,,,,,,,274,2294606
,,,,,,,,,,,,,,,,,,,,,,,,,275,2293820
,,,,,,,,,,,,,,,,,,,,,,,,,276,2291126
,,,,,,,,,,,,,,,,,,,,,,,,,277,2287394
,,,,,,,,,,,,,,,,,,,,,,,,,278,2285484
,,,,,,,,,,,,,,,,,,,,,,,,,279,2284875
,,,,,,,,,,,,,,,,,,,,,,,,,280,2282791
,,,,,,,,,,,,,,,,,,,,,,,,,281,2281479
,,,,,,,,,,,,,,,,,,,,,,,,,282,2278395
,,,,,,,,,,,,,,,,,,,,,,,,,283,2277992
,,,,,,,,,,,,,,,,,,,,,,,,,284,2276533
,,,,,,,,,,,,,,,,,,,,,,,,,285,2276157
,,,,,,,,,,,,,,,,,,,,,,,,,286,2274779
,,,,,,,,,,,,,,,,,,,,,,,,,287,2273913
,,,,,,,,,,,,,,,,,,,,,,,,,288,2272886
,,,,,,,,,,,,,,,,,,,,,,,,,289,2271999
,,,,,,,,,,,,,,,,,,,,,,,,,290,2267009
,,,,,,,,,,,,,,,,,,,,,,,,,291,2266323
,,,,,,,,,,,,,,,,,,,,,,,,,292,2265367
,,,,,,,,,,,,,,,,,,,,,,,,,293,2263712
,,,,,,,,,,,,,,,,,,,,,,,,,294,2263496
,,,,,,,,,,,,,,,,,,,,,,,,,295,2261976
,,,,,,,,,,,,,,,,,,,,,,,,,296,2261070
,,,,,,,,,,,,,,,,,,,,,,,,,297,2259808
,,,,,,,,,,,,,,,,,,,,,,,,,298,2258975
,,,,,,,,,,,,,,,,,,,,,,,,,299,2258809
,,,,,,,,,,,,,,,,,,,,,,,,,300,2257078
,,,,,,,,,,,,,,,,,,,,,,,,,301,2255386
,,,,,,,,,,,,,,,,,,,,,,,,,302,2249507
,,,,,,,,,,,,,,,,,,,,,,,,,303,2249286
,,,,,,,,,,,,,,,,,,,,,,,,,304,2248661
,,,,,,,,,,,,,,,,,,,,,,,,,305,2246758
,,,,,,,,,,,,,,,,,,,,,,,,,306,2245682
,,,,,,,,,,,,,,,,,,,,,,,,,307,2244578
,,,,,,,,,,,,,,,,,,,,,,,,,308,2244353
,,,,,,,,,,,,,,,,,,,,,,,,,309,2244286
,,,,,,,,,,,,,,,,,,,,,,,,,310,2244198
,,,,,,,,,,,,,,,,,,,,,,,,,311,2241232
,,,,,,,,,,,,,,,,,,,,,,,,,312,2240607
,,,,,,,,,,,,,,,,,,,,,,,,,313,2238839
,,,,,,,,,,,,,,,,,,,,,,,,,314,2238519
,,,,,,,,,,,,,,,,,,,,,,,,,315,2238430
,,,,,,,,,,,,,,,,,,,,,,,,,316,2237305
,,,,,,,,,,,,,,,,,,,,,,,,,317,2236630
,,,,,,,,,,,,,,,,,,,,,,,,,318,2233155
,,,,,,,,,,,,,,,,,,,,,,,,,319,2231963
,,,,,,,,,,,,,,,,,,,,,,,,,320,2230781
,,,,,,,,,,,,,,,,,,,,,,,,,321,2228297
,,,,,,,,,,,,,,,,,,,,,,,,,322,2226069
,,,,,,,,,,,,,,,,,,,,,,,,,323,2225708
,,,,,,,,,,,,,,,,,,,,,,,,,324,2224029
,,,,,,,,,,,,,,,,,,,,,,,,,325,2220618
,,,,,,,,,,,,,,,,,,,,,,,,,326,2218582
,,,,,,,,,,,,,,,,,,,,,,,,,327,2217847
,,,,,,,,,,,,,,,,,,,,,,,,,328,2217459
,,,,,,,,,,,,,,,,,,,,,,,,,329,2213051
,,,,,,,,,,,,,,,,,,,,,,,,,330,2212571
,,,,,,,,,,,,,,,,,,,,,,,,,331,2212296
,,,,,,,,,,,,,,,,,,,,,,,,,332,2210960
,,,,,,,,,,,,,,,,,,,,,,,,,333,2210581
,,,,,,,,,,,,,,,,,,,,,,,,,334,2209929
,,,,,,,,,,,,,,,,,,,,,,,,,335,2207983
,,,,,,,,,,,,,,,,,,,,,,,,,336,2207368
,,,,,,,,,,,,,,,,,,,,,,,,,337,2206677
,,,,,,,,,,,,,,,,,,,,,,,,,338,2205967
,,,,,,,,,,,,,,,,,,,,,,,,,339,2204925
,,,,,,,,,,,,,,,,,,,,,,,,,340,2204327
,,,,,,,,,,,,,,,,,,,,,,,,,341,2202072
,,,,,,,,,,,,,,,,,,,,,,,,,342,2200286
,,,,,,,,,,,,,,,,,,,,,,,,,343,2197907
,,,,,,,,,,,,,,,,,,,,,,,,,344,2194811
,,,,,,,,,,,,,,,,,,,,,,,,,345,2193622
,,,,,,,,,,,,,,,,,,,,,,,,,346,2192547
,,,,,,,,,,,,,,,,,,,,,,,,,347,2191660
,,,,,,,,,,,,,,,,,,,,,,,,,348,2191455
,,,,,,,,,,,,,,,,,,,,,,,,,349,2190858
,,,,,,,,,,,,,,,,,,,,,,,,,350,2189316
,,,,,,,,,,,,,,,,,,,,,,,,,351,2187520
,,,,,,,,,,,,,,,,,,,,,,,,,352,2184583
,,,,,,,,,,,,,,,,,,,,,,,,,353,2183958
,,,,,,,,,,,,,,,,,,,,,,,,,354,2179425
,,,,,,,,,,,,,,,,,,,,,,,,,355,2178970
,,,,,,,,,,,,,,,,,,,,,,,,,356,2178739
,,,,,,,,,,,,,,,,,,,,,,,,,357,2177653
,,,,,,,,,,,,,,,,,,,,,,,,,358,2175853
,,,,,,,,,,,,,,,,,,,,,,,,,359,2175477
,,,,,,,,,,,,,,,,,,,,,,,,,360,2175068
,,,,,,,,,,,,,,,,,,,,,,,,,361,2174151
,,,,,,,,,,,,,,,,,,,,,,,,,362,2171258
,,,,,,,,,,,,,,,,,,,,,,,,,363,2170850
,,,,,,,,,,,,,,,,,,,,,,,,,364,2169107
,,,,,,,,,,,,,,,,,,,,,,,,,365,2167733
,,,,,,,,,,,,,,,,,,,,,,,,,366,2167391
,,,,,,,,,,,,,,,,,,,,,,,,,367,2167276
,,,,,,,,,,,,,,,,,,,,,,,,,368,2167153
,,,,,,,,,,,,,,,,,,,,,,,,,369,2166615
,,,,,,,,,,,,,,,,,,,,,,,,,370,2166347
,,,,,,,,,,,,,,,,,,,,,,,,,371,2166045
,,,,,,,,,,,,,,,,,,,,,,,,,372,2163153
,,,,,,,,,,,,,,,,,,,,,,,,,373,2161264
,,,,,,,,,,,,,,,,,,,,,,,,,374,2161189
,,,,,,,,,,,,,,,,,,,,,,,,,375,2159948
,,,,,,,,,,,,,,,,,,,,,,,,,376,2158816
,,,,,,,,,,,,,,,,,,,,,,,,,377,2158621
,,,,,,,,,,,,,,,,,,,,,,,,,378,2158025
,,,,,,,,,,,,,,,,,,,,,,,,,379,2157885
,,,,,,,,,,,,,,,,,,,,,,,,,380,2155858
,,,,,,,,,,,,,,,,,,,,,,,,,381,2155519
,,,,,,,,,,,,,,,,,,,,,,,,,382,2155485
,,,,,,,,,,,,,,,,,,,,,,,,,383,2155438
,,,,,,,,,,,,,,,,,,,,,,,,,384,2155037
,,,,,,,,,,,,,,,,,,,,,,,,,385,2152050
,,,,,,,,,,,,,,,,,,,,,,,,,386,2151473
,,,,,,,,,,,,,,,,,,,,,,,,,387,2150859
,,,,,,,,,,,,,,,,,,,,,,,,,388,2150535
,,,,,,,,,,,,,,,,,,,,,,,,,389,2149595
,,,,,,,,,,,,,,,,,,,,,,,,,390,2149158
,,,,,,,,,,,,,,,,,,,,,,,,,391,2148645
,,,,,,,,,,,,,,,,,,,,,,,,,392,2147743
,,,,,,,,,,,,,,,,,,,,,,,,,393,2147330
,,,,,,,,,,,,,,,,,,,,,,,,,394,2147266
,,,,,,,,,,,,,,,,,,,,,,,,,395,2147061
,,,,,,,,,,,,,,,,,,,,,,,,,396,2146838
,,,,,,,,,,,,,,,,,,,,,,,,,397,2146678
,,,,,,,,,,,,,,,,,,,,,,,,,398,2146615
,,,,,,,,,,,,,,,,,,,,,,,,,399,2145241
,,,,,,,,,,,,,,,,,,,,,,,,,400,2145034
,,,,,,,,,,,,,,,,,,,,,,,,,401,2144825
,,,,,,,,,,,,,,,,,,,,,,,,,402,2144755
,,,,,,,,,,,,,,,,,,,,,,,,,403,2143035
,,,,,,,,,,,,,,,,,,,,,,,,,404,2142499
,,,,,,,,,,,,,,,,,,,,,,,,,405,2141751
,,,,,,,,,,,,,,,,,,,,,,,,,406,2141643
,,,,,,,,,,,,,,,,,,,,,,,,,407,2141243
,,,,,,,,,,,,,,,,,,,,,,,,,408,2141117
,,,,,,,,,,,,,,,,,,,,,,,,,409,2141074
,,,,,,,,,,,,,,,,,,,,,,,,,410,2140632
,,,,,,,,,,,,,,,,,,,,,,,,,411,2140485
,,,,,,,,,,,,,,,,,,,,,,,,,412,2140262
,,,,,,,,,,,,,,,,,,,,,,,,,413,2140082
,,,,,,,,,,,,,,,,,,,,,,,,,414,2140038
,,,,,,,,,,,,,,,,,,,,,,,,,415,2138449
,,,,,,,,,,,,,,,,,,,,,,,,,416,2138121
,,,,,,,,,,,,,,,,,,,,,,,,,417,2136824
,,,,,,,,,,,,,,,,,,,,,,,,,418,2136806
,,,,,,,,,,,,,,,,,,,,,,,,,419,2136665
,,,,,,,,,,,,,,,,,,,,,,,,,420,2136657
,,,,,,,,,,,,,,,,,,,,,,,,,421,2136289
,,,,,,,,,,,,,,,,,,,,,,,,,422,2136146
,,,,,,,,,,,,,,,,,,,,,,,,,423,2135426
,,,,,,,,,,,,,,,,,,,,,,,,,424,2134532
,,,,,,,,,,,,,,,,,,,,,,,,,425,2134305
,,,,,,,,,,,,,,,,,,,,,,,,,426,2133910
,,,,,,,,,,,,,,,,,,,,,,,,,427,2133202
,,,,,,,,,,,,,,,,,,,,,,,,,428,2132317
,,,,,,,,,,,,,,,,,,,,,,,,,429,2131750
,,,,,,,,,,,,,,,,,,,,,,,,,430,2128416
,,,,,,,,,,,,,,,,,,,,,,,,,431,2124924
,,,,,,,,,,,,,,,,,,,,,,,,,432,2124115
,,,,,,,,,,,,,,,,,,,,,,,,,433,2122653
,,,,,,,,,,,,,,,,,,,,,,,,,434,2122532
,,,,,,,,,,,,,,,,,,,,,,,,,435,2122099
,,,,,,,,,,,,,,,,,,,,,,,,,436,2121290
,,,,,,,,,,,,,,,,,,,,,,,,,437,2120919
,,,,,,,,,,,,,,,,,,,,,,,,,438,2120332
,,,,,,,,,,,,,,,,,,,,,,,,,439,2120301
,,,,,,,,,,,,,,,,,,,,,,,,,440,2120123
,,,,,,,,,,,,,,,,,,,,,,,,,441,2119794
,,,,,,,,,,,,,,,,,,,,,,,,,442,2119557
,,,,,,,,,,,,,,,,,,,,,,,,,443,2118817
,,,,,,,,,,,,,,,,,,,,,,,,,444,2118600
,,,,,,,,,,,,,,,,,,,,,,,,,445,2117831
,,,,,,,,,,,,,,,,,,,,,,,,,446,2117573
,,,,,,,,,,,,,,,,,,,,,,,,,447,2116487
,,,,,,,,,,,,,,,,,,,,,,,,,448,2116487
,,,,,,,,,,,,,,,,,,,,,,,,,449,2116487
,,,,,,,,,,,,,,,,,,,,,,,,,450,2116286
,,,,,,,,,,,,,,,,,,,,,,,,,451,2116043
,,,,,,,,,,,,,,,,,,,,,,,,,452,2113819
,,,,,,,,,,,,,,,,,,,,,,,,,453,2111362
,,,,,,,,,,,,,,,,,,,,,,,,,454,2111006
,,,,,,,,,,,,,,,,,,,,,,,,,455,2110742
,,,,,,,,,,,,,,,,,,,,,,,,,456,2110599
,,,,,,,,,,,,,,,,,,,,,,,,,457,2109779
,,,,,,,,,,,,,,,,,,,,,,,,,458,2106535
,,,,,,,,,,,,,,,,,,,,,,,,,459,2106342
,,,,,,,,,,,,,,,,,,,,,,,,,460,2105735
,,,,,,,,,,,,,,,,,,,,,,,,,461,2104812
,,,,,,,,,,,,,,,,,,,,,,,,,462,2103659
,,,,,,,,,,,,,,,,,,,,,,,,,463,2101567
,,,,,,,,,,,,,,,,,,,,,,,,,464,2101475
,,,,,,,,,,,,,,,,,,,,,,,,,465,2101060
,,,,,,,,,,,,,,,,,,,,,,,,,466,2099939
,,,,,,,,,,,,,,,,,,,,,,,,,467,2099812
,,,,,,,,,,,,,,,,,,,,,,,,,468,2099412
,,,,,,,,,,,,,,,,,,,,,,,,,469,2098723
,,,,,,,,,,,,,,,,,,,,,,,,,470,2097484
,,,,,,,,,,,,,,,,,,,,,,,,,471,2095566
,,,,,,,,,,,,,,,,,,,,,,,,,472,2095083
,,,,,,,,,,,,,,,,,,,,,,,,,473,2094952
,,,,,,,,,,,,,,,,,,,,,,,,,474,2094057
,,,,,,,,,,,,,,,,,,,,,,,,,475,2093608
,,,,,,,,,,,,,,,,,,,,,,,,,476,2093203
,,,,,,,,,,,,,,,,,,,,,,,,,477,2093145
,,,,,,,,,,,,,,,,,,,,,,,,,478,2091855
,,,,,,,,,,,,,,,,,,,,,,,,,479,2091652
,,,,,,,,,,,,,,,,,,,,,,,,,480,2091451
,,,,,,,,,,,,,,,,,,,,,,,,,481,2090125
,,,,,,,,,,,,,,,,,,,,,,,,,482,2089993
,,,,,,,,,,,,,,,,,,,,,,,,,483,2089704
,,,,,,,,,,,,,,,,,,,,,,,,,484,2089241
,,,,,,,,,,,,,,,,,,,,,,,,,485,2088913
,,,,,,,,,,,,,,,,,,,,,,,,,486,2088874
,,,,,,,,,,,,,,,,,,,,,,,,,487,2088596
,,,,,,,,,,,,,,,,,,,,,,,,,488,2088131
,,,,,,,,,,,,,,,,,,,,,,,,,489,2087787
,,,,,,,,,,,,,,,,,,,,,,,,,490,2087491
,,,,,,,,,,,,,,,,,,,,,,,,,491,2087186
,,,,,,,,,,,,,,,,,,,,,,,,,492,2087177
,,,,,,,,,,,,,,,,,,,,,,,,,493,2085035
,,,,,,,,,,,,,,,,,,,,,,,,,494,2084941
,,,,,,,,,,,,,,,,,,,,,,,,,495,2084574
,,,,,,,,,,,,,,,,,,,,,,,,,496,2084560
,,,,,,,,,,,,,,,,,,,,,,,,,497,2084414
,,,,,,,,,,,,,,,,,,,,,,,,,498,2082864
,,,,,,,,,,,,,,,,,,,,,,,,,499,2081901
,,,,,,,,,,,,,,,,,,,,,,,,,500,2080453
,,,,,,,,,,,,,,,,,,,,,,,,,501,2080133
,,,,,,,,,,,,,,,,,,,,,,,,,502,2079875
,,,,,,,,,,,,,,,,,,,,,,,,,503,2079815
,,,,,,,,,,,,,,,,,,,,,,,,,504,2079655
,,,,,,,,,,,,,,,,,,,,,,,,,505,2077736
,,,,,,,,,,,,,,,,,,,,,,,,,506,2076701
,,,,,,,,,,,,,,,,,,,,,,,,,507,2075738
,,,,,,,,,,,,,,,,,,,,,,,,,508,2074016
,,,,,,,,,,,,,,,,,,,,,,,,,509,2073968
,,,,,,,,,,,,,,,,,,,,,,,,,510,2073613
,,,,,,,,,,,,,,,,,,,,,,,,,511,2073460
,,,,,,,,,,,,,,,,,,,,,,,,,512,2073348
,,,,,,,,,,,,,,,,,,,,,,,,,513,2072985
,,,,,,,,,,,,,,,,,,,,,,,,,514,2072422
,,,,,,,,,,,,,,,,,,,,,,,,,515,2072117
,,,,,,,,,,,,,,,,,,,,,,,,,516,2070729
,,,,,,,,,,,,,,,,,,,,,,,,,517,2070353
,,,,,,,,,,,,,,,,,,,,,,,,,518,2070253
,,,,,,,,,,,,,,,,,,,,,,,,,519,2068741
,,,,,,,,,,,,,,,,,,,,,,,,,520,2068681
,,,,,,,,,,,,,,,,,,,,,,,,,521,2067838
,,,,,,,,,,,,,,,,,,,,,,,,,522,2067454
,,,,,,,,,,,,,,,,,,,,,,,,,523,2067283
,,,,,,,,,,,,,,,,,,,,,,,,,524,2067277
,,,,,,,,,,,,,,,,,,,,,,,,,525,2066329
,,,,,,,,,,,,,,,,,,,,,,,,,526,2065720
,,,,,,,,,,,,,,,,,,,,,,,,,527,2065681
,,,,,,,,,,,,,,,,,,,,,,,,,528,2065381
,,,,,,,,,,,,,,,,,,,,,,,,,529,2065100
,,,,,,,,,,,,,,,,,,,,,,,,,530,2065075
,,,,,,,,,,,,,,,,,,,,,,,,,531,2064610
,,,,,,,,,,,,,,,,,,,,,,,,,532,2064421
,,,,,,,,,,,,,,,,,,,,,,,,,533,2064018
,,,,,,,,,,,,,,,,,,,,,,,,,534,2064017
,,,,,,,,,,,,,,,,,,,,,,,,,535,2063511
,,,,,,,,,,,,,,,,,,,,,,,,,536,2063415
,,,,,,,,,,,,,,,,,,,,,,,,,537,2063259
,,,,,,,,,,,,,,,,,,,,,,,,,538,2063136
,,,,,,,,,,,,,,,,,,,,,,,,,539,2062189
,,,,,,,,,,,,,,,,,,,,,,,,,540,2062055
,,,,,,,,,,,,,,,,,,,,,,,,,541,2062009
,,,,,,,,,,,,,,,,,,,,,,,,,542,2061843
,,,,,,,,,,,,,,,,,,,,,,,,,543,2060946
,,,,,,,,,,,,,,,,,,,,,,,,,544,2060946
,,,,,,,,,,,,,,,,,,,,,,,,,545,2060946
,,,,,,,,,,,,,,,,,,,,,,,,,546,2060946
,,,,,,,,,,,,,,,,,,,,,,,,,547,2060946
,,,,,,,,,,,,,,,,,,,,,,,,,548,2060847
,,,,,,,,,,,,,,,,,,,,,,,,,549,2060653
,,,,,,,,,,,,,,,,,,,,,,,,,550,2059572
,,,,,,,,,,,,,,,,,,,,,,,,,551,2058913
,,,,,,,,,,,,,,,,,,,,,,,,,552,2058813
,,,,,,,,,,,,,,,,,,,,,,,,,553,2058597
,,,,,,,,,,,,,,,,,,,,,,,,,554,2058589
,,,,,,,,,,,,,,,,,,,,,,,,,555,2058404
,,,,,,,,,,,,,,,,,,,,,,,,,556,2057892
,,,,,,,,,,,,,,,,,,,,,,,,,557,2057815
,,,,,,,,,,,,,,,,,,,,,,,,,558,2057670
,,,,,,,,,,,,,,,,,,,,,,,,,559,2056891
,,,,,,,,,,,,,,,,,,,,,,,,,560,2055931
,,,,,,,,,,,,,,,,,,,,,,,,,561,2055389
,,,,,,,,,,,,,,,,,,,,,,,,,562,2055326
,,,,,,,,,,,,,,,,,,,,,,,,,563,2055068
,,,,,,,,,,,,,,,,,,,,,,,,,564,2055052
,,,,,,,,,,,,,,,,,,,,,,,,,565,2053680
,,,,,,,,,,,,,,,,,,,,,,,,,566,2052795
,,,,,,,,,,,,,,,,,,,,,,,,,567,2052789
,,,,,,,,,,,,,,,,,,,,,,,,,568,2052265
,,,,,,,,,,,,,,,,,,,,,,,,,569,2052261
,,,,,,,,,,,,,,,,,,,,,,,,,570,2051932
,,,,,,,,,,,,,,,,,,,,,,,,,571,2050440
,,,,,,,,,,,,,,,,,,,,,,,,,572,2050249
,,,,,,,,,,,,,,,,,,,,,,,,,573,2049727
,,,,,,,,,,,,,,,,,,,,,,,,,574,2049455
,,,,,,,,,,,,,,,,,,,,,,,,,575,2048546
,,,,,,,,,,,,,,,,,,,,,,,,,576,2048016
,,,,,,,,,,,,,,,,,,,,,,,,,577,2047637
,,,,,,,,,,,,,,,,,,,,,,,,,578,2045488
,,,,,,,,,,,,,,,,,,,,,,,,,579,2044039
,,,,,,,,,,,,,,,,,,,,,,,,,580,2043003
,,,,,,,,,,,,,,,,,,,,,,,,,581,2042932
,,,,,,,,,,,,,,,,,,,,,,,,,582,2042110
,,,,,,,,,,,,,,,,,,,,,,,,,583,2041763
,,,,,,,,,,,,,,,,,,,,,,,,,584,2040526
,,,,,,,,,,,,,,,,,,,,,,,,,585,2040377
,,,,,,,,,,,,,,,,,,,,,,,,,586,2039838
,,,,,,,,,,,,,,,,,,,,,,,,,587,2039263
,,,,,,,,,,,,,,,,,,,,,,,,,588,2038126
,,,,,,,,,,,,,,,,,,,,,,,,,589,2037756
,,,,,,,,,,,,,,,,,,,,,,,,,590,2037439
,,,,,,,,,,,,,,,,,,,,,,,,,591,2036908
,,,,,,,,,,,,,,,,,,,,,,,,,592,2036907
,,,,,,,,,,,,,,,,,,,,,,,,,593,2036436
,,,,,,,,,,,,,,,,,,,,,,,,,594,2036264
,,,,,,,,,,,,,,,,,,,,,,,,,595,2035851
,,,,,,,,,,,,,,,,,,,,,,,,,596,2035654
,,,,,,,,,,,,,,,,,,,,,,,,,597,2034283
,,,,,,,,,,,,,,,,,,,,,,,,,598,2034200
,,,,,,,,,,,,,,,,,,,,,,,,,599,2033900
,,,,,,,,,,,,,,,,,,,,,,,,,600,2033388
,,,,,,,,,,,,,,,,,,,,,,,,,601,2032900
,,,,,,,,,,,,,,,,,,,,,,,,,602,2032179
,,,,,,,,,,,,,,,,,,,,,,,,,603,2030763
,,,,,,,,,,,,,,,,,,,,,,,,,604,2030379
,,,,,,,,,,,,,,,,,,,,,,,,,605,2030038
,,,,,,,,,,,,,,,,,,,,,,,,,606,2029813
,,,,,,,,,,,,,,,,,,,,,,,,,607,2025668
,,,,,,,,,,,,,,,,,,,,,,,,,608,2025419
,,,,,,,,,,,,,,,,,,,,,,,,,609,2025206
,,,,,,,,,,,,,,,,,,,,,,,,,610,2023440
,,,,,,,,,,,,,,,,,,,,,,,,,611,2021961
,,,,,,,,,,,,,,,,,,,,,,,,,612,2020890
,,,,,,,,,,,,,,,,,,,,,,,,,613,2020873
,,,,,,,,,,,,,,,,,,,,,,,,,614,2019897
,,,,,,,,,,,,,,,,,,,,,,,,,615,2019831
,,,,,,,,,,,,,,,,,,,,,,,,,616,2018737
,,,,,,,,,,,,,,,,,,,,,,,,,617,2018393
,,,,,,,,,,,,,,,,,,,,,,,,,618,2018040
,,,,,,,,,,,,,,,,,,,,,,,,,619,2017082
,,,,,,,,,,,,,,,,,,,,,,,,,620,2016373
,,,,,,,,,,,,,,,,,,,,,,,,,621,2016320
,,,,,,,,,,,,,,,,,,,,,,,,,622,2016247
,,,,,,,,,,,,,,,,,,,,,,,,,623,2013631
,,,,,,,,,,,,,,,,,,,,,,,,,624,2013274
,,,,,,,,,,,,,,,,,,,,,,,,,625,2012858
,,,,,,,,,,,,,,,,,,,,,,,,,626,2012659
,,,,,,,,,,,,,,,,,,,,,,,,,627,2012593
,,,,,,,,,,,,,,,,,,,,,,,,,628,2012232
,,,,,,,,,,,,,,,,,,,,,,,,,629,2012110
,,,,,,,,,,,,,,,,,,,,,,,,,630,2011989
,,,,,,,,,,,,,,,,,,,,,,,,,631,2011484
,,,,,,,,,,,,,,,,,,,,,,,,,632,2011047
,,,,,,,,,,,,,,,,,,,,,,,,,633,2010902
,,,,,,,,,,,,,,,,,,,,,,,,,634,2010828
,,,,,,,,,,,,,,,,,,,,,,,,,635,2009752
,,,,,,,,,,,,,,,,,,,,,,,,,636,2008980
,,,,,,,,,,,,,,,,,,,,,,,,,637,2007506
,,,,,,,,,,,,,,,,,,,,,,,,,638,2007158
,,,,,,,,,,,,,,,,,,,,,,,,,639,2006467
,,,,,,,,,,,,,,,,,,,,,,,,,640,2006116
,,,,,,,,,,,,,,,,,,,,,,,,,641,2005914
,,,,,,,,,,,,,,,,,,,,,,,,,642,2005487
,,,,,,,,,,,,,,,,,,,,,,,,,643,2005317
,,,,,,,,,,,,,,,,,,,,,,,,,644,2003416
,,,,,,,,,,,,,,,,,,,,,,,,,645,2003144
,,,,,,,,,,,,,,,,,,,,,,,,,646,2002108
,,,,,,,,,,,,,,,,,,,,,,,,,647,2001999
,,,,,,,,,,,,,,,,,,,,,,,,,648,2001854
,,,,,,,,,,,,,,,,,,,,,,,,,649,2001728
,,,,,,,,,,,,,,,,,,,,,,,,,650,2001574
,,,,,,,,,,,,,,,,,,,,,,,,,651,2000449
,,,,,,,,,,,,,,,,,,,,,,,,,652,2000330
,,,,,,,,,,,,,,,,,,,,,,,,,653,2000254
,,,,,,,,,,,,,,,,,,,,,,,,,654,2000218
,,,,,,,,,,,,,,,,,,,,,,,,,655,1999874
,,,,,,,,,,,,,,,,,,,,,,,,,656,1999243
,,,,,,,,,,,,,,,,,,,,,,,,,657,1999136
,,,,,,,,,,,,,,,,,,,,,,,,,658,1998995
,,,,,,,,,,,,,,,,,,,,,,,,,659,1998651
,,,,,,,,,,,,,,,,,,,,,,,,,660,1998463
,,,,,,,,,,,,,,,,,,,,,,,,,661,1998245
,,,,,,,,,,,,,,,,,,,,,,,,,662,1998245
,,,,,,,,,,,,,,,,,,,,,,,,,663,1997775
,,,,,,,,,,,,,,,,,,,,,,,,,664,1997694
,,,,,,,,,,,,,,,,,,,,,,,,,665,1997675
,,,,,,,,,,,,,,,,,,,,,,,,,666,1997675
,,,,,,,,,,,,,,,,,,,,,,,,,667,1997675
,,,,,,,,,,,,,,,,,,,,,,,,,668,1997390
,,,,,,,,,,,,,,,,,,,,,,,,,669,1996824
,,,,,,,,,,,,,,,,,,,,,,,,,670,1996404
,,,,,,,,,,,,,,,,,,,,,,,,,671,1996360
,,,,,,,,,,,,,,,,,,,,,,,,,672,1996349
,,,,,,,,,,,,,,,,,,,,,,,,,673,1996242
,,,,,,,,,,,,,,,,,,,,,,,,,674,1996157
,,,,,,,,,,,,,,,,,,,,,,,,,675,1995966
,,,,,,,,,,,,,,,,,,,,,,,,,676,1995532
,,,,,,,,,,,,,,,,,,,,,,,,,677,1995391
,,,,,,,,,,,,,,,,,,,,,,,,,678,1994935
,,,,,,,,,,,,,,,,,,,,,,,,,679,1994736
,,,,,,,,,,,,,,,,,,,,,,,,,680,1994702
,,,,,,,,,,,,,,,,,,,,,,,,,681,1994031
,,,,,,,,,,,,,,,,,,,,,,,,,682,1993880
,,,,,,,,,,,,,,,,,,,,,,,,,683,1993183
,,,,,,,,,,,,,,,,,,,,,,,,,684,1992782
,,,,,,,,,,,,,,,,,,,,,,,,,685,1992497
,,,,,,,,,,,,,,,,,,,,,,,,,686,1992410
,,,,,,,,,,,,,,,,,,,,,,,,,687,1991858
,,,,,,,,,,,,,,,,,,,,,,,,,688,1989972
,,,,,,,,,,,,,,,,,,,,,,,,,689,1989420
,,,,,,,,,,,,,,,,,,,,,,,,,690,1988811
,,,,,,,,,,,,,,,,,,,,,,,,,691,1988802
,,,,,,,,,,,,,,,,,,,,,,,,,692,1987325
,,,,,,,,,,,,,,,,,,,,,,,,,693,1986062
,,,,,,,,,,,,,,,,,,,,,,,,,694,1984865
,,,,,,,,,,,,,,,,,,,,,,,,,695,1983706
,,,,,,,,,,,,,,,,,,,,,,,,,696,1981403
,,,,,,,,,,,,,,,,,,,,,,,,,697,1981062
,,,,,,,,,,,,,,,,,,,,,,,,,698,1980028
,,,,,,,,,,,,,,,,,,,,,,,,,699,1979557
,,,,,,,,,,,,,,,,,,,,,,,,,700,1979516
,,,,,,,,,,,,,,,,,,,,,,,,,701,1979462
,,,,,,,,,,,,,,,,,,,,,,,,,702,1979275
,,,,,,,,,,,,,,,,,,,,,,,,,703,1979259
,,,,,,,,,,,,,,,,,,,,,,,,,704,1978959
,,,,,,,,,,,,,,,,,,,,,,,,,705,1977084
,,,,,,,,,,,,,,,,,,,,,,,,,706,1976671
,,,,,,,,,,,,,,,,,,,,,,,,,707,1976025
,,,,,,,,,,,,,,,,,,,,,,,,,708,1975779
,,,,,,,,,,,,,,,,,,,,,,,,,709,1975459
,,,,,,,,,,,,,,,,,,,,,,,,,710,1974390
,,,,,,,,,,,,,,,,,,,,,,,,,711,1974321
,,,,,,,,,,,,,,,,,,,,,,,,,712,1973116
,,,,,,,,,,,,,,,,,,,,,,,,,713,1973092
,,,,,,,,,,,,,,,,,,,,,,,,,714,1972240
,,,,,,,,,,,,,,,,,,,,,,,,,715,1971398
,,,,,,,,,,,,,,,,,,,,,,,,,716,1971197
,,,,,,,,,,,,,,,,,,,,,,,,,717,1970433
,,,,,,,,,,,,,,,,,,,,,,,,,718,1969634
,,,,,,,,,,,,,,,,,,,,,,,,,719,1967270
,,,,,,,,,,,,,,,,,,,,,,,,,720,1966917
,,,,,,,,,,,,,,,,,,,,,,,,,721,1966306
,,,,,,,,,,,,,,,,,,,,,,,,,722,1964476
,,,,,,,,,,,,,,,,,,,,,,,,,723,1964346
,,,,,,,,,,,,,,,,,,,,,,,,,724,1963176
,,,,,,,,,,,,,,,,,,,,,,,,,725,1962497
,,,,,,,,,,,,,,,,,,,,,,,,,726,1962237
,,,,,,,,,,,,,,,,,,,,,,,,,727,1962214
,,,,,,,,,,,,,,,,,,,,,,,,,728,1962161
,,,,,,,,,,,,,,,,,,,,,,,,,729,1962101
,,,,,,,,,,,,,,,,,,,,,,,,,730,1960735
,,,,,,,,,,,,,,,,,,,,,,,,,731,1959438
,,,,,,,,,,,,,,,,,,,,,,,,,732,1959161
,,,,,,,,,,,,,,,,,,,,,,,,,733,1958536
,,,,,,,,,,,,,,,,,,,,,,,,,734,1956253
,,,,,,,,,,,,,,,,,,,,,,,,,735,1955948
,,,,,,,,,,,,,,,,,,,,,,,,,736,1955729
,,,,,,,,,,,,,,,,,,,,,,,,,737,1954981
,,,,,,,,,,,,,,,,,,,,,,,,,738,1954429
,,,,,,,,,,,,,,,,,,,,,,,,,739,1954117
,,,,,,,,,,,,,,,,,,,,,,,,,740,1953895
,,,,,,,,,,,,,,,,,,,,,,,,,741,1953366
,,,,,,,,,,,,,,,,,,,,,,,,,742,1953109
,,,,,,,,,,,,,,,,,,,,,,,,,743,1952891
,,,,,,,,,,,,,,,,,,,,,,,,,744,1952020
,,,,,,,,,,,,,,,,,,,,,,,,,745,1948816
,,,,,,,,,,,,,,,,,,,,,,,,,746,1948744
,,,,,,,,,,,,,,,,,,,,,,,,,747,1948290
,,,,,,,,,,,,,,,,,,,,,,,,,748,1948073
,,,,,,,,,,,,,,,,,,,,,,,,,749,1947449
,,,,,,,,,,,,,,,,,,,,,,,,,750,1947283
,,,,,,,,,,,,,,,,,,,,,,,,,751,1947137
,,,,,,,,,,,,,,,,,,,,,,,,,752,1946852
,,,,,,,,,,,,,,,,,,,,,,,,,753,1946506
,,,,,,,,,,,,,,,,,,,,,,,,,754,1945108
,,,,,,,,,,,,,,,,,,,,,,,,,755,1944495
,,,,,,,,,,,,,,,,,,,,,,,,,756,1941738
,,,,,,,,,,,,,,,,,,,,,,,,,757,1940682
,,,,,,,,,,,,,,,,,,,,,,,,,758,1940640
,,,,,,,,,,,,,,,,,,,,,,,,,759,1940585
,,,,,,,,,,,,,,,,,,,,,,,,,760,1939799
,,,,,,,,,,,,,,,,,,,,,,,,,761,1939694
,,,,,,,,,,,,,,,,,,,,,,,,,762,1938122
,,,,,,,,,,,,,,,,,,,,,,,,,763,1937071
,,,,,,,,,,,,,,,,,,,,,,,,,764,1936088
,,,,,,,,,,,,,,,,,,,,,,,,,765,1934703
,,,,,,,,,,,,,,,,,,,,,,,,,766,1933929
,,,,,,,,,,,,,,,,,,,,,,,,,767,1931588
,,,,,,,,,,,,,,,,,,,,,,,,,768,1931064
,,,,,,,,,,,,,,,,,,,,,,,,,769,1929973
,,,,,,,,,,,,,,,,,,,,,,,,,770,1929109
,,,,,,,,,,,,,,,,,,,,,,,,,771,1928916
,,,,,,,,,,,,,,,,,,,,,,,,,772,1927937
,,,,,,,,,,,,,,,,,,,,,,,,,773,1927537
,,,,,,,,,,,,,,,,,,,,,,,,,774,1925068
,,,,,,,,,,,,,,,,,,,,,,,,,775,1923657
,,,,,,,,,,,,,,,,,,,,,,,,,776,1920925
,,,,,,,,,,,,,,,,,,,,,,,,,777,1919551
,,,,,,,,,,,,,,,,,,,,,,,,,778,1919067
,,,,,,,,,,,,,,,,,,,,,,,,,779,1916476
,,,,,,,,,,,,,,,,,,,,,,,,,780,1916466
,,,,,,,,,,,,,,,,,,,,,,,,,781,1916371
,,,,,,,,,,,,,,,,,,,,,,,,,782,1916335
,,,,,,,,,,,,,,,,,,,,,,,,,783,1916277
,,,,,,,,,,,,,,,,,,,,,,,,,784,1915340
,,,,,,,,,,,,,,,,,,,,,,,,,785,1915270
,,,,,,,,,,,,,,,,,,,,,,,,,786,1914421
,,,,,,,,,,,,,,,,,,,,,,,,,787,1914314
,,,,,,,,,,,,,,,,,,,,,,,,,788,1913338
,,,,,,,,,,,,,,,,,,,,,,,,,789,1913012
,,,,,,,,,,,,,,,,,,,,,,,,,790,1912296
,,,,,,,,,,,,,,,,,,,,,,,,,791,1911365
,,,,,,,,,,,,,,,,,,,,,,,,,792,1911343
,,,,,,,,,,,,,,,,,,,,,,,,,793,1911083
,,,,,,,,,,,,,,,,,,,,,,,,,794,1911037
,,,,,,,,,,,,,,,,,,,,,,,,,795,1911015
,,,,,,,,,,,,,,,,,,,,,,,,,796,1910996
,,,,,,,,,,,,,,,,,,,,,,,,,797,1910977
,,,,,,,,,,,,,,,,,,,,,,,,,798,1910736
,,,,,,,,,,,,,,,,,,,,,,,,,799,1910709
,,,,,,,,,,,,,,,,,,,,,,,,,800,1910679
,,,,,,,,,,,,,,,,,,,,,,,,,801,1910613
,,,,,,,,,,,,,,,,,,,,,,,,,802,1910567
,,,,,,,,,,,,,,,,,,,,,,,,,803,1910359
,,,,,,,,,,,,,,,,,,,,,,,,,804,1909811
,,,,,,,,,,,,,,,,,,,,,,,,,805,1909761
,,,,,,,,,,,,,,,,,,,,,,,,,806,1909724
,,,,,,,,,,,,,,,,,,,,,,,,,807,1909496
,,,,,,,,,,,,,,,,,,,,,,,,,808,1909299
,,,,,,,,,,,,,,,,,,,,,,,,,809,1909240
,,,,,,,,,,,,,,,,,,,,,,,,,810,1908752
,,,,,,,,,,,,,,,,,,,,,,,,,811,1908634
,,,,,,,,,,,,,,,,,,,,,,,,,812,1907270
,,,,,,,,,,,,,,,,,,,,,,,,,813,1907250
,,,,,,,,,,,,,,,,,,,,,,,,,814,1906905
,,,,,,,,,,,,,,,,,,,,,,,,,815,1906499
,,,,,,,,,,,,,,,,,,,,,,,,,816,1905934
,,,,,,,,,,,,,,,,,,,,,,,,,817,1905866
,,,,,,,,,,,,,,,,,,,,,,,,,818,1905572
,,,,,,,,,,,,,,,,,,,,,,,,,819,1903759
,,,,,,,,,,,,,,,,,,,,,,,,,820,1903362
,,,,,,,,,,,,,,,,,,,,,,,,,821,1900641
,,,,,,,,,,,,,,,,,,,,,,,,,822,1900575
,,,,,,,,,,,,,,,,,,,,,,,,,823,1899008
,,,,,,,,,,,,,,,,,,,,,,,,,824,1897162
,,,,,,,,,,,,,,,,,,,,,,,,,825,1896396
,,,,,,,,,,,,,,,,,,,,,,,,,826,1896151
,,,,,,,,,,,,,,,,,,,,,,,,,827,1895686
,,,,,,,,,,,,,,,,,,,,,,,,,828,1895156
,,,,,,,,,,,,,,,,,,,,,,,,,829,1893374
,,,,,,,,,,,,,,,,,,,,,,,,,830,1891314
,,,,,,,,,,,,,,,,,,,,,,,,,831,1890744
,,,,,,,,,,,,,,,,,,,,,,,,,832,1890437
,,,,,,,,,,,,,,,,,,,,,,,,,833,1889583
,,,,,,,,,,,,,,,,,,,,,,,,,834,1889231
,,,,,,,,,,,,,,,,,,,,,,,,,835,1887009
,,,,,,,,,,,,,,,,,,,,,,,,,836,1886902
,,,,,,,,,,,,,,,,,,,,,,,,,837,1886853
,,,,,,,,,,,,,,,,,,,,,,,,,838,1886473
,,,,,,,,,,,,,,,,,,,,,,,,,839,1885266
,,,,,,,,,,,,,,,,,,,,,,,,,840,1885015
,,,,,,,,,,,,,,,,,,,,,,,,,841,1884872
,,,,,,,,,,,,,,,,,,,,,,,,,842,1884514
,,,,,,,,,,,,,,,,,,,,,,,,,843,1883545
,,,,,,,,,,,,,,,,,,,,,,,,,844,1883114
,,,,,,,,,,,,,,,,,,,,,,,,,845,1881284
,,,,,,,,,,,,,,,,,,,,,,,,,846,1880710
,,,,,,,,,,,,,,,,,,,,,,,,,847,1879781
,,,,,,,,,,,,,,,,,,,,,,,,,848,1879716
,,,,,,,,,,,,,,,,,,,,,,,,,849,1878795
,,,,,,,,,,,,,,,,,,,,,,,,,850,1877997
,,,,,,,,,,,,,,,,,,,,,,,,,851,1877876
,,,,,,,,,,,,,,,,,,,,,,,,,852,1877772
,,,,,,,,,,,,,,,,,,,,,,,,,853,1875644
,,,,,,,,,,,,,,,,,,,,,,,,,854,1872493
,,,,,,,,,,,,,,,,,,,,,,,,,855,1871155
,,,,,,,,,,,,,,,,,,,,,,,,,856,1870701
,,,,,,,,,,,,,,,,,,,,,,,,,857,1870573
,,,,,,,,,,,,,,,,,,,,,,,,,858,1870499
,,,,,,,,,,,,,,,,,,,,,,,,,859,1870445
,,,,,,,,,,,,,,,,,,,,,,,,,860,1869402
,,,,,,,,,,,,,,,,,,,,,,,,,861,1869225
,,,,,,,,,,,,,,,,,,,,,,,,,862,1869090
,,,,,,,,,,,,,,,,,,,,,,,,,863,1869028
,,,,,,,,,,,,,,,,,,,,,,,,,864,1868991
,,,,,,,,,,,,,,,,,,,,,,,,,865,1868821
,,,,,,,,,,,,,,,,,,,,,,,,,866,1868747
,,,,,,,,,,,,,,,,,,,,,,,,,867,1866535
,,,,,,,,,,,,,,,,,,,,,,,,,868,1866272
,,,,,,,,,,,,,,,,,,,,,,,,,869,1865080
,,,,,,,,,,,,,,,,,,,,,,,,,870,1865040
,,,,,,,,,,,,,,,,,,,,,,,,,871,1864238
,,,,,,,,,,,,,,,,,,,,,,,,,872,1864129
,,,,,,,,,,,,,,,,,,,,,,,,,873,1863182
,,,,,,,,,,,,,,,,,,,,,,,,,874,1863133
,,,,,,,,,,,,,,,,,,,,,,,,,875,1862555
,,,,,,,,,,,,,,,,,,,,,,,,,876,1862476
,,,,,,,,,,,,,,,,,,,,,,,,,877,1861555
,,,,,,,,,,,,,,,,,,,,,,,,,878,1861459
,,,,,,,,,,,,,,,,,,,,,,,,,879,1861441
,,,,,,,,,,,,,,,,,,,,,,,,,880,1860871
,,,,,,,,,,,,,,,,,,,,,,,,,881,1860161
,,,,,,,,,,,,,,,,,,,,,,,,,882,1859096
,,,,,,,,,,,,,,,,,,,,,,,,,883,1858323
,,,,,,,,,,,,,,,,,,,,,,,,,884,1857919
,,,,,,,,,,,,,,,,,,,,,,,,,885,1857103
,,,,,,,,,,,,,,,,,,,,,,,,,886,1855219
,,,,,,,,,,,,,,,,,,,,,,,,,887,1854969
,,,,,,,,,,,,,,,,,,,,,,,,,888,1854408
,,,,,,,,,,,,,,,,,,,,,,,,,889,1853000
,,,,,,,,,,,,,,,,,,,,,,,,,890,1852027
,,,,,,,,,,,,,,,,,,,,,,,,,891,1851844
,,,,,,,,,,,,,,,,,,,,,,,,,892,1851261
,,,,,,,,,,,,,,,,,,,,,,,,,893,1850676
,,,,,,,,,,,,,,,,,,,,,,,,,894,1850611
,,,,,,,,,,,,,,,,,,,,,,,,,895,1850074
,,,,,,,,,,,,,,,,,,,,,,,,,896,1850022
,,,,,,,,,,,,,,,,,,,,,,,,,897,1849254
,,,,,,,,,,,,,,,,,,,,,,,,,898,1849112
,,,,,,,,,,,,,,,,,,,,,,,,,899,1848395
,,,,,,,,,,,,,,,,,,,,,,,,,900,1848112
,,,,,,,,,,,,,,,,,,,,,,,,,901,1847685
,,,,,,,,,,,,,,,,,,,,,,,,,902,1846756
,,,,,,,,,,,,,,,,,,,,,,,,,903,1846462
,,,,,,,,,,,,,,,,,,,,,,,,,904,1846194
,,,,,,,,,,,,,,,,,,,,,,,,,905,1845977
,,,,,,,,,,,,,,,,,,,,,,,,,906,1845909
,,,,,,,,,,,,,,,,,,,,,,,,,907,1845685
,,,,,,,,,,,,,,,,,,,,,,,,,908,1844665
,,,,,,,,,,,,,,,,,,,,,,,,,909,1843775
,,,,,,,,,,,,,,,,,,,,,,,,,910,1843757
,,,,,,,,,,,,,,,,,,,,,,,,,911,1842972
,,,,,,,,,,,,,,,,,,,,,,,,,912,1842972
,,,,,,,,,,,,,,,,,,,,,,,,,913,1842972
,,,,,,,,,,,,,,,,,,,,,,,,,914,1842619
,,,,,,,,,,,,,,,,,,,,,,,,,915,1841797
,,,,,,,,,,,,,,,,,,,,,,,,,916,1841168
,,,,,,,,,,,,,,,,,,,,,,,,,917,1841128
,,,,,,,,,,,,,,,,,,,,,,,,,918,1841115
,,,,,,,,,,,,,,,,,,,,,,,,,919,1841112
,,,,,,,,,,,,,,,,,,,,,,,,,920,1841087
,,,,,,,,,,,,,,,,,,,,,,,,,921,1840988
,,,,,,,,,,,,,,,,,,,,,,,,,922,1840960
,,,,,,,,,,,,,,,,,,,,,,,,,923,1840827
,,,,,,,,,,,,,,,,,,,,,,,,,924,1840614
,,,,,,,,,,,,,,,,,,,,,,,,,925,1840614
,,,,,,,,,,,,,,,,,,,,,,,,,926,1840614
,,,,,,,,,,,,,,,,,,,,,,,,,927,1840487
,,,,,,,,,,,,,,,,,,,,,,,,,928,1839559
,,,,,,,,,,,,,,,,,,,,,,,,,929,1839046
,,,,,,,,,,,,,,,,,,,,,,,,,930,1838916
,,,,,,,,,,,,,,,,,,,,,,,,,931,1838653
,,,,,,,,,,,,,,,,,,,,,,,,,932,1838548
,,,,,,,,,,,,,,,,,,,,,,,,,933,1838162
,,,,,,,,,,,,,,,,,,,,,,,,,934,1837538
,,,,,,,,,,,,,,,,,,,,,,,,,935,1837035
,,,,,,,,,,,,,,,,,,,,,,,,,936,1835606
,,,,,,,,,,,,,,,,,,,,,,,,,937,1835296
,,,,,,,,,,,,,,,,,,,,,,,,,938,1835106
,,,,,,,,,,,,,,,,,,,,,,,,,939,1835073
,,,,,,,,,,,,,,,,,,,,,,,,,940,1834912
,,,,,,,,,,,,,,,,,,,,,,,,,941,1834636
,,,,,,,,,,,,,,,,,,,,,,,,,942,1833882
,,,,,,,,,,,,,,,,,,,,,,,,,943,1833321
,,,,,,,,,,,,,,,,,,,,,,,,,944,1833300
,,,,,,,,,,,,,,,,,,,,,,,,,945,1832342
,,,,,,,,,,,,,,,,,,,,,,,,,946,1830642
,,,,,,,,,,,,,,,,,,,,,,,,,947,1829872
,,,,,,,,,,,,,,,,,,,,,,,,,948,1828398
,,,,,,,,,,,,,,,,,,,,,,,,,949,1828283
,,,,,,,,,,,,,,,,,,,,,,,,,950,1826630
,,,,,,,,,,,,,,,,,,,,,,,,,951,1826499
,,,,,,,,,,,,,,,,,,,,,,,,,952,1825837
,,,,,,,,,,,,,,,,,,,,,,,,,953,1825195
,,,,,,,,,,,,,,,,,,,,,,,,,954,1824382
,,,,,,,,,,,,,,,,,,,,,,,,,955,1824058
,,,,,,,,,,,,,,,,,,,,,,,,,956,1823747
,,,,,,,,,,,,,,,,,,,,,,,,,957,1823091
,,,,,,,,,,,,,,,,,,,,,,,,,958,1822697
,,,,,,,,,,,,,,,,,,,,,,,,,959,1821129
,,,,,,,,,,,,,,,,,,,,,,,,,960,1820824
,,,,,,,,,,,,,,,,,,,,,,,,,961,1820272
,,,,,,,,,,,,,,,,,,,,,,,,,962,1820083
,,,,,,,,,,,,,,,,,,,,,,,,,963,1819783
,,,,,,,,,,,,,,,,,,,,,,,,,964,1819682
,,,,,,,,,,,,,,,,,,,,,,,,,965,1819350
,,,,,,,,,,,,,,,,,,,,,,,,,966,1819323
,,,,,,,,,,,,,,,,,,,,,,,,,967,1819220
,,,,,,,,,,,,,,,,,,,,,,,,,968,1817185
,,,,,,,,,,,,,,,,,,,,,,,,,969,1816926
,,,,,,,,,,,,,,,,,,,,,,,,,970,1816524
,,,,,,,,,,,,,,,,,,,,,,,,,971,1816242
,,,,,,,,,,,,,,,,,,,,,,,,,972,1815763
,,,,,,,,,,,,,,,,,,,,,,,,,973,1813821
,,,,,,,,,,,,,,,,,,,,,,,,,974,1813523
,,,,,,,,,,,,,,,,,,,,,,,,,975,1813479
,,,,,,,,,,,,,,,,,,,,,,,,,976,1813461
,,,,,,,,,,,,,,,,,,,,,,,,,977,1813267
,,,,,,,,,,,,,,,,,,,,,,,,,978,1812108
,,,,,,,,,,,,,,,,,,,,,,,,,979,1808689
,,,,,,,,,,,,,,,,,,,,,,,,,980,1808440
,,,,,,,,,,,,,,,,,,,,,,,,,981,1807624
,,,,,,,,,,,,,,,,,,,,,,,,,982,1804980
,,,,,,,,,,,,,,,,,,,,,,,,,983,1804859
,,,,,,,,,,,,,,,,,,,,,,,,,984,1803584
,,,,,,,,,,,,,,,,,,,,,,,,,985,1798065
,,,,,,,,,,,,,,,,,,,,,,,,,986,1797664
,,,,,,,,,,,,,,,,,,,,,,,,,987,1797261
,,,,,,,,,,,,,,,,,,,,,,,,,988,1796729
,,,,,,,,,,,,,,,,,,,,,,,,,989,1796507
,,,,,,,,,,,,,,,,,,,,,,,,,990,1796028
,,,,,,,,,,,,,,,,,,,,,,,,,991,1795327
,,,,,,,,,,,,,,,,,,,,,,,,,992,1794416
,,,,,,,,,,,,,,,,,,,,,,,,,993,1792343
,,,,,,,,,,,,,,,,,,,,,,,,,994,1791865
,,,,,,,,,,,,,,,,,,,,,,,,,995,1791723
,,,,,,,,,,,,,,,,,,,,,,,,,996,1791297
,,,,,,,,,,,,,,,,,,,,,,,,,997,380367021
,,,,,,,,,,,,,,,,,,,,,,,,,998,1790406
,,,,,,,,,,,,,,,,,,,,,,,,,999,1789992
,,,,,,,,,,,,,,,,,,,,,,,,,1000,1789195
,,,,,,,,,,,,,,,,,,,,,,,,,1001,1788782
,,,,,,,,,,,,,,,,,,,,,,,,,1002,1788061
,,,,,,,,,,,,,,,,,,,,,,,,,1003,1787827
,,,,,,,,,,,,,,,,,,,,,,,,,1004,1787333
,,,,,,,,,,,,,,,,,,,,,,,,,1005,1786785
,,,,,,,,,,,,,,,,,,,,,,,,,1006,1786707
,,,,,,,,,,,,,,,,,,,,,,,,,1007,1785421
,,,,,,,,,,,,,,,,,,,,,,,,,1008,1784973
,,,,,,,,,,,,,,,,,,,,,,,,,1009,1784873
,,,,,,,,,,,,,,,,,,,,,,,,,1010,1784431
,,,,,,,,,,,,,,,,,,,,,,,,,1011,1784399
,,,,,,,,,,,,,,,,,,,,,,,,,1012,1784001
,,,,,,,,,,,,,,,,,,,,,,,,,1013,1783324
,,,,,,,,,,,,,,,,,,,,,,,,,1014,1782407
,,,,,,,,,,,,,,,,,,,,,,,,,1015,1779095
,,,,,,,,,,,,,,,,,,,,,,,,,1016,1779032
,,,,,,,,,,,,,,,,,,,,,,,,,1017,1778800
,,,,,,,,,,,,,,,,,,,,,,,,,1018,1778785
,,,,,,,,,,,,,,,,,,,,,,,,,1019,1778624
,,,,,,,,,,,,,,,,,,,,,,,,,1020,1778009
,,,,,,,,,,,,,,,,,,,,,,,,,1021,1777042
,,,,,,,,,,,,,,,,,,,,,,,,,1022,1775387
,,,,,,,,,,,,,,,,,,,,,,,,,1023,1774309
,,,,,,,,,,,,,,,,,,,,,,,,,1024,1773013
,,,,,,,,,,,,,,,,,,,,,,,,,1025,1772886
,,,,,,,,,,,,,,,,,,,,,,,,,1026,1772482
,,,,,,,,,,,,,,,,,,,,,,,,,1027,1772482
,,,,,,,,,,,,,,,,,,,,,,,,,1028,1772482
,,,,,,,,,,,,,,,,,,,,,,,,,1029,1772482
,,,,,,,,,,,,,,,,,,,,,,,,,1030,1772452
,,,,,,,,,,,,,,,,,,,,,,,,,1031,1772328
,,,,,,,,,,,,,,,,,,,,,,,,,1032,1772213
,,,,,,,,,,,,,,,,,,,,,,,,,1033,1772143
,,,,,,,,,,,,,,,,,,,,,,,,,1034,1771299
,,,,,,,,,,,,,,,,,,,,,,,,,1035,1770469
,,,,,,,,,,,,,,,,,,,,,,,,,1036,1770297
,,,,,,,,,,,,,,,,,,,,,,,,,1037,1769954
,,,,,,,,,,,,,,,,,,,,,,,,,1038,1769839
,,,,,,,,,,,,,,,,,,,,,,,,,1039,1765851
,,,,,,,,,,,,,,,,,,,,,,,,,1040,1764915
,,,,,,,,,,,,,,,,,,,,,,,,,1041,1764474
,,,,,,,,,,,,,,,,,,,,,,,,,1042,1763997
,,,,,,,,,,,,,,,,,,,,,,,,,1043,1763299
,,,,,,,,,,,,,,,,,,,,,,,,,1044,1762868
,,,,,,,,,,,,,,,,,,,,,,,,,1045,1761773
,,,,,,,,,,,,,,,,,,,,,,,,,1046,1761038
,,,,,,,,,,,,,,,,,,,,,,,,,1047,1760877
,,,,,,,,,,,,,,,,,,,,,,,,,1048,1760235
,,,,,,,,,,,,,,,,,,,,,,,,,1049,1759871
,,,,,,,,,,,,,,,,,,,,,,,,,1050,1758350
,,,,,,,,,,,,,,,,,,,,,,,,,1051,1758191
,,,,,,,,,,,,,,,,,,,,,,,,,1052,1757429
,,,,,,,,,,,,,,,,,,,,,,,,,1053,1756833
,,,,,,,,,,,,,,,,,,,,,,,,,1054,1756130
,,,,,,,,,,,,,,,,,,,,,,,,,1055,1755898
,,,,,,,,,,,,,,,,,,,,,,,,,1056,1755718
,,,,,,,,,,,,,,,,,,,,,,,,,1057,1753399
,,,,,,,,,,,,,,,,,,,,,,,,,1058,1752688
,,,,,,,,,,,,,,,,,,,,,,,,,1059,1752310
,,,,,,,,,,,,,,,,,,,,,,,,,1060,1751880
,,,,,,,,,,,,,,,,,,,,,,,,,1061,1751877
,,,,,,,,,,,,,,,,,,,,,,,,,1062,1750098
,,,,,,,,,,,,,,,,,,,,,,,,,1063,1749955
,,,,,,,,,,,,,,,,,,,,,,,,,1064,1749890
,,,,,,,,,,,,,,,,,,,,,,,,,1065,1749026
,,,,,,,,,,,,,,,,,,,,,,,,,1066,1746669
,,,,,,,,,,,,,,,,,,,,,,,,,1067,1746142
,,,,,,,,,,,,,,,,,,,,,,,,,1068,1745737
,,,,,,,,,,,,,,,,,,,,,,,,,1069,1745528
,,,,,,,,,,,,,,,,,,,,,,,,,1070,1744779
,,,,,,,,,,,,,,,,,,,,,,,,,1071,1744708
,,,,,,,,,,,,,,,,,,,,,,,,,1072,1743630
,,,,,,,,,,,,,,,,,,,,,,,,,1073,1742018
,,,,,,,,,,,,,,,,,,,,,,,,,1074,1741272
,,,,,,,,,,,,,,,,,,,,,,,,,1075,1741241
,,,,,,,,,,,,,,,,,,,,,,,,,1076,1740827
,,,,,,,,,,,,,,,,,,,,,,,,,1077,1739837
,,,,,,,,,,,,,,,,,,,,,,,,,1078,1739282
,,,,,,,,,,,,,,,,,,,,,,,,,1079,1739231
,,,,,,,,,,,,,,,,,,,,,,,,,1080,1738863
,,,,,,,,,,,,,,,,,,,,,,,,,1081,1736025
,,,,,,,,,,,,,,,,,,,,,,,,,1082,1735436
,,,,,,,,,,,,,,,,,,,,,,,,,1083,1734618
,,,,,,,,,,,,,,,,,,,,,,,,,1084,1732196
,,,,,,,,,,,,,,,,,,,,,,,,,1085,1730664
,,,,,,,,,,,,,,,,,,,,,,,,,1086,1729969
,,,,,,,,,,,,,,,,,,,,,,,,,1087,1729721
,,,,,,,,,,,,,,,,,,,,,,,,,1088,1729304
,,,,,,,,,,,,,,,,,,,,,,,,,1089,1728733
,,,,,,,,,,,,,,,,,,,,,,,,,1090,1728139
,,,,,,,,,,,,,,,,,,,,,,,,,1091,1727054
,,,,,,,,,,,,,,,,,,,,,,,,,1092,1726344
,,,,,,,,,,,,,,,,,,,,,,,,,1093,1726021
,,,,,,,,,,,,,,,,,,,,,,,,,1094,1725684
,,,,,,,,,,,,,,,,,,,,,,,,,1095,1725491
,,,,,,,,,,,,,,,,,,,,,,,,,1096,1722687
,,,,,,,,,,,,,,,,,,,,,,,,,1097,1722530
,,,,,,,,,,,,,,,,,,,,,,,,,1098,1722417
,,,,,,,,,,,,,,,,,,,,,,,,,1099,1721911
,,,,,,,,,,,,,,,,,,,,,,,,,1100,1721851
,,,,,,,,,,,,,,,,,,,,,,,,,1101,1721629
,,,,,,,,,,,,,,,,,,,,,,,,,1102,1720909
,,,,,,,,,,,,,,,,,,,,,,,,,1103,1720657
,,,,,,,,,,,,,,,,,,,,,,,,,1104,1720082
,,,,,,,,,,,,,,,,,,,,,,,,,1105,1719098
,,,,,,,,,,,,,,,,,,,,,,,,,1106,1718802
,,,,,,,,,,,,,,,,,,,,,,,,,1107,1717749
,,,,,,,,,,,,,,,,,,,,,,,,,1108,1716853
,,,,,,,,,,,,,,,,,,,,,,,,,1109,1715121
,,,,,,,,,,,,,,,,,,,,,,,,,1110,1714218
,,,,,,,,,,,,,,,,,,,,,,,,,1111,1713826
,,,,,,,,,,,,,,,,,,,,,,,,,1112,1713162
,,,,,,,,,,,,,,,,,,,,,,,,,1113,1712788
,,,,,,,,,,,,,,,,,,,,,,,,,1114,1712597
,,,,,,,,,,,,,,,,,,,,,,,,,1115,1712177
,,,,,,,,,,,,,,,,,,,,,,,,,1116,1712109
,,,,,,,,,,,,,,,,,,,,,,,,,1117,1711759
,,,,,,,,,,,,,,,,,,,,,,,,,1118,1711575
,,,,,,,,,,,,,,,,,,,,,,,,,1119,1710220
,,,,,,,,,,,,,,,,,,,,,,,,,1120,1709711
,,,,,,,,,,,,,,,,,,,,,,,,,1121,1709213
,,,,,,,,,,,,,,,,,,,,,,,,,1122,1708235
,,,,,,,,,,,,,,,,,,,,,,,,,1123,1705899
,,,,,,,,,,,,,,,,,,,,,,,,,1124,1704770
,,,,,,,,,,,,,,,,,,,,,,,,,1125,1703865
,,,,,,,,,,,,,,,,,,,,,,,,,1126,1702712
,,,,,,,,,,,,,,,,,,,,,,,,,1127,1702402
,,,,,,,,,,,,,,,,,,,,,,,,,1128,1702286
,,,,,,,,,,,,,,,,,,,,,,,,,1129,1701882
,,,,,,,,,,,,,,,,,,,,,,,,,1130,1701247
,,,,,,,,,,,,,,,,,,,,,,,,,1131,1700430
,,,,,,,,,,,,,,,,,,,,,,,,,1132,1699869
,,,,,,,,,,,,,,,,,,,,,,,,,1133,1699681
,,,,,,,,,,,,,,,,,,,,,,,,,1134,1699386
,,,,,,,,,,,,,,,,,,,,,,,,,1135,1697504
,,,,,,,,,,,,,,,,,,,,,,,,,1136,1697043
,,,,,,,,,,,,,,,,,,,,,,,,,1137,1694719
,,,,,,,,,,,,,,,,,,,,,,,,,1138,1694184
,,,,,,,,,,,,,,,,,,,,,,,,,1139,1693199
,,,,,,,,,,,,,,,,,,,,,,,,,1140,1690644
,,,,,,,,,,,,,,,,,,,,,,,,,1141,1689788
,,,,,,,,,,,,,,,,,,,,,,,,,1142,1689360
,,,,,,,,,,,,,,,,,,,,,,,,,1143,1688680
,,,,,,,,,,,,,,,,,,,,,,,,,1144,1688252
,,,,,,,,,,,,,,,,,,,,,,,,,1145,1686569
,,,,,,,,,,,,,,,,,,,,,,,,,1146,1686525
,,,,,,,,,,,,,,,,,,,,,,,,,1147,1686284
,,,,,,,,,,,,,,,,,,,,,,,,,1148,1685905
,,,,,,,,,,,,,,,,,,,,,,,,,1149,1685142
,,,,,,,,,,,,,,,,,,,,,,,,,1150,1684260
,,,,,,,,,,,,,,,,,,,,,,,,,1151,1683884
,,,,,,,,,,,,,,,,,,,,,,,,,1152,1683582
,,,,,,,,,,,,,,,,,,,,,,,,,1153,1683247
,,,,,,,,,,,,,,,,,,,,,,,,,1154,1682332
,,,,,,,,,,,,,,,,,,,,,,,,,1155,1681747
,,,,,,,,,,,,,,,,,,,,,,,,,1156,1679583
,,,,,,,,,,,,,,,,,,,,,,,,,1157,1679032
,,,,,,,,,,,,,,,,,,,,,,,,,1158,1678571
,,,,,,,,,,,,,,,,,,,,,,,,,1159,1675685
,,,,,,,,,,,,,,,,,,,,,,,,,1160,1675058
,,,,,,,,,,,,,,,,,,,,,,,,,1161,1673543
,,,,,,,,,,,,,,,,,,,,,,,,,1162,1673134
,,,,,,,,,,,,,,,,,,,,,,,,,1163,1672988
,,,,,,,,,,,,,,,,,,,,,,,,,1164,1672984
,,,,,,,,,,,,,,,,,,,,,,,,,1165,1672896
,,,,,,,,,,,,,,,,,,,,,,,,,1166,1671947
,,,,,,,,,,,,,,,,,,,,,,,,,1167,1670776
,,,,,,,,,,,,,,,,,,,,,,,,,1168,1668217
,,,,,,,,,,,,,,,,,,,,,,,,,1169,1668064
,,,,,,,,,,,,,,,,,,,,,,,,,1170,1667578
,,,,,,,,,,,,,,,,,,,,,,,,,1171,1667538
,,,,,,,,,,,,,,,,,,,,,,,,,1172,1667524
,,,,,,,,,,,,,,,,,,,,,,,,,1173,1666969
,,,,,,,,,,,,,,,,,,,,,,,,,1174,1666698
,,,,,,,,,,,,,,,,,,,,,,,,,1175,1666618
,,,,,,,,,,,,,,,,,,,,,,,,,1176,1666618
,,,,,,,,,,,,,,,,,,,,,,,,,1177,1666052
,,,,,,,,,,,,,,,,,,,,,,,,,1178,1664433
,,,,,,,,,,,,,,,,,,,,,,,,,1179,1663927
,,,,,,,,,,,,,,,,,,,,,,,,,1180,1663711
,,,,,,,,,,,,,,,,,,,,,,,,,1181,1663349
,,,,,,,,,,,,,,,,,,,,,,,,,1182,1661603
,,,,,,,,,,,,,,,,,,,,,,,,,1183,1661155
,,,,,,,,,,,,,,,,,,,,,,,,,1184,1660700
,,,,,,,,,,,,,,,,,,,,,,,,,1185,1659230
,,,,,,,,,,,,,,,,,,,,,,,,,1186,1656708
,,,,,,,,,,,,,,,,,,,,,,,,,1187,1656392
,,,,,,,,,,,,,,,,,,,,,,,,,1188,1655880
,,,,,,,,,,,,,,,,,,,,,,,,,1189,1654681
,,,,,,,,,,,,,,,,,,,,,,,,,1190,1653874
,,,,,,,,,,,,,,,,,,,,,,,,,1191,1653718
,,,,,,,,,,,,,,,,,,,,,,,,,1192,1650914
,,,,,,,,,,,,,,,,,,,,,,,,,1193,1650479
,,,,,,,,,,,,,,,,,,,,,,,,,1194,1648879
,,,,,,,,,,,,,,,,,,,,,,,,,1195,1648173
,,,,,,,,,,,,,,,,,,,,,,,,,1196,1644898
,,,,,,,,,,,,,,,,,,,,,,,,,1197,1644896
,,,,,,,,,,,,,,,,,,,,,,,,,1198,1644522
,,,,,,,,,,,,,,,,,,,,,,,,,1199,1644372
,,,,,,,,,,,,,,,,,,,,,,,,,1200,1644172
,,,,,,,,,,,,,,,,,,,,,,,,,1201,1642594
,,,,,,,,,,,,,,,,,,,,,,,,,1202,1642410
,,,,,,,,,,,,,,,,,,,,,,,,,1203,1640488
,,,,,,,,,,,,,,,,,,,,,,,,,1204,1637762
,,,,,,,,,,,,,,,,,,,,,,,,,1205,1637723
,,,,,,,,,,,,,,,,,,,,,,,,,1206,1636242
,,,,,,,,,,,,,,,,,,,,,,,,,1207,1635420
,,,,,,,,,,,,,,,,,,,,,,,,,1208,1634920
,,,,,,,,,,,,,,,,,,,,,,,,,1209,1634667
,,,,,,,,,,,,,,,,,,,,,,,,,1210,1633796
,,,,,,,,,,,,,,,,,,,,,,,,,1211,1633463
,,,,,,,,,,,,,,,,,,,,,,,,,1212,1632170
,,,,,,,,,,,,,,,,,,,,,,,,,1213,1632165
,,,,,,,,,,,,,,,,,,,,,,,,,1214,1632065
,,,,,,,,,,,,,,,,,,,,,,,,,1215,1630343
,,,,,,,,,,,,,,,,,,,,,,,,,1216,1630265
,,,,,,,,,,,,,,,,,,,,,,,,,1217,1629059
,,,,,,,,,,,,,,,,,,,,,,,,,1218,1629048
,,,,,,,,,,,,,,,,,,,,,,,,,1219,1626865
,,,,,,,,,,,,,,,,,,,,,,,,,1220,1626127
,,,,,,,,,,,,,,,,,,,,,,,,,1221,1624754
,,,,,,,,,,,,,,,,,,,,,,,,,1222,1622047
,,,,,,,,,,,,,,,,,,,,,,,,,1223,1621902
,,,,,,,,,,,,,,,,,,,,,,,,,1224,1617903
,,,,,,,,,,,,,,,,,,,,,,,,,1225,1615856
,,,,,,,,,,,,,,,,,,,,,,,,,1226,1612469
,,,,,,,,,,,,,,,,,,,,,,,,,1227,1609686
,,,,,,,,,,,,,,,,,,,,,,,,,1228,1607402
,,,,,,,,,,,,,,,,,,,,,,,,,1229,1607305
,,,,,,,,,,,,,,,,,,,,,,,,,1230,1606063
,,,,,,,,,,,,,,,,,,,,,,,,,1231,1605187
,,,,,,,,,,,,,,,,,,,,,,,,,1232,1604354
,,,,,,,,,,,,,,,,,,,,,,,,,1233,1603043
,,,,,,,,,,,,,,,,,,,,,,,,,1234,1601569
,,,,,,,,,,,,,,,,,,,,,,,,,1235,1600798
,,,,,,,,,,,,,,,,,,,,,,,,,1236,1599192
,,,,,,,,,,,,,,,,,,,,,,,,,1237,1597779
,,,,,,,,,,,,,,,,,,,,,,,,,1238,1597693
,,,,,,,,,,,,,,,,,,,,,,,,,1239,1595725
,,,,,,,,,,,,,,,,,,,,,,,,,1240,1595494
,,,,,,,,,,,,,,,,,,,,,,,,,1241,1593490
,,,,,,,,,,,,,,,,,,,,,,,,,1242,1593030
,,,,,,,,,,,,,,,,,,,,,,,,,1243,1591369
,,,,,,,,,,,,,,,,,,,,,,,,,1244,1591122
,,,,,,,,,,,,,,,,,,,,,,,,,1245,1588714
,,,,,,,,,,,,,,,,,,,,,,,,,1246,1588701
,,,,,,,,,,,,,,,,,,,,,,,,,1247,1586731
,,,,,,,,,,,,,,,,,,,,,,,,,1248,1584995
,,,,,,,,,,,,,,,,,,,,,,,,,1249,1584833
,,,,,,,,,,,,,,,,,,,,,,,,,1250,1583776
,,,,,,,,,,,,,,,,,,,,,,,,,1251,1583466
,,,,,,,,,,,,,,,,,,,,,,,,,1252,1582956
,,,,,,,,,,,,,,,,,,,,,,,,,1253,1581725
,,,,,,,,,,,,,,,,,,,,,,,,,1254,1581065
,,,,,,,,,,,,,,,,,,,,,,,,,1255,1580526
,,,,,,,,,,,,,,,,,,,,,,,,,1256,1578770
,,,,,,,,,,,,,,,,,,,,,,,,,1257,1574245
,,,,,,,,,,,,,,,,,,,,,,,,,1258,1573219
,,,,,,,,,,,,,,,,,,,,,,,,,1259,1572362
,,,,,,,,,,,,,,,,,,,,,,,,,1260,1570583
,,,,,,,,,,,,,,,,,,,,,,,,,1261,1570147
,,,,,,,,,,,,,,,,,,,,,,,,,1262,1569678
,,,,,,,,,,,,,,,,,,,,,,,,,1263,1565233
,,,,,,,,,,,,,,,,,,,,,,,,,1264,1564387
,,,,,,,,,,,,,,,,,,,,,,,,,1265,1563829
,,,,,,,,,,,,,,,,,,,,,,,,,1266,1560561
,,,,,,,,,,,,,,,,,,,,,,,,,1267,1556916
,,,,,,,,,,,,,,,,,,,,,,,,,1268,1556746
,,,,,,,,,,,,,,,,,,,,,,,,,1269,1556680
,,,,,,,,,,,,,,,,,,,,,,,,,1270,1556563
,,,,,,,,,,,,,,,,,,,,,,,,,1271,1550409
,,,,,,,,,,,,,,,,,,,,,,,,,1272,1549530
,,,,,,,,,,,,,,,,,,,,,,,,,1273,1549059
,,,,,,,,,,,,,,,,,,,,,,,,,1274,1548414
,,,,,,,,,,,,,,,,,,,,,,,,,1275,1547796
,,,,,,,,,,,,,,,,,,,,,,,,,1276,1547079
,,,,,,,,,,,,,,,,,,,,,,,,,1277,1546381
,,,,,,,,,,,,,,,,,,,,,,,,,1278,1544059
,,,,,,,,,,,,,,,,,,,,,,,,,1279,1542250
,,,,,,,,,,,,,,,,,,,,,,,,,1280,1539885
,,,,,,,,,,,,,,,,,,,,,,,,,1281,1538891
,,,,,,,,,,,,,,,,,,,,,,,,,1282,1537824
,,,,,,,,,,,,,,,,,,,,,,,,,1283,1536624
,,,,,,,,,,,,,,,,,,,,,,,,,1284,1535529
,,,,,,,,,,,,,,,,,,,,,,,,,1285,1534788
,,,,,,,,,,,,,,,,,,,,,,,,,1286,1534671
,,,,,,,,,,,,,,,,,,,,,,,,,1287,1534159
,,,,,,,,,,,,,,,,,,,,,,,,,1288,1533991
,,,,,,,,,,,,,,,,,,,,,,,,,1289,1533538
,,,,,,,,,,,,,,,,,,,,,,,,,1290,1529587
,,,,,,,,,,,,,,,,,,,,,,,,,1291,1529463
,,,,,,,,,,,,,,,,,,,,,,,,,1292,1528177
,,,,,,,,,,,,,,,,,,,,,,,,,1293,1527697
,,,,,,,,,,,,,,,,,,,,,,,,,1294,1526251
,,,,,,,,,,,,,,,,,,,,,,,,,1295,1525191
,,,,,,,,,,,,,,,,,,,,,,,,,1296,1523311
,,,,,,,,,,,,,,,,,,,,,,,,,1297,1523189
,,,,,,,,,,,,,,,,,,,,,,,,,1298,1522086
,,,,,,,,,,,,,,,,,,,,,,,,,1299,1520194
,,,,,,,,,,,,,,,,,,,,,,,,,1300,1519024
,,,,,,,,,,,,,,,,,,,,,,,,,1301,1517934
,,,,,,,,,,,,,,,,,,,,,,,,,1302,1517109
,,,,,,,,,,,,,,,,,,,,,,,,,1303,1513055
,,,,,,,,,,,,,,,,,,,,,,,,,1304,1511103
,,,,,,,,,,,,,,,,,,,,,,,,,1305,1510607
,,,,,,,,,,,,,,,,,,,,,,,,,1306,1508428
,,,,,,,,,,,,,,,,,,,,,,,,,1307,1507992
,,,,,,,,,,,,,,,,,,,,,,,,,1308,1507146
,,,,,,,,,,,,,,,,,,,,,,,,,1309,1506108
,,,,,,,,,,,,,,,,,,,,,,,,,1310,1505446
,,,,,,,,,,,,,,,,,,,,,,,,,1311,1502389
,,,,,,,,,,,,,,,,,,,,,,,,,1312,1501780
,,,,,,,,,,,,,,,,,,,,,,,,,1313,1500592
,,,,,,,,,,,,,,,,,,,,,,,,,1314,1499588
,,,,,,,,,,,,,,,,,,,,,,,,,1315,1499102
,,,,,,,,,,,,,,,,,,,,,,,,,1316,1497859
,,,,,,,,,,,,,,,,,,,,,,,,,1317,1497316
,,,,,,,,,,,,,,,,,,,,,,,,,1318,1496109
,,,,,,,,,,,,,,,,,,,,,,,,,1319,1495380
,,,,,,,,,,,,,,,,,,,,,,,,,1320,1491344
,,,,,,,,,,,,,,,,,,,,,,,,,1321,1490272
,,,,,,,,,,,,,,,,,,,,,,,,,1322,1489747
,,,,,,,,,,,,,,,,,,,,,,,,,1323,1485155
,,,,,,,,,,,,,,,,,,,,,,,,,1324,1485148
,,,,,,,,,,,,,,,,,,,,,,,,,1325,1484460
,,,,,,,,,,,,,,,,,,,,,,,,,1326,1483202
,,,,,,,,,,,,,,,,,,,,,,,,,1327,1481436
,,,,,,,,,,,,,,,,,,,,,,,,,1328,1479163
,,,,,,,,,,,,,,,,,,,,,,,,,1329,1477144
,,,,,,,,,,,,,,,,,,,,,,,,,1330,1476824
,,,,,,,,,,,,,,,,,,,,,,,,,1331,1475297
,,,,,,,,,,,,,,,,,,,,,,,,,1332,1474624
,,,,,,,,,,,,,,,,,,,,,,,,,1333,1474335
,,,,,,,,,,,,,,,,,,,,,,,,,1334,1473746
,,,,,,,,,,,,,,,,,,,,,,,,,1335,1473388
,,,,,,,,,,,,,,,,,,,,,,,,,1336,1472442
,,,,,,,,,,,,,,,,,,,,,,,,,1337,1472089
,,,,,,,,,,,,,,,,,,,,,,,,,1338,1472069
,,,,,,,,,,,,,,,,,,,,,,,,,1339,1469382
,,,,,,,,,,,,,,,,,,,,,,,,,1340,1468814
,,,,,,,,,,,,,,,,,,,,,,,,,1341,1466898
,,,,,,,,,,,,,,,,,,,,,,,,,1342,1466187
,,,,,,,,,,,,,,,,,,,,,,,,,1343,1464520
,,,,,,,,,,,,,,,,,,,,,,,,,1344,1463809
,,,,,,,,,,,,,,,,,,,,,,,,,1345,1461844
,,,,,,,,,,,,,,,,,,,,,,,,,1346,1461444
,,,,,,,,,,,,,,,,,,,,,,,,,1347,1461062
,,,,,,,,,,,,,,,,,,,,,,,,,1348,1461030
,,,,,,,,,,,,,,,,,,,,,,,,,1349,1456896
,,,,,,,,,,,,,,,,,,,,,,,,,1350,1455905
,,,,,,,,,,,,,,,,,,,,,,,,,1351,1449244
,,,,,,,,,,,,,,,,,,,,,,,,,1352,1448737
,,,,,,,,,,,,,,,,,,,,,,,,,1353,1447541
,,,,,,,,,,,,,,,,,,,,,,,,,1354,1447021
,,,,,,,,,,,,,,,,,,,,,,,,,1355,1446565
,,,,,,,,,,,,,,,,,,,,,,,,,1356,1445125
,,,,,,,,,,,,,,,,,,,,,,,,,1357,1444723
,,,,,,,,,,,,,,,,,,,,,,,,,1358,1444579
,,,,,,,,,,,,,,,,,,,,,,,,,1359,1444225
,,,,,,,,,,,,,,,,,,,,,,,,,1360,1442035
,,,,,,,,,,,,,,,,,,,,,,,,,1361,1440027
,,,,,,,,,,,,,,,,,,,,,,,,,1362,1439495
,,,,,,,,,,,,,,,,,,,,,,,,,1363,1439067
,,,,,,,,,,,,,,,,,,,,,,,,,1364,1438654
,,,,,,,,,,,,,,,,,,,,,,,,,1365,1435188
,,,,,,,,,,,,,,,,,,,,,,,,,1366,1431642
,,,,,,,,,,,,,,,,,,,,,,,,,1367,1430332
,,,,,,,,,,,,,,,,,,,,,,,,,1368,1429127
,,,,,,,,,,,,,,,,,,,,,,,,,1369,1426448
,,,,,,,,,,,,,,,,,,,,,,,,,1370,1426008
,,,,,,,,,,,,,,,,,,,,,,,,,1371,1425959
,,,,,,,,,,,,,,,,,,,,,,,,,1372,1424091
,,,,,,,,,,,,,,,,,,,,,,,,,1373,1422622
,,,,,,,,,,,,,,,,,,,,,,,,,1374,1421023
,,,,,,,,,,,,,,,,,,,,,,,,,1375,1419406
,,,,,,,,,,,,,,,,,,,,,,,,,1376,1419299
,,,,,,,,,,,,,,,,,,,,,,,,,1377,1416144
,,,,,,,,,,,,,,,,,,,,,,,,,1378,1416030
,,,,,,,,,,,,,,,,,,,,,,,,,1379,1414053
,,,,,,,,,,,,,,,,,,,,,,,,,1380,1413037
,,,,,,,,,,,,,,,,,,,,,,,,,1381,1412440
,,,,,,,,,,,,,,,,,,,,,,,,,1382,1411286
,,,,,,,,,,,,,,,,,,,,,,,,,1383,1411098
,,,,,,,,,,,,,,,,,,,,,,,,,1384,1410956
,,,,,,,,,,,,,,,,,,,,,,,,,1385,1408672
,,,,,,,,,,,,,,,,,,,,,,,,,1386,1408408
,,,,,,,,,,,,,,,,,,,,,,,,,1387,1408408
,,,,,,,,,,,,,,,,,,,,,,,,,1388,1408408
,,,,,,,,,,,,,,,,,,,,,,,,,1389,1407047
,,,,,,,,,,,,,,,,,,,,,,,,,1390,1406473
,,,,,,,,,,,,,,,,,,,,,,,,,1391,1406191
,,,,,,,,,,,,,,,,,,,,,,,,,1392,1405007
,,,,,,,,,,,,,,,,,,,,,,,,,1393,1401235
,,,,,,,,,,,,,,,,,,,,,,,,,1394,1400746
,,,,,,,,,,,,,,,,,,,,,,,,,1395,1397383
,,,,,,,,,,,,,,,,,,,,,,,,,1396,1397258
,,,,,,,,,,,,,,,,,,,,,,,,,1397,1395379
,,,,,,,,,,,,,,,,,,,,,,,,,1398,1394740
,,,,,,,,,,,,,,,,,,,,,,,,,1399,1394243
,,,,,,,,,,,,,,,,,,,,,,,,,1400,1394061
,,,,,,,,,,,,,,,,,,,,,,,,,1401,1391486
,,,,,,,,,,,,,,,,,,,,,,,,,1402,1387809
,,,,,,,,,,,,,,,,,,,,,,,,,1403,1387724
,,,,,,,,,,,,,,,,,,,,,,,,,1404,1385909
,,,,,,,,,,,,,,,,,,,,,,,,,1405,1385655
,,,,,,,,,,,,,,,,,,,,,,,,,1406,1385437
,,,,,,,,,,,,,,,,,,,,,,,,,1407,1382635
,,,,,,,,,,,,,,,,,,,,,,,,,1408,1382085
,,,,,,,,,,,,,,,,,,,,,,,,,1409,1379001
,,,,,,,,,,,,,,,,,,,,,,,,,1410,1378106
,,,,,,,,,,,,,,,,,,,,,,,,,1411,1377472
,,,,,,,,,,,,,,,,,,,,,,,,,1412,1375154
,,,,,,,,,,,,,,,,,,,,,,,,,1413,1373711
,,,,,,,,,,,,,,,,,,,,,,,,,1414,1372858
,,,,,,,,,,,,,,,,,,,,,,,,,1415,1372668
,,,,,,,,,,,,,,,,,,,,,,,,,1416,1368516
,,,,,,,,,,,,,,,,,,,,,,,,,1417,1368363
,,,,,,,,,,,,,,,,,,,,,,,,,1418,1368294
,,,,,,,,,,,,,,,,,,,,,,,,,1419,1366105
,,,,,,,,,,,,,,,,,,,,,,,,,1420,1366004
,,,,,,,,,,,,,,,,,,,,,,,,,1421,1365735
,,,,,,,,,,,,,,,,,,,,,,,,,1422,1364934
,,,,,,,,,,,,,,,,,,,,,,,,,1423,1364636
,,,,,,,,,,,,,,,,,,,,,,,,,1424,1364288
,,,,,,,,,,,,,,,,,,,,,,,,,1425,1358623
,,,,,,,,,,,,,,,,,,,,,,,,,1426,1357810
,,,,,,,,,,,,,,,,,,,,,,,,,1427,1357524
,,,,,,,,,,,,,,,,,,,,,,,,,1428,1354999
,,,,,,,,,,,,,,,,,,,,,,,,,1429,1354777
,,,,,,,,,,,,,,,,,,,,,,,,,1430,1353031
,,,,,,,,,,,,,,,,,,,,,,,,,1431,1350890
,,,,,,,,,,,,,,,,,,,,,,,,,1432,1349425
,,,,,,,,,,,,,,,,,,,,,,,,,1433,1348113
,,,,,,,,,,,,,,,,,,,,,,,,,1434,1346562
,,,,,,,,,,,,,,,,,,,,,,,,,1435,1345107
,,,,,,,,,,,,,,,,,,,,,,,,,1436,1343856
,,,,,,,,,,,,,,,,,,,,,,,,,1437,1343349
,,,,,,,,,,,,,,,,,,,,,,,,,1438,1342624
,,,,,,,,,,,,,,,,,,,,,,,,,1439,1342399
,,,,,,,,,,,,,,,,,,,,,,,,,1440,1340739
,,,,,,,,,,,,,,,,,,,,,,,,,1441,1340187
,,,,,,,,,,,,,,,,,,,,,,,,,1442,1339661
,,,,,,,,,,,,,,,,,,,,,,,,,1443,1337597
,,,,,,,,,,,,,,,,,,,,,,,,,1444,1337466
,,,,,,,,,,,,,,,,,,,,,,,,,1445,1337300
,,,,,,,,,,,,,,,,,,,,,,,,,1446,1335986
,,,,,,,,,,,,,,,,,,,,,,,,,1447,1335314
,,,,,,,,,,,,,,,,,,,,,,,,,1448,1335164
,,,,,,,,,,,,,,,,,,,,,,,,,1449,1334946
,,,,,,,,,,,,,,,,,,,,,,,,,1450,1333734
,,,,,,,,,,,,,,,,,,,,,,,,,1451,1331409
,,,,,,,,,,,,,,,,,,,,,,,,,1452,1331236
,,,,,,,,,,,,,,,,,,,,,,,,,1453,1330613
,,,,,,,,,,,,,,,,,,,,,,,,,1454,1329678
,,,,,,,,,,,,,,,,,,,,,,,,,1455,1327789
,,,,,,,,,,,,,,,,,,,,,,,,,1456,1327778
,,,,,,,,,,,,,,,,,,,,,,,,,1457,1326296
,,,,,,,,,,,,,,,,,,,,,,,,,1458,1325699
,,,,,,,,,,,,,,,,,,,,,,,,,1459,1324278
,,,,,,,,,,,,,,,,,,,,,,,,,1460,1324215
,,,,,,,,,,,,,,,,,,,,,,,,,1461,1323892
,,,,,,,,,,,,,,,,,,,,,,,,,1462,1323869
,,,,,,,,,,,,,,,,,,,,,,,,,1463,1320698
,,,,,,,,,,,,,,,,,,,,,,,,,1464,1320109
,,,,,,,,,,,,,,,,,,,,,,,,,1465,1317956
,,,,,,,,,,,,,,,,,,,,,,,,,1466,1312330
,,,,,,,,,,,,,,,,,,,,,,,,,1467,1311491
,,,,,,,,,,,,,,,,,,,,,,,,,1468,1310781
,,,,,,,,,,,,,,,,,,,,,,,,,1469,1308912
,,,,,,,,,,,,,,,,,,,,,,,,,1470,1306180
,,,,,,,,,,,,,,,,,,,,,,,,,1471,1305388
,,,,,,,,,,,,,,,,,,,,,,,,,1472,1302611
,,,,,,,,,,,,,,,,,,,,,,,,,1473,1302277
,,,,,,,,,,,,,,,,,,,,,,,,,1474,1301341
,,,,,,,,,,,,,,,,,,,,,,,,,1475,1300080
,,,,,,,,,,,,,,,,,,,,,,,,,1476,1299058
,,,,,,,,,,,,,,,,,,,,,,,,,1477,1298247
,,,,,,,,,,,,,,,,,,,,,,,,,1478,1297352
,,,,,,,,,,,,,,,,,,,,,,,,,1479,1297202
,,,,,,,,,,,,,,,,,,,,,,,,,1480,1296476
,,,,,,,,,,,,,,,,,,,,,,,,,1481,1292094
,,,,,,,,,,,,,,,,,,,,,,,,,1482,1291766
,,,,,,,,,,,,,,,,,,,,,,,,,1483,1291175
,,,,,,,,,,,,,,,,,,,,,,,,,1484,1290658
,,,,,,,,,,,,,,,,,,,,,,,,,1485,1287789
,,,,,,,,,,,,,,,,,,,,,,,,,1486,1287383
,,,,,,,,,,,,,,,,,,,,,,,,,1487,1286116
,,,,,,,,,,,,,,,,,,,,,,,,,1488,1286074
,,,,,,,,,,,,,,,,,,,,,,,,,1489,1282086
,,,,,,,,,,,,,,,,,,,,,,,,,1490,1280429
,,,,,,,,,,,,,,,,,,,,,,,,,1491,1277529
,,,,,,,,,,,,,,,,,,,,,,,,,1492,1276161
,,,,,,,,,,,,,,,,,,,,,,,,,1493,1274265
,,,,,,,,,,,,,,,,,,,,,,,,,1494,1274012
,,,,,,,,,,,,,,,,,,,,,,,,,1495,1271286
,,,,,,,,,,,,,,,,,,,,,,,,,1496,1270762
,,,,,,,,,,,,,,,,,,,,,,,,,1497,1268975
,,,,,,,,,,,,,,,,,,,,,,,,,1498,1266213
,,,,,,,,,,,,,,,,,,,,,,,,,1499,1265572
,,,,,,,,,,,,,,,,,,,,,,,,,1500,1264850
,,,,,,,,,,,,,,,,,,,,,,,,,1501,1262698
,,,,,,,,,,,,,,,,,,,,,,,,,1502,1260114
,,,,,,,,,,,,,,,,,,,,,,,,,1503,1257170
,,,,,,,,,,,,,,,,,,,,,,,,,1504,1256982
,,,,,,,,,,,,,,,,,,,,,,,,,1505,1256689
,,,,,,,,,,,,,,,,,,,,,,,,,1506,1256261
,,,,,,,,,,,,,,,,,,,,,,,,,1507,1253978
,,,,,,,,,,,,,,,,,,,,,,,,,1508,1253143
,,,,,,,,,,,,,,,,,,,,,,,,,1509,1252060
,,,,,,,,,,,,,,,,,,,,,,,,,1510,1249089
,,,,,,,,,,,,,,,,,,,,,,,,,1511,1247479
,,,,,,,,,,,,,,,,,,,,,,,,,1512,1247280
,,,,,,,,,,,,,,,,,,,,,,,,,1513,1246168
,,,,,,,,,,,,,,,,,,,,,,,,,1514,1244013
,,,,,,,,,,,,,,,,,,,,,,,,,1515,1243696
,,,,,,,,,,,,,,,,,,,,,,,,,1516,1243207
,,,,,,,,,,,,,,,,,,,,,,,,,1517,1242613
,,,,,,,,,,,,,,,,,,,,,,,,,1518,1240069
,,,,,,,,,,,,,,,,,,,,,,,,,1519,1239905
,,,,,,,,,,,,,,,,,,,,,,,,,1520,1238578
,,,,,,,,,,,,,,,,,,,,,,,,,1521,1234757
,,,,,,,,,,,,,,,,,,,,,,,,,1522,1230577
,,,,,,,,,,,,,,,,,,,,,,,,,1523,1230400
,,,,,,,,,,,,,,,,,,,,,,,,,1524,1226101
,,,,,,,,,,,,,,,,,,,,,,,,,1525,1226041
,,,,,,,,,,,,,,,,,,,,,,,,,1526,1223225
,,,,,,,,,,,,,,,,,,,,,,,,,1527,1220400
,,,,,,,,,,,,,,,,,,,,,,,,,1528,1219621
,,,,,,,,,,,,,,,,,,,,,,,,,1529,1219611
,,,,,,,,,,,,,,,,,,,,,,,,,1530,1216622
,,,,,,,,,,,,,,,,,,,,,,,,,1531,1214904
,,,,,,,,,,,,,,,,,,,,,,,,,1532,1214007
,,,,,,,,,,,,,,,,,,,,,,,,,1533,1211459
,,,,,,,,,,,,,,,,,,,,,,,,,1534,1211453
,,,,,,,,,,,,,,,,,,,,,,,,,1535,1210780
,,,,,,,,,,,,,,,,,,,,,,,,,1536,1209588
,,,,,,,,,,,,,,,,,,,,,,,,,1537,1208781
,,,,,,,,,,,,,,,,,,,,,,,,,1538,1207274
,,,,,,,,,,,,,,,,,,,,,,,,,1539,1203894
,,,,,,,,,,,,,,,,,,,,,,,,,1540,1202974
,,,,,,,,,,,,,,,,,,,,,,,,,1541,1200705
,,,,,,,,,,,,,,,,,,,,,,,,,1542,1200705
,,,,,,,,,,,,,,,,,,,,,,,,,1543,1200154
,,,,,,,,,,,,,,,,,,,,,,,,,1544,1199119
,,,,,,,,,,,,,,,,,,,,,,,,,1545,1198495
,,,,,,,,,,,,,,,,,,,,,,,,,1546,1191834
,,,,,,,,,,,,,,,,,,,,,,,,,1547,1191289
,,,,,,,,,,,,,,,,,,,,,,,,,1548,1189589
,,,,,,,,,,,,,,,,,,,,,,,,,1549,1188767
,,,,,,,,,,,,,,,,,,,,,,,,,1550,1186320
,,,,,,,,,,,,,,,,,,,,,,,,,1551,1184108
,,,,,,,,,,,,,,,,,,,,,,,,,1552,1183657
,,,,,,,,,,,,,,,,,,,,,,,,,1553,1179102
,,,,,,,,,,,,,,,,,,,,,,,,,1554,1175444
,,,,,,,,,,,,,,,,,,,,,,,,,1555,1174312
,,,,,,,,,,,,,,,,,,,,,,,,,1556,1172385
,,,,,,,,,,,,,,,,,,,,,,,,,1557,1167875
,,,,,,,,,,,,,,,,,,,,,,,,,1558,1165043
,,,,,,,,,,,,,,,,,,,,,,,,,1559,1163884
,,,,,,,,,,,,,,,,,,,,,,,,,1560,1163650
,,,,,,,,,,,,,,,,,,,,,,,,,1561,1163650
,,,,,,,,,,,,,,,,,,,,,,,,,1562,1163650
,,,,,,,,,,,,,,,,,,,,,,,,,1563,1163650
,,,,,,,,,,,,,,,,,,,,,,,,,1564,1163650
,,,,,,,,,,,,,,,,,,,,,,,,,1565,1163650
,,,,,,,,,,,,,,,,,,,,,,,,,1566,1163307
,,,,,,,,,,,,,,,,,,,,,,,,,1567,1163307
,,,,,,,,,,,,,,,,,,,,,,,,,1568,1163307
,,,,,,,,,,,,,,,,,,,,,,,,,1569,1163307
,,,,,,,,,,,,,,,,,,,,,,,,,1570,1163307
,,,,,,,,,,,,,,,,,,,,,,,,,1571,1162046
,,,,,,,,,,,,,,,,,,,,,,,,,1572,1159892
,,,,,,,,,,,,,,,,,,,,,,,,,1573,1159666
,,,,,,,,,,,,,,,,,,,,,,,,,1574,1153828
,,,,,,,,,,,,,,,,,,,,,,,,,1575,1152000
,,,,,,,,,,,,,,,,,,,,,,,,,1576,1151501
,,,,,,,,,,,,,,,,,,,,,,,,,1577,1149679
,,,,,,,,,,,,,,,,,,,,,,,,,1578,1149591
,,,,,,,,,,,,,,,,,,,,,,,,,1579,1147267
,,,,,,,,,,,,,,,,,,,,,,,,,1580,1143178
,,,,,,,,,,,,,,,,,,,,,,,,,1581,1138551
,,,,,,,,,,,,,,,,,,,,,,,,,1582,1138219
,,,,,,,,,,,,,,,,,,,,,,,,,1583,1136877
,,,,,,,,,,,,,,,,,,,,,,,,,1584,1136316
,,,,,,,,,,,,,,,,,,,,,,,,,1585,1136303
,,,,,,,,,,,,,,,,,,,,,,,,,1586,1136203
,,,,,,,,,,,,,,,,,,,,,,,,,1587,1134064
,,,,,,,,,,,,,,,,,,,,,,,,,1588,1132201
,,,,,,,,,,,,,,,,,,,,,,,,,1589,1131633
,,,,,,,,,,,,,,,,,,,,,,,,,1590,1131462
,,,,,,,,,,,,,,,,,,,,,,,,,1591,1126724
,,,,,,,,,,,,,,,,,,,,,,,,,1592,1123002
,,,,,,,,,,,,,,,,,,,,,,,,,1593,1121163
,,,,,,,,,,,,,,,,,,,,,,,,,1594,1120600
,,,,,,,,,,,,,,,,,,,,,,,,,1595,1117992
,,,,,,,,,,,,,,,,,,,,,,,,,1596,1110687
,,,,,,,,,,,,,,,,,,,,,,,,,1597,1109094
,,,,,,,,,,,,,,,,,,,,,,,,,1598,1108787
,,,,,,,,,,,,,,,,,,,,,,,,,1599,1106840
,,,,,,,,,,,,,,,,,,,,,,,,,1600,1106170
,,,,,,,,,,,,,,,,,,,,,,,,,1601,1105751
,,,,,,,,,,,,,,,,,,,,,,,,,1602,1105748
,,,,,,,,,,,,,,,,,,,,,,,,,1603,1105202
,,,,,,,,,,,,,,,,,,,,,,,,,1604,1101866
,,,,,,,,,,,,,,,,,,,,,,,,,1605,1098954
,,,,,,,,,,,,,,,,,,,,,,,,,1606,1098812
,,,,,,,,,,,,,,,,,,,,,,,,,1607,1098350
,,,,,,,,,,,,,,,,,,,,,,,,,1608,1088381
,,,,,,,,,,,,,,,,,,,,,,,,,1609,1088083
,,,,,,,,,,,,,,,,,,,,,,,,,1610,1084234
,,,,,,,,,,,,,,,,,,,,,,,,,1611,1084033
,,,,,,,,,,,,,,,,,,,,,,,,,1612,1081876
,,,,,,,,,,,,,,,,,,,,,,,,,1613,1079649
,,,,,,,,,,,,,,,,,,,,,,,,,1614,1079603
,,,,,,,,,,,,,,,,,,,,,,,,,1615,1074068
,,,,,,,,,,,,,,,,,,,,,,,,,1616,1074065
,,,,,,,,,,,,,,,,,,,,,,,,,1617,1073806
,,,,,,,,,,,,,,,,,,,,,,,,,1618,1070979
,,,,,,,,,,,,,,,,,,,,,,,,,1619,1070873
,,,,,,,,,,,,,,,,,,,,,,,,,1620,1068220
,,,,,,,,,,,,,,,,,,,,,,,,,1621,1067710
,,,,,,,,,,,,,,,,,,,,,,,,,1622,1066382
,,,,,,,,,,,,,,,,,,,,,,,,,1623,1066068
,,,,,,,,,,,,,,,,,,,,,,,,,1624,1065575
,,,,,,,,,,,,,,,,,,,,,,,,,1625,1065091
,,,,,,,,,,,,,,,,,,,,,,,,,1626,1064772
,,,,,,,,,,,,,,,,,,,,,,,,,1627,1063230
,,,,,,,,,,,,,,,,,,,,,,,,,1628,1061871
,,,,,,,,,,,,,,,,,,,,,,,,,1629,1060809
,,,,,,,,,,,,,,,,,,,,,,,,,1630,1059537
,,,,,,,,,,,,,,,,,,,,,,,,,1631,1058564
,,,,,,,,,,,,,,,,,,,,,,,,,1632,1057615
,,,,,,,,,,,,,,,,,,,,,,,,,1633,1057068
,,,,,,,,,,,,,,,,,,,,,,,,,1634,1056819
,,,,,,,,,,,,,,,,,,,,,,,,,1635,1055574
,,,,,,,,,,,,,,,,,,,,,,,,,1636,1055008
,,,,,,,,,,,,,,,,,,,,,,,,,1637,1054550
,,,,,,,,,,,,,,,,,,,,,,,,,1638,1054548
,,,,,,,,,,,,,,,,,,,,,,,,,1639,1053870
,,,,,,,,,,,,,,,,,,,,,,,,,1640,1051507
,,,,,,,,,,,,,,,,,,,,,,,,,1641,1051477
,,,,,,,,,,,,,,,,,,,,,,,,,1642,1050345
,,,,,,,,,,,,,,,,,,,,,,,,,1643,1050306
,,,,,,,,,,,,,,,,,,,,,,,,,1644,1046883
,,,,,,,,,,,,,,,,,,,,,,,,,1645,1046682
,,,,,,,,,,,,,,,,,,,,,,,,,1646,1042024
,,,,,,,,,,,,,,,,,,,,,,,,,1647,1041798
,,,,,,,,,,,,,,,,,,,,,,,,,1648,1041390
,,,,,,,,,,,,,,,,,,,,,,,,,1649,1040291
,,,,,,,,,,,,,,,,,,,,,,,,,1650,1038936
,,,,,,,,,,,,,,,,,,,,,,,,,1651,1038506
,,,,,,,,,,,,,,,,,,,,,,,,,1652,1037065
,,,,,,,,,,,,,,,,,,,,,,,,,1653,1036780
,,,,,,,,,,,,,,,,,,,,,,,,,1654,1036257
,,,,,,,,,,,,,,,,,,,,,,,,,1655,1034681
,,,,,,,,,,,,,,,,,,,,,,,,,1656,1034681
,,,,,,,,,,,,,,,,,,,,,,,,,1657,1034681
,,,,,,,,,,,,,,,,,,,,,,,,,1658,1034595
,,,,,,,,,,,,,,,,,,,,,,,,,1659,1033912
,,,,,,,,,,,,,,,,,,,,,,,,,1660,1033078
,,,,,,,,,,,,,,,,,,,,,,,,,1661,1032716
,,,,,,,,,,,,,,,,,,,,,,,,,1662,1031732
,,,,,,,,,,,,,,,,,,,,,,,,,1663,1031382
,,,,,,,,,,,,,,,,,,,,,,,,,1664,1029919
,,,,,,,,,,,,,,,,,,,,,,,,,1665,1028913
,,,,,,,,,,,,,,,,,,,,,,,,,1666,1028143
,,,,,,,,,,,,,,,,,,,,,,,,,1667,1027718
,,,,,,,,,,,,,,,,,,,,,,,,,1668,1027634
,,,,,,,,,,,,,,,,,,,,,,,,,1669,1026319
,,,,,,,,,,,,,,,,,,,,,,,,,1670,1026319
,,,,,,,,,,,,,,,,,,,,,,,,,1671,1026168
,,,,,,,,,,,,,,,,,,,,,,,,,1672,1023875
,,,,,,,,,,,,,,,,,,,,,,,,,1673,1023393
,,,,,,,,,,,,,,,,,,,,,,,,,1674,1022975
,,,,,,,,,,,,,,,,,,,,,,,,,1675,1022305
,,,,,,,,,,,,,,,,,,,,,,,,,1676,1020957
,,,,,,,,,,,,,,,,,,,,,,,,,1677,1020821
,,,,,,,,,,,,,,,,,,,,,,,,,1678,1020792
,,,,,,,,,,,,,,,,,,,,,,,,,1679,1020792
,,,,,,,,,,,,,,,,,,,,,,,,,1680,1020792
,,,,,,,,,,,,,,,,,,,,,,,,,1681,1020792
,,,,,,,,,,,,,,,,,,,,,,,,,1682,1020792
,,,,,,,,,,,,,,,,,,,,,,,,,1683,1020790
,,,,,,,,,,,,,,,,,,,,,,,,,1684,1020790
,,,,,,,,,,,,,,,,,,,,,,,,,1685,1020714
,,,,,,,,,,,,,,,,,,,,,,,,,1686,1019974
,,,,,,,,,,,,,,,,,,,,,,,,,1687,1019756
,,,,,,,,,,,,,,,,,,,,,,,,,1688,1018604
,,,,,,,,,,,,,,,,,,,,,,,,,1689,1018163
,,,,,,,,,,,,,,,,,,,,,,,,,1690,1017778
,,,,,,,,,,,,,,,,,,,,,,,,,1691,1015678
,,,,,,,,,,,,,,,,,,,,,,,,,1692,1015499
,,,,,,,,,,,,,,,,,,,,,,,,,1693,1014876
,,,,,,,,,,,,,,,,,,,,,,,,,1694,1014876
,,,,,,,,,,,,,,,,,,,,,,,,,1695,1014876
,,,,,,,,,,,,,,,,,,,,,,,,,1696,1014876
,,,,,,,,,,,,,,,,,,,,,,,,,1697,1014876
,,,,,,,,,,,,,,,,,,,,,,,,,1698,1014876
,,,,,,,,,,,,,,,,,,,,,,,,,1699,1014876
,,,,,,,,,,,,,,,,,,,,,,,,,1700,1014876
,,,,,,,,,,,,,,,,,,,,,,,,,1701,1014700
,,,,,,,,,,,,,,,,,,,,,,,,,1702,1014348
,,,,,,,,,,,,,,,,,,,,,,,,,1703,1013974
,,,,,,,,,,,,,,,,,,,,,,,,,1704,1013573
,,,,,,,,,,,,,,,,,,,,,,,,,1705,1012676
,,,,,,,,,,,,,,,,,,,,,,,,,1706,1010772
,,,,,,,,,,,,,,,,,,,,,,,,,1707,1008497
,,,,,,,,,,,,,,,,,,,,,,,,,1708,1008497
,,,,,,,,,,,,,,,,,,,,,,,,,1709,1008410
,,,,,,,,,,,,,,,,,,,,,,,,,1710,1007517
,,,,,,,,,,,,,,,,,,,,,,,,,1711,1005225
,,,,,,,,,,,,,,,,,,,,,,,,,1712,1004487
,,,,,,,,,,,,,,,,,,,,,,,,,1713,1003991
,,,,,,,,,,,,,,,,,,,,,,,,,1714,1002867
,,,,,,,,,,,,,,,,,,,,,,,,,1715,1002867
,,,,,,,,,,,,,,,,,,,,,,,,,1716,1002867
,,,,,,,,,,,,,,,,,,,,,,,,,1717,1002679
,,,,,,,,,,,,,,,,,,,,,,,,,1718,1002515
,,,,,,,,,,,,,,,,,,,,,,,,,1719,1002467
,,,,,,,,,,,,,,,,,,,,,,,,,1720,1002252
,,,,,,,,,,,,,,,,,,,,,,,,,1721,1001461
,,,,,,,,,,,,,,,,,,,,,,,,,1722,1001369
,,,,,,,,,,,,,,,,,,,,,,,,,1723,999685
,,,,,,,,,,,,,,,,,,,,,,,,,1724,999384
,,,,,,,,,,,,,,,,,,,,,,,,,1725,998586
,,,,,,,,,,,,,,,,,,,,,,,,,1726,998427
,,,,,,,,,,,,,,,,,,,,,,,,,1727,998356
,,,,,,,,,,,,,,,,,,,,,,,,,1728,997757
,,,,,,,,,,,,,,,,,,,,,,,,,1729,996854
,,,,,,,,,,,,,,,,,,,,,,,,,1730,994889
,,,,,,,,,,,,,,,,,,,,,,,,,1731,994667
,,,,,,,,,,,,,,,,,,,,,,,,,1732,994368
,,,,,,,,,,,,,,,,,,,,,,,,,1733,994062
,,,,,,,,,,,,,,,,,,,,,,,,,1734,993985
,,,,,,,,,,,,,,,,,,,,,,,,,1735,993546
,,,,,,,,,,,,,,,,,,,,,,,,,1736,993546
,,,,,,,,,,,,,,,,,,,,,,,,,1737,993546
,,,,,,,,,,,,,,,,,,,,,,,,,1738,993464
,,,,,,,,,,,,,,,,,,,,,,,,,1739,993317
,,,,,,,,,,,,,,,,,,,,,,,,,1740,993296
,,,,,,,,,,,,,,,,,,,,,,,,,1741,993295
,,,,,,,,,,,,,,,,,,,,,,,,,1742,993295
,,,,,,,,,,,,,,,,,,,,,,,,,1743,993295
,,,,,,,,,,,,,,,,,,,,,,,,,1744,992960
,,,,,,,,,,,,,,,,,,,,,,,,,1745,992923
,,,,,,,,,,,,,,,,,,,,,,,,,1746,992791
,,,,,,,,,,,,,,,,,,,,,,,,,1747,992773
,,,,,,,,,,,,,,,,,,,,,,,,,1748,990196
,,,,,,,,,,,,,,,,,,,,,,,,,1749,988256
,,,,,,,,,,,,,,,,,,,,,,,,,1750,987814
,,,,,,,,,,,,,,,,,,,,,,,,,1751,985991
,,,,,,,,,,,,,,,,,,,,,,,,,1752,985765
,,,,,,,,,,,,,,,,,,,,,,,,,1753,985307
,,,,,,,,,,,,,,,,,,,,,,,,,1754,985307
,,,,,,,,,,,,,,,,,,,,,,,,,1755,985307
,,,,,,,,,,,,,,,,,,,,,,,,,1756,985307
,,,,,,,,,,,,,,,,,,,,,,,,,1757,985307
,,,,,,,,,,,,,,,,,,,,,,,,,1758,985307
,,,,,,,,,,,,,,,,,,,,,,,,,1759,985080
,,,,,,,,,,,,,,,,,,,,,,,,,1760,984025
,,,,,,,,,,,,,,,,,,,,,,,,,1761,983353
,,,,,,,,,,,,,,,,,,,,,,,,,1762,982849
,,,,,,,,,,,,,,,,,,,,,,,,,1763,982169
,,,,,,,,,,,,,,,,,,,,,,,,,1764,981151
,,,,,,,,,,,,,,,,,,,,,,,,,1765,980100
,,,,,,,,,,,,,,,,,,,,,,,,,1766,977495
,,,,,,,,,,,,,,,,,,,,,,,,,1767,977260
,,,,,,,,,,,,,,,,,,,,,,,,,1768,974316
,,,,,,,,,,,,,,,,,,,,,,,,,1769,973606
,,,,,,,,,,,,,,,,,,,,,,,,,1770,973498
,,,,,,,,,,,,,,,,,,,,,,,,,1771,973444
,,,,,,,,,,,,,,,,,,,,,,,,,1772,972805
,,,,,,,,,,,,,,,,,,,,,,,,,1773,972536
,,,,,,,,,,,,,,,,,,,,,,,,,1774,971546
,,,,,,,,,,,,,,,,,,,,,,,,,1775,971302
,,,,,,,,,,,,,,,,,,,,,,,,,1776,971302
,,,,,,,,,,,,,,,,,,,,,,,,,1777,971302
,,,,,,,,,,,,,,,,,,,,,,,,,1778,971168
,,,,,,,,,,,,,,,,,,,,,,,,,1779,969758
,,,,,,,,,,,,,,,,,,,,,,,,,1780,968422
,,,,,,,,,,,,,,,,,,,,,,,,,1781,964928
,,,,,,,,,,,,,,,,,,,,,,,,,1782,963834
,,,,,,,,,,,,,,,,,,,,,,,,,1783,963686
,,,,,,,,,,,,,,,,,,,,,,,,,1784,963267
,,,,,,,,,,,,,,,,,,,,,,,,,1785,962849
,,,,,,,,,,,,,,,,,,,,,,,,,1786,960409
,,,,,,,,,,,,,,,,,,,,,,,,,1787,958921
,,,,,,,,,,,,,,,,,,,,,,,,,1788,957747
,,,,,,,,,,,,,,,,,,,,,,,,,1789,957210
,,,,,,,,,,,,,,,,,,,,,,,,,1790,956266
,,,,,,,,,,,,,,,,,,,,,,,,,1791,953915
,,,,,,,,,,,,,,,,,,,,,,,,,1792,953915
,,,,,,,,,,,,,,,,,,,,,,,,,1793,953266
,,,,,,,,,,,,,,,,,,,,,,,,,1794,952745
,,,,,,,,,,,,,,,,,,,,,,,,,1795,952644
,,,,,,,,,,,,,,,,,,,,,,,,,1796,951977
,,,,,,,,,,,,,,,,,,,,,,,,,1797,951795
,,,,,,,,,,,,,,,,,,,,,,,,,1798,951643
,,,,,,,,,,,,,,,,,,,,,,,,,1799,949885
,,,,,,,,,,,,,,,,,,,,,,,,,1800,949656
,,,,,,,,,,,,,,,,,,,,,,,,,1801,949481
,,,,,,,,,,,,,,,,,,,,,,,,,1802,947979
,,,,,,,,,,,,,,,,,,,,,,,,,1803,945775
,,,,,,,,,,,,,,,,,,,,,,,,,1804,945464
,,,,,,,,,,,,,,,,,,,,,,,,,1805,943639
,,,,,,,,,,,,,,,,,,,,,,,,,1806,943321
,,,,,,,,,,,,,,,,,,,,,,,,,1807,942392
,,,,,,,,,,,,,,,,,,,,,,,,,1808,942035
,,,,,,,,,,,,,,,,,,,,,,,,,1809,940013
,,,,,,,,,,,,,,,,,,,,,,,,,1810,938249
,,,,,,,,,,,,,,,,,,,,,,,,,1811,937339
,,,,,,,,,,,,,,,,,,,,,,,,,1812,936614
,,,,,,,,,,,,,,,,,,,,,,,,,1813,936388
,,,,,,,,,,,,,,,,,,,,,,,,,1814,936293
,,,,,,,,,,,,,,,,,,,,,,,,,1815,936293
,,,,,,,,,,,,,,,,,,,,,,,,,1816,936293
,,,,,,,,,,,,,,,,,,,,,,,,,1817,936289
,,,,,,,,,,,,,,,,,,,,,,,,,1818,936213
,,,,,,,,,,,,,,,,,,,,,,,,,1819,934467
,,,,,,,,,,,,,,,,,,,,,,,,,1820,933146
,,,,,,,,,,,,,,,,,,,,,,,,,1821,932755
,,,,,,,,,,,,,,,,,,,,,,,,,1822,931734
,,,,,,,,,,,,,,,,,,,,,,,,,1823,928611
,,,,,,,,,,,,,,,,,,,,,,,,,1824,927505
,,,,,,,,,,,,,,,,,,,,,,,,,1825,926848
,,,,,,,,,,,,,,,,,,,,,,,,,1826,926432
,,,,,,,,,,,,,,,,,,,,,,,,,1827,926410
,,,,,,,,,,,,,,,,,,,,,,,,,1828,925973
,,,,,,,,,,,,,,,,,,,,,,,,,1829,925521
,,,,,,,,,,,,,,,,,,,,,,,,,1830,924750
,,,,,,,,,,,,,,,,,,,,,,,,,1831,924186
,,,,,,,,,,,,,,,,,,,,,,,,,1832,919553
,,,,,,,,,,,,,,,,,,,,,,,,,1833,919299
,,,,,,,,,,,,,,,,,,,,,,,,,1834,919108
,,,,,,,,,,,,,,,,,,,,,,,,,1835,918150
,,,,,,,,,,,,,,,,,,,,,,,,,1836,916818
,,,,,,,,,,,,,,,,,,,,,,,,,1837,916572
,,,,,,,,,,,,,,,,,,,,,,,,,1838,916179
,,,,,,,,,,,,,,,,,,,,,,,,,1839,915851
,,,,,,,,,,,,,,,,,,,,,,,,,1840,915633
,,,,,,,,,,,,,,,,,,,,,,,,,1841,914062
,,,,,,,,,,,,,,,,,,,,,,,,,1842,912389
,,,,,,,,,,,,,,,,,,,,,,,,,1843,910406
,,,,,,,,,,,,,,,,,,,,,,,,,1844,907764
,,,,,,,,,,,,,,,,,,,,,,,,,1845,906997
,,,,,,,,,,,,,,,,,,,,,,,,,1846,906997
,,,,,,,,,,,,,,,,,,,,,,,,,1847,906997
,,,,,,,,,,,,,,,,,,,,,,,,,1848,906997
,,,,,,,,,,,,,,,,,,,,,,,,,1849,906843
,,,,,,,,,,,,,,,,,,,,,,,,,1850,905553
,,,,,,,,,,,,,,,,,,,,,,,,,1851,905510
,,,,,,,,,,,,,,,,,,,,,,,,,1852,904169
,,,,,,,,,,,,,,,,,,,,,,,,,1853,904076
,,,,,,,,,,,,,,,,,,,,,,,,,1854,903791
,,,,,,,,,,,,,,,,,,,,,,,,,1855,902050
,,,,,,,,,,,,,,,,,,,,,,,,,1856,900943
,,,,,,,,,,,,,,,,,,,,,,,,,1857,900717
,,,,,,,,,,,,,,,,,,,,,,,,,1858,899823
,,,,,,,,,,,,,,,,,,,,,,,,,1859,899286
,,,,,,,,,,,,,,,,,,,,,,,,,1860,898817
,,,,,,,,,,,,,,,,,,,,,,,,,1861,897163
,,,,,,,,,,,,,,,,,,,,,,,,,1862,896233
,,,,,,,,,,,,,,,,,,,,,,,,,1863,895971
,,,,,,,,,,,,,,,,,,,,,,,,,1864,895872
,,,,,,,,,,,,,,,,,,,,,,,,,1865,895272
,,,,,,,,,,,,,,,,,,,,,,,,,1866,893874
,,,,,,,,,,,,,,,,,,,,,,,,,1867,893558
,,,,,,,,,,,,,,,,,,,,,,,,,1868,891396
,,,,,,,,,,,,,,,,,,,,,,,,,1869,890821
,,,,,,,,,,,,,,,,,,,,,,,,,1870,889475
,,,,,,,,,,,,,,,,,,,,,,,,,1871,889120
,,,,,,,,,,,,,,,,,,,,,,,,,1872,888612
,,,,,,,,,,,,,,,,,,,,,,,,,1873,888452
,,,,,,,,,,,,,,,,,,,,,,,,,1874,888061
,,,,,,,,,,,,,,,,,,,,,,,,,1875,887832
,,,,,,,,,,,,,,,,,,,,,,,,,1876,887457
,,,,,,,,,,,,,,,,,,,,,,,,,1877,886928
,,,,,,,,,,,,,,,,,,,,,,,,,1878,885555
,,,,,,,,,,,,,,,,,,,,,,,,,1879,884371
,,,,,,,,,,,,,,,,,,,,,,,,,1880,884178
,,,,,,,,,,,,,,,,,,,,,,,,,1881,883801
,,,,,,,,,,,,,,,,,,,,,,,,,1882,882730
,,,,,,,,,,,,,,,,,,,,,,,,,1883,882585
,,,,,,,,,,,,,,,,,,,,,,,,,1884,878688
,,,,,,,,,,,,,,,,,,,,,,,,,1885,874961
,,,,,,,,,,,,,,,,,,,,,,,,,1886,874730
,,,,,,,,,,,,,,,,,,,,,,,,,1887,873708
,,,,,,,,,,,,,,,,,,,,,,,,,1888,872244
,,,,,,,,,,,,,,,,,,,,,,,,,1889,871912
,,,,,,,,,,,,,,,,,,,,,,,,,1890,870873
,,,,,,,,,,,,,,,,,,,,,,,,,1891,870737
,,,,,,,,,,,,,,,,,,,,,,,,,1892,869969
,,,,,,,,,,,,,,,,,,,,,,,,,1893,869619
,,,,,,,,,,,,,,,,,,,,,,,,,1894,868557
,,,,,,,,,,,,,,,,,,,,,,,,,1895,864713
,,,,,,,,,,,,,,,,,,,,,,,,,1896,864289
,,,,,,,,,,,,,,,,,,,,,,,,,1897,864057
,,,,,,,,,,,,,,,,,,,,,,,,,1898,861785
,,,,,,,,,,,,,,,,,,,,,,,,,1899,860896
,,,,,,,,,,,,,,,,,,,,,,,,,1900,860065
,,,,,,,,,,,,,,,,,,,,,,,,,1901,860004
,,,,,,,,,,,,,,,,,,,,,,,,,1902,857545
,,,,,,,,,,,,,,,,,,,,,,,,,1903,856906
,,,,,,,,,,,,,,,,,,,,,,,,,1904,852450
,,,,,,,,,,,,,,,,,,,,,,,,,1905,851978
,,,,,,,,,,,,,,,,,,,,,,,,,1906,851837
,,,,,,,,,,,,,,,,,,,,,,,,,1907,849344
,,,,,,,,,,,,,,,,,,,,,,,,,1908,848995
,,,,,,,,,,,,,,,,,,,,,,,,,1909,848636
,,,,,,,,,,,,,,,,,,,,,,,,,1910,846324
,,,,,,,,,,,,,,,,,,,,,,,,,1911,845930
,,,,,,,,,,,,,,,,,,,,,,,,,1912,845547
,,,,,,,,,,,,,,,,,,,,,,,,,1913,845517
,,,,,,,,,,,,,,,,,,,,,,,,,1914,844615
,,,,,,,,,,,,,,,,,,,,,,,,,1915,842899
,,,,,,,,,,,,,,,,,,,,,,,,,1916,842543
,,,,,,,,,,,,,,,,,,,,,,,,,1917,842116
,,,,,,,,,,,,,,,,,,,,,,,,,1918,841442
,,,,,,,,,,,,,,,,,,,,,,,,,1919,839867
,,,,,,,,,,,,,,,,,,,,,,,,,1920,839494
,,,,,,,,,,,,,,,,,,,,,,,,,1921,839077
,,,,,,,,,,,,,,,,,,,,,,,,,1922,837835
,,,,,,,,,,,,,,,,,,,,,,,,,1923,835352
,,,,,,,,,,,,,,,,,,,,,,,,,1924,835256
,,,,,,,,,,,,,,,,,,,,,,,,,1925,834864
,,,,,,,,,,,,,,,,,,,,,,,,,1926,832022
,,,,,,,,,,,,,,,,,,,,,,,,,1927,830880
,,,,,,,,,,,,,,,,,,,,,,,,,1928,830531
,,,,,,,,,,,,,,,,,,,,,,,,,1929,829648
,,,,,,,,,,,,,,,,,,,,,,,,,1930,828789
,,,,,,,,,,,,,,,,,,,,,,,,,1931,828732
,,,,,,,,,,,,,,,,,,,,,,,,,1932,823594
,,,,,,,,,,,,,,,,,,,,,,,,,1933,823454
,,,,,,,,,,,,,,,,,,,,,,,,,1934,822705
,,,,,,,,,,,,,,,,,,,,,,,,,1935,822518
,,,,,,,,,,,,,,,,,,,,,,,,,1936,822323
,,,,,,,,,,,,,,,,,,,,,,,,,1937,821392
,,,,,,,,,,,,,,,,,,,,,,,,,1938,821221
,,,,,,,,,,,,,,,,,,,,,,,,,1939,820563
,,,,,,,,,,,,,,,,,,,,,,,,,1940,819924
,,,,,,,,,,,,,,,,,,,,,,,,,1941,816636
,,,,,,,,,,,,,,,,,,,,,,,,,1942,813668
,,,,,,,,,,,,,,,,,,,,,,,,,1943,812647
,,,,,,,,,,,,,,,,,,,,,,,,,1944,810979
,,,,,,,,,,,,,,,,,,,,,,,,,1945,808655
,,,,,,,,,,,,,,,,,,,,,,,,,1946,807678
,,,,,,,,,,,,,,,,,,,,,,,,,1947,807116
,,,,,,,,,,,,,,,,,,,,,,,,,1948,806262
,,,,,,,,,,,,,,,,,,,,,,,,,1949,806055
,,,,,,,,,,,,,,,,,,,,,,,,,1950,805998
,,,,,,,,,,,,,,,,,,,,,,,,,1951,801999
,,,,,,,,,,,,,,,,,,,,,,,,,1952,800969
,,,,,,,,,,,,,,,,,,,,,,,,,1953,800549
,,,,,,,,,,,,,,,,,,,,,,,,,1954,800458
,,,,,,,,,,,,,,,,,,,,,,,,,1955,800409
,,,,,,,,,,,,,,,,,,,,,,,,,1956,800340
,,,,,,,,,,,,,,,,,,,,,,,,,1957,800054
,,,,,,,,,,,,,,,,,,,,,,,,,1958,799891
,,,,,,,,,,,,,,,,,,,,,,,,,1959,799057
,,,,,,,,,,,,,,,,,,,,,,,,,1960,798883
,,,,,,,,,,,,,,,,,,,,,,,,,1961,798462
,,,,,,,,,,,,,,,,,,,,,,,,,1962,797615
,,,,,,,,,,,,,,,,,,,,,,,,,1963,796741
,,,,,,,,,,,,,,,,,,,,,,,,,1964,796211
,,,,,,,,,,,,,,,,,,,,,,,,,1965,795647
,,,,,,,,,,,,,,,,,,,,,,,,,1966,795595
,,,,,,,,,,,,,,,,,,,,,,,,,1967,795368
,,,,,,,,,,,,,,,,,,,,,,,,,1968,793405
,,,,,,,,,,,,,,,,,,,,,,,,,1969,793356
,,,,,,,,,,,,,,,,,,,,,,,,,1970,793229
,,,,,,,,,,,,,,,,,,,,,,,,,1971,792306
,,,,,,,,,,,,,,,,,,,,,,,,,1972,791689
,,,,,,,,,,,,,,,,,,,,,,,,,1973,791366
,,,,,,,,,,,,,,,,,,,,,,,,,1974,791334
,,,,,,,,,,,,,,,,,,,,,,,,,1975,791071
,,,,,,,,,,,,,,,,,,,,,,,,,1976,791069
,,,,,,,,,,,,,,,,,,,,,,,,,1977,788880
,,,,,,,,,,,,,,,,,,,,,,,,,1978,788504
,,,,,,,,,,,,,,,,,,,,,,,,,1979,787612
,,,,,,,,,,,,,,,,,,,,,,,,,1980,787267
,,,,,,,,,,,,,,,,,,,,,,,,,1981,786076
,,,,,,,,,,,,,,,,,,,,,,,,,1982,785743
,,,,,,,,,,,,,,,,,,,,,,,,,1983,785600
,,,,,,,,,,,,,,,,,,,,,,,,,1984,784697
,,,,,,,,,,,,,,,,,,,,,,,,,1985,782672
,,,,,,,,,,,,,,,,,,,,,,,,,1986,782669
,,,,,,,,,,,,,,,,,,,,,,,,,1987,782422
,,,,,,,,,,,,,,,,,,,,,,,,,1988,782231
,,,,,,,,,,,,,,,,,,,,,,,,,1989,781069
,,,,,,,,,,,,,,,,,,,,,,,,,1990,780918
,,,,,,,,,,,,,,,,,,,,,,,,,1991,780618
,,,,,,,,,,,,,,,,,,,,,,,,,1992,779941
,,,,,,,,,,,,,,,,,,,,,,,,,1993,779129
,,,,,,,,,,,,,,,,,,,,,,,,,1994,778684
,,,,,,,,,,,,,,,,,,,,,,,,,1995,778684
,,,,,,,,,,,,,,,,,,,,,,,,,1996,777203
,,,,,,,,,,,,,,,,,,,,,,,,,1997,777203
,,,,,,,,,,,,,,,,,,,,,,,,,1998,777203
,,,,,,,,,,,,,,,,,,,,,,,,,1999,777203
,,,,,,,,,,,,,,,,,,,,,,,,,2000,777203
,,,,,,,,,,,,,,,,,,,,,,,,,2001,776904
,,,,,,,,,,,,,,,,,,,,,,,,,2002,775819
,,,,,,,,,,,,,,,,,,,,,,,,,2003,775477
,,,,,,,,,,,,,,,,,,,,,,,,,2004,774545
,,,,,,,,,,,,,,,,,,,,,,,,,2005,773869
,,,,,,,,,,,,,,,,,,,,,,,,,2006,773246
,,,,,,,,,,,,,,,,,,,,,,,,,2007,772750
,,,,,,,,,,,,,,,,,,,,,,,,,2008,772412
,,,,,,,,,,,,,,,,,,,,,,,,,2009,769545
,,,,,,,,,,,,,,,,,,,,,,,,,2010,768739
,,,,,,,,,,,,,,,,,,,,,,,,,2011,767811
,,,,,,,,,,,,,,,,,,,,,,,,,2012,767811
,,,,,,,,,,,,,,,,,,,,,,,,,2013,767811
,,,,,,,,,,,,,,,,,,,,,,,,,2014,766572
,,,,,,,,,,,,,,,,,,,,,,,,,2015,766065
,,,,,,,,,,,,,,,,,,,,,,,,,2016,765064
,,,,,,,,,,,,,,,,,,,,,,,,,2017,764566
,,,,,,,,,,,,,,,,,,,,,,,,,2018,764566
,,,,,,,,,,,,,,,,,,,,,,,,,2019,762200
,,,,,,,,,,,,,,,,,,,,,,,,,2020,760338
,,,,,,,,,,,,,,,,,,,,,,,,,2021,756654
,,,,,,,,,,,,,,,,,,,,,,,,,2022,756487
,,,,,,,,,,,,,,,,,,,,,,,,,2023,755879
,,,,,,,,,,,,,,,,,,,,,,,,,2024,754815
,,,,,,,,,,,,,,,,,,,,,,,,,2025,752929
,,,,,,,,,,,,,,,,,,,,,,,,,2026,751692
,,,,,,,,,,,,,,,,,,,,,,,,,2027,750992
,,,,,,,,,,,,,,,,,,,,,,,,,2028,747421
,,,,,,,,,,,,,,,,,,,,,,,,,2029,744656
,,,,,,,,,,,,,,,,,,,,,,,,,2030,734865
,,,,,,,,,,,,,,,,,,,,,,,,,2031,734016
,,,,,,,,,,,,,,,,,,,,,,,,,2032,734016
,,,,,,,,,,,,,,,,,,,,,,,,,2033,734016
,,,,,,,,,,,,,,,,,,,,,,,,,2034,734016
,,,,,,,,,,,,,,,,,,,,,,,,,2035,734016
,,,,,,,,,,,,,,,,,,,,,,,,,2036,734002
,,,,,,,,,,,,,,,,,,,,,,,,,2037,731826
,,,,,,,,,,,,,,,,,,,,,,,,,2038,730253
,,,,,,,,,,,,,,,,,,,,,,,,,2039,729953
,,,,,,,,,,,,,,,,,,,,,,,,,2040,729645
,,,,,,,,,,,,,,,,,,,,,,,,,2041,729028
,,,,,,,,,,,,,,,,,,,,,,,,,2042,728294
,,,,,,,,,,,,,,,,,,,,,,,,,2043,727940
,,,,,,,,,,,,,,,,,,,,,,,,,2044,726447
,,,,,,,,,,,,,,,,,,,,,,,,,2045,725555
,,,,,,,,,,,,,,,,,,,,,,,,,2046,723999
,,,,,,,,,,,,,,,,,,,,,,,,,2047,723155
,,,,,,,,,,,,,,,,,,,,,,,,,2048,723140
,,,,,,,,,,,,,,,,,,,,,,,,,2049,721445
,,,,,,,,,,,,,,,,,,,,,,,,,2050,721348
,,,,,,,,,,,,,,,,,,,,,,,,,2051,720518
,,,,,,,,,,,,,,,,,,,,,,,,,2052,720084
,,,,,,,,,,,,,,,,,,,,,,,,,2053,719711
,,,,,,,,,,,,,,,,,,,,,,,,,2054,717854
,,,,,,,,,,,,,,,,,,,,,,,,,2055,717230
,,,,,,,,,,,,,,,,,,,,,,,,,2056,717161
,,,,,,,,,,,,,,,,,,,,,,,,,2057,713803
,,,,,,,,,,,,,,,,,,,,,,,,,2058,713443
,,,,,,,,,,,,,,,,,,,,,,,,,2059,713214
,,,,,,,,,,,,,,,,,,,,,,,,,2060,708051
,,,,,,,,,,,,,,,,,,,,,,,,,2061,704484
,,,,,,,,,,,,,,,,,,,,,,,,,2062,704134
,,,,,,,,,,,,,,,,,,,,,,,,,2063,701938
,,,,,,,,,,,,,,,,,,,,,,,,,2064,699437
,,,,,,,,,,,,,,,,,,,,,,,,,2065,698201
,,,,,,,,,,,,,,,,,,,,,,,,,2066,695813
,,,,,,,,,,,,,,,,,,,,,,,,,2067,694940
,,,,,,,,,,,,,,,,,,,,,,,,,2068,694297
,,,,,,,,,,,,,,,,,,,,,,,,,2069,692995
,,,,,,,,,,,,,,,,,,,,,,,,,2070,688837
,,,,,,,,,,,,,,,,,,,,,,,,,2071,683035
,,,,,,,,,,,,,,,,,,,,,,,,,2072,681622
,,,,,,,,,,,,,,,,,,,,,,,,,2073,678136
,,,,,,,,,,,,,,,,,,,,,,,,,2074,671606
,,,,,,,,,,,,,,,,,,,,,,,,,2075,670616
,,,,,,,,,,,,,,,,,,,,,,,,,2076,669846
,,,,,,,,,,,,,,,,,,,,,,,,,2077,669112
,,,,,,,,,,,,,,,,,,,,,,,,,2078,667532
,,,,,,,,,,,,,,,,,,,,,,,,,2079,667043
,,,,,,,,,,,,,,,,,,,,,,,,,2080,666893
,,,,,,,,,,,,,,,,,,,,,,,,,2081,666788
,,,,,,,,,,,,,,,,,,,,,,,,,2082,666670
,,,,,,,,,,,,,,,,,,,,,,,,,2083,666185
,,,,,,,,,,,,,,,,,,,,,,,,,2084,665815
,,,,,,,,,,,,,,,,,,,,,,,,,2085,661838
,,,,,,,,,,,,,,,,,,,,,,,,,2086,659968
,,,,,,,,,,,,,,,,,,,,,,,,,2087,659874
,,,,,,,,,,,,,,,,,,,,,,,,,2088,658840
,,,,,,,,,,,,,,,,,,,,,,,,,2089,657097
,,,,,,,,,,,,,,,,,,,,,,,,,2090,655473
,,,,,,,,,,,,,,,,,,,,,,,,,2091,653622
,,,,,,,,,,,,,,,,,,,,,,,,,2092,649994
,,,,,,,,,,,,,,,,,,,,,,,,,2093,649158
,,,,,,,,,,,,,,,,,,,,,,,,,2094,644384
,,,,,,,,,,,,,,,,,,,,,,,,,2095,641954
,,,,,,,,,,,,,,,,,,,,,,,,,2096,640590
,,,,,,,,,,,,,,,,,,,,,,,,,2097,640395
,,,,,,,,,,,,,,,,,,,,,,,,,2098,635472
,,,,,,,,,,,,,,,,,,,,,,,,,2099,635116
,,,,,,,,,,,,,,,,,,,,,,,,,2100,634723
,,,,,,,,,,,,,,,,,,,,,,,,,2101,633266
,,,,,,,,,,,,,,,,,,,,,,,,,2102,631263
,,,,,,,,,,,,,,,,,,,,,,,,,2103,630231
,,,,,,,,,,,,,,,,,,,,,,,,,2104,629234
,,,,,,,,,,,,,,,,,,,,,,,,,2105,627429
,,,,,,,,,,,,,,,,,,,,,,,,,2106,626450
,,,,,,,,,,,,,,,,,,,,,,,,,2107,624195
,,,,,,,,,,,,,,,,,,,,,,,,,2108,622785
,,,,,,,,,,,,,,,,,,,,,,,,,2109,621109
,,,,,,,,,,,,,,,,,,,,,,,,,2110,620609
,,,,,,,,,,,,,,,,,,,,,,,,,2111,614799
,,,,,,,,,,,,,,,,,,,,,,,,,2112,611618
,,,,,,,,,,,,,,,,,,,,,,,,,2113,611596
,,,,,,,,,,,,,,,,,,,,,,,,,2114,609423
,,,,,,,,,,,,,,,,,,,,,,,,,2115,609259
,,,,,,,,,,,,,,,,,,,,,,,,,2116,609132
,,,,,,,,,,,,,,,,,,,,,,,,,2117,608736
,,,,,,,,,,,,,,,,,,,,,,,,,2118,607260
,,,,,,,,,,,,,,,,,,,,,,,,,2119,603889
,,,,,,,,,,,,,,,,,,,,,,,,,2120,600159
,,,,,,,,,,,,,,,,,,,,,,,,,2121,597280
,,,,,,,,,,,,,,,,,,,,,,,,,2122,596539
,,,,,,,,,,,,,,,,,,,,,,,,,2123,594910
,,,,,,,,,,,,,,,,,,,,,,,,,2124,594101
,,,,,,,,,,,,,,,,,,,,,,,,,2125,590842
,,,,,,,,,,,,,,,,,,,,,,,,,2126,588037
,,,,,,,,,,,,,,,,,,,,,,,,,2127,587884
,,,,,,,,,,,,,,,,,,,,,,,,,2128,586305
,,,,,,,,,,,,,,,,,,,,,,,,,2129,584786
,,,,,,,,,,,,,,,,,,,,,,,,,2130,584201
,,,,,,,,,,,,,,,,,,,,,,,,,2131,583812
,,,,,,,,,,,,,,,,,,,,,,,,,2132,581000
,,,,,,,,,,,,,,,,,,,,,,,,,2133,580892
,,,,,,,,,,,,,,,,,,,,,,,,,2134,578753
,,,,,,,,,,,,,,,,,,,,,,,,,2135,578630
,,,,,,,,,,,,,,,,,,,,,,,,,2136,577993
,,,,,,,,,,,,,,,,,,,,,,,,,2137,576660
,,,,,,,,,,,,,,,,,,,,,,,,,2138,576387
,,,,,,,,,,,,,,,,,,,,,,,,,2139,576238
,,,,,,,,,,,,,,,,,,,,,,,,,2140,575661
,,,,,,,,,,,,,,,,,,,,,,,,,2141,573706
,,,,,,,,,,,,,,,,,,,,,,,,,2142,572787
,,,,,,,,,,,,,,,,,,,,,,,,,2143,569647
,,,,,,,,,,,,,,,,,,,,,,,,,2144,569021
,,,,,,,,,,,,,,,,,,,,,,,,,2145,568716
,,,,,,,,,,,,,,,,,,,,,,,,,2146,567721
,,,,,,,,,,,,,,,,,,,,,,,,,2147,566202
,,,,,,,,,,,,,,,,,,,,,,,,,2148,565884
,,,,,,,,,,,,,,,,,,,,,,,,,2149,564651
,,,,,,,,,,,,,,,,,,,,,,,,,2150,560892
,,,,,,,,,,,,,,,,,,,,,,,,,2151,559858
,,,,,,,,,,,,,,,,,,,,,,,,,2152,557707
,,,,,,,,,,,,,,,,,,,,,,,,,2153,555548
,,,,,,,,,,,,,,,,,,,,,,,,,2154,554897
,,,,,,,,,,,,,,,,,,,,,,,,,2155,554263
,,,,,,,,,,,,,,,,,,,,,,,,,2156,550946
,,,,,,,,,,,,,,,,,,,,,,,,,2157,547887
,,,,,,,,,,,,,,,,,,,,,,,,,2158,547491
,,,,,,,,,,,,,,,,,,,,,,,,,2159,546618
,,,,,,,,,,,,,,,,,,,,,,,,,2160,545711
,,,,,,,,,,,,,,,,,,,,,,,,,2161,544779
,,,,,,,,,,,,,,,,,,,,,,,,,2162,543815
,,,,,,,,,,,,,,,,,,,,,,,,,2163,540653
,,,,,,,,,,,,,,,,,,,,,,,,,2164,539507
,,,,,,,,,,,,,,,,,,,,,,,,,2165,538659
,,,,,,,,,,,,,,,,,,,,,,,,,2166,534393
,,,,,,,,,,,,,,,,,,,,,,,,,2167,534124
,,,,,,,,,,,,,,,,,,,,,,,,,2168,532176
,,,,,,,,,,,,,,,,,,,,,,,,,2169,530067
,,,,,,,,,,,,,,,,,,,,,,,,,2170,529292
,,,,,,,,,,,,,,,,,,,,,,,,,2171,526628
,,,,,,,,,,,,,,,,,,,,,,,,,2172,526148
,,,,,,,,,,,,,,,,,,,,,,,,,2173,524012
,,,,,,,,,,,,,,,,,,,,,,,,,2174,522247
,,,,,,,,,,,,,,,,,,,,,,,,,2175,519987
,,,,,,,,,,,,,,,,,,,,,,,,,2176,519828
,,,,,,,,,,,,,,,,,,,,,,,,,2177,518187
,,,,,,,,,,,,,,,,,,,,,,,,,2178,516441
,,,,,,,,,,,,,,,,,,,,,,,,,2179,516069
,,,,,,,,,,,,,,,,,,,,,,,,,2180,513791
,,,,,,,,,,,,,,,,,,,,,,,,,2181,510728
,,,,,,,,,,,,,,,,,,,,,,,,,2182,508488
,,,,,,,,,,,,,,,,,,,,,,,,,2183,506360
,,,,,,,,,,,,,,,,,,,,,,,,,2184,506213
,,,,,,,,,,,,,,,,,,,,,,,,,2185,504445
,,,,,,,,,,,,,,,,,,,,,,,,,2186,504341
,,,,,,,,,,,,,,,,,,,,,,,,,2187,504283
,,,,,,,,,,,,,,,,,,,,,,,,,2188,500792
,,,,,,,,,,,,,,,,,,,,,,,,,2189,500470
,,,,,,,,,,,,,,,,,,,,,,,,,2190,500106
,,,,,,,,,,,,,,,,,,,,,,,,,2191,498909
,,,,,,,,,,,,,,,,,,,,,,,,,2192,498298
,,,,,,,,,,,,,,,,,,,,,,,,,2193,497428
,,,,,,,,,,,,,,,,,,,,,,,,,2194,497265
,,,,,,,,,,,,,,,,,,,,,,,,,2195,496526
,,,,,,,,,,,,,,,,,,,,,,,,,2196,495818
,,,,,,,,,,,,,,,,,,,,,,,,,2197,495691
,,,,,,,,,,,,,,,,,,,,,,,,,2198,494826
,,,,,,,,,,,,,,,,,,,,,,,,,2199,494284
,,,,,,,,,,,,,,,,,,,,,,,,,2200,493594
,,,,,,,,,,,,,,,,,,,,,,,,,2201,493486
,,,,,,,,,,,,,,,,,,,,,,,,,2202,489696
,,,,,,,,,,,,,,,,,,,,,,,,,2203,489283
,,,,,,,,,,,,,,,,,,,,,,,,,2204,488966
,,,,,,,,,,,,,,,,,,,,,,,,,2205,488758
,,,,,,,,,,,,,,,,,,,,,,,,,2206,487693
,,,,,,,,,,,,,,,,,,,,,,,,,2207,484977
,,,,,,,,,,,,,,,,,,,,,,,,,2208,484297
,,,,,,,,,,,,,,,,,,,,,,,,,2209,483998
,,,,,,,,,,,,,,,,,,,,,,,,,2210,483424
,,,,,,,,,,,,,,,,,,,,,,,,,2211,478550
,,,,,,,,,,,,,,,,,,,,,,,,,2212,477975
,,,,,,,,,,,,,,,,,,,,,,,,,2213,477317
,,,,,,,,,,,,,,,,,,,,,,,,,2214,475743
,,,,,,,,,,,,,,,,,,,,,,,,,2215,475000
,,,,,,,,,,,,,,,,,,,,,,,,,2216,470738
,,,,,,,,,,,,,,,,,,,,,,,,,2217,470695
,,,,,,,,,,,,,,,,,,,,,,,,,2218,470352
,,,,,,,,,,,,,,,,,,,,,,,,,2219,469437
,,,,,,,,,,,,,,,,,,,,,,,,,2220,468882
,,,,,,,,,,,,,,,,,,,,,,,,,2221,468538
,,,,,,,,,,,,,,,,,,,,,,,,,2222,468410
,,,,,,,,,,,,,,,,,,,,,,,,,2223,468295
,,,,,,,,,,,,,,,,,,,,,,,,,2224,467405
,,,,,,,,,,,,,,,,,,,,,,,,,2225,466845
,,,,,,,,,,,,,,,,,,,,,,,,,2226,466232
,,,,,,,,,,,,,,,,,,,,,,,,,2227,464931
,,,,,,,,,,,,,,,,,,,,,,,,,2228,464129
,,,,,,,,,,,,,,,,,,,,,,,,,2229,464056
,,,,,,,,,,,,,,,,,,,,,,,,,2230,463254
,,,,,,,,,,,,,,,,,,,,,,,,,2231,460709
,,,,,,,,,,,,,,,,,,,,,,,,,2232,458922
,,,,,,,,,,,,,,,,,,,,,,,,,2233,457752
,,,,,,,,,,,,,,,,,,,,,,,,,2234,456920
,,,,,,,,,,,,,,,,,,,,,,,,,2235,455245
,,,,,,,,,,,,,,,,,,,,,,,,,2236,455131
,,,,,,,,,,,,,,,,,,,,,,,,,2237,455083
,,,,,,,,,,,,,,,,,,,,,,,,,2238,453682
,,,,,,,,,,,,,,,,,,,,,,,,,2239,453323
,,,,,,,,,,,,,,,,,,,,,,,,,2240,451132
,,,,,,,,,,,,,,,,,,,,,,,,,2241,450752
,,,,,,,,,,,,,,,,,,,,,,,,,2242,448089
,,,,,,,,,,,,,,,,,,,,,,,,,2243,447319
,,,,,,,,,,,,,,,,,,,,,,,,,2244,446983
,,,,,,,,,,,,,,,,,,,,,,,,,2245,446430
,,,,,,,,,,,,,,,,,,,,,,,,,2246,444801
,,,,,,,,,,,,,,,,,,,,,,,,,2247,443641
,,,,,,,,,,,,,,,,,,,,,,,,,2248,443187
,,,,,,,,,,,,,,,,,,,,,,,,,2249,441321
,,,,,,,,,,,,,,,,,,,,,,,,,2250,440339
,,,,,,,,,,,,,,,,,,,,,,,,,2251,438856
,,,,,,,,,,,,,,,,,,,,,,,,,2252,434518
,,,,,,,,,,,,,,,,,,,,,,,,,2253,434147
,,,,,,,,,,,,,,,,,,,,,,,,,2254,430136
,,,,,,,,,,,,,,,,,,,,,,,,,2255,429043
,,,,,,,,,,,,,,,,,,,,,,,,,2256,428329
,,,,,,,,,,,,,,,,,,,,,,,,,2257,428136
,,,,,,,,,,,,,,,,,,,,,,,,,2258,427392
,,,,,,,,,,,,,,,,,,,,,,,,,2259,425674
,,,,,,,,,,,,,,,,,,,,,,,,,2260,424732
,,,,,,,,,,,,,,,,,,,,,,,,,2261,424629
,,,,,,,,,,,,,,,,,,,,,,,,,2262,424449
,,,,,,,,,,,,,,,,,,,,,,,,,2263,424115
,,,,,,,,,,,,,,,,,,,,,,,,,2264,423980
,,,,,,,,,,,,,,,,,,,,,,,,,2265,423455
,,,,,,,,,,,,,,,,,,,,,,,,,2266,423394
,,,,,,,,,,,,,,,,,,,,,,,,,2267,423380
,,,,,,,,,,,,,,,,,,,,,,,,,2268,423003
,,,,,,,,,,,,,,,,,,,,,,,,,2269,421743
,,,,,,,,,,,,,,,,,,,,,,,,,2270,421680
,,,,,,,,,,,,,,,,,,,,,,,,,2271,421020
,,,,,,,,,,,,,,,,,,,,,,,,,2272,420284
,,,,,,,,,,,,,,,,,,,,,,,,,2273,420095
,,,,,,,,,,,,,,,,,,,,,,,,,2274,418451
,,,,,,,,,,,,,,,,,,,,,,,,,2275,418451
,,,,,,,,,,,,,,,,,,,,,,,,,2276,418366
,,,,,,,,,,,,,,,,,,,,,,,,,2277,417963
,,,,,,,,,,,,,,,,,,,,,,,,,2278,417602
,,,,,,,,,,,,,,,,,,,,,,,,,2279,416896
,,,,,,,,,,,,,,,,,,,,,,,,,2280,415504
,,,,,,,,,,,,,,,,,,,,,,,,,2281,415059
,,,,,,,,,,,,,,,,,,,,,,,,,2282,414475
,,,,,,,,,,,,,,,,,,,,,,,,,2283,414342
,,,,,,,,,,,,,,,,,,,,,,,,,2284,414173
,,,,,,,,,,,,,,,,,,,,,,,,,2285,413385
,,,,,,,,,,,,,,,,,,,,,,,,,2286,412765
,,,,,,,,,,,,,,,,,,,,,,,,,2287,412646
,,,,,,,,,,,,,,,,,,,,,,,,,2288,412538
,,,,,,,,,,,,,,,,,,,,,,,,,2289,412183
,,,,,,,,,,,,,,,,,,,,,,,,,2290,411775
,,,,,,,,,,,,,,,,,,,,,,,,,2291,411647
,,,,,,,,,,,,,,,,,,,,,,,,,2292,410631
,,,,,,,,,,,,,,,,,,,,,,,,,2293,409462
,,,,,,,,,,,,,,,,,,,,,,,,,2294,407650
,,,,,,,,,,,,,,,,,,,,,,,,,2295,406167
,,,,,,,,,,,,,,,,,,,,,,,,,2296,405416
,,,,,,,,,,,,,,,,,,,,,,,,,2297,404918
,,,,,,,,,,,,,,,,,,,,,,,,,2298,402359
,,,,,,,,,,,,,,,,,,,,,,,,,2299,401580
,,,,,,,,,,,,,,,,,,,,,,,,,2300,400342
,,,,,,,,,,,,,,,,,,,,,,,,,2301,400021
,,,,,,,,,,,,,,,,,,,,,,,,,2302,399692
,,,,,,,,,,,,,,,,,,,,,,,,,2303,399385
,,,,,,,,,,,,,,,,,,,,,,,,,2304,399247
,,,,,,,,,,,,,,,,,,,,,,,,,2305,398622
,,,,,,,,,,,,,,,,,,,,,,,,,2306,397249
,,,,,,,,,,,,,,,,,,,,,,,,,2307,396711
,,,,,,,,,,,,,,,,,,,,,,,,,2308,394718
,,,,,,,,,,,,,,,,,,,,,,,,,2309,392306
,,,,,,,,,,,,,,,,,,,,,,,,,2310,388937
,,,,,,,,,,,,,,,,,,,,,,,,,2311,388374
,,,,,,,,,,,,,,,,,,,,,,,,,2312,388374
,,,,,,,,,,,,,,,,,,,,,,,,,2313,384989
,,,,,,,,,,,,,,,,,,,,,,,,,2314,383776
,,,,,,,,,,,,,,,,,,,,,,,,,2315,382266
,,,,,,,,,,,,,,,,,,,,,,,,,2316,382043
,,,,,,,,,,,,,,,,,,,,,,,,,2317,381844
,,,,,,,,,,,,,,,,,,,,,,,,,2318,381106
,,,,,,,,,,,,,,,,,,,,,,,,,2319,381106
,,,,,,,,,,,,,,,,,,,,,,,,,2320,380933
,,,,,,,,,,,,,,,,,,,,,,,,,2321,380809
,,,,,,,,,,,,,,,,,,,,,,,,,2322,379960
,,,,,,,,,,,,,,,,,,,,,,,,,2323,378007
,,,,,,,,,,,,,,,,,,,,,,,,,2324,377350
,,,,,,,,,,,,,,,,,,,,,,,,,2325,376537
,,,,,,,,,,,,,,,,,,,,,,,,,2326,376012
,,,,,,,,,,,,,,,,,,,,,,,,,2327,372597
,,,,,,,,,,,,,,,,,,,,,,,,,2328,371782
,,,,,,,,,,,,,,,,,,,,,,,,,2329,370495
,,,,,,,,,,,,,,,,,,,,,,,,,2330,368876
,,,,,,,,,,,,,,,,,,,,,,,,,2331,367386
,,,,,,,,,,,,,,,,,,,,,,,,,2332,366718
,,,,,,,,,,,,,,,,,,,,,,,,,2333,364837
,,,,,,,,,,,,,,,,,,,,,,,,,2334,364575
,,,,,,,,,,,,,,,,,,,,,,,,,2335,364565
,,,,,,,,,,,,,,,,,,,,,,,,,2336,363433
,,,,,,,,,,,,,,,,,,,,,,,,,2337,361243
,,,,,,,,,,,,,,,,,,,,,,,,,2338,360745
,,,,,,,,,,,,,,,,,,,,,,,,,2339,357437
,,,,,,,,,,,,,,,,,,,,,,,,,2340,356492
,,,,,,,,,,,,,,,,,,,,,,,,,2341,356325
,,,,,,,,,,,,,,,,,,,,,,,,,2342,356170
,,,,,,,,,,,,,,,,,,,,,,,,,2343,352772
,,,,,,,,,,,,,,,,,,,,,,,,,2344,352169
,,,,,,,,,,,,,,,,,,,,,,,,,2345,350839
,,,,,,,,,,,,,,,,,,,,,,,,,2346,350404
,,,,,,,,,,,,,,,,,,,,,,,,,2347,348153
,,,,,,,,,,,,,,,,,,,,,,,,,2348,345305
,,,,,,,,,,,,,,,,,,,,,,,,,2349,344804
,,,,,,,,,,,,,,,,,,,,,,,,,2350,343241
,,,,,,,,,,,,,,,,,,,,,,,,,2351,343042
,,,,,,,,,,,,,,,,,,,,,,,,,2352,342897
,,,,,,,,,,,,,,,,,,,,,,,,,2353,342525
,,,,,,,,,,,,,,,,,,,,,,,,,2354,340862
,,,,,,,,,,,,,,,,,,,,,,,,,2355,339319
,,,,,,,,,,,,,,,,,,,,,,,,,2356,337520
,,,,,,,,,,,,,,,,,,,,,,,,,2357,337068
,,,,,,,,,,,,,,,,,,,,,,,,,2358,336827
,,,,,,,,,,,,,,,,,,,,,,,,,2359,335049
,,,,,,,,,,,,,,,,,,,,,,,,,2360,333512
,,,,,,,,,,,,,,,,,,,,,,,,,2361,329593
,,,,,,,,,,,,,,,,,,,,,,,,,2362,329522
,,,,,,,,,,,,,,,,,,,,,,,,,2363,328604
,,,,,,,,,,,,,,,,,,,,,,,,,2364,325462
,,,,,,,,,,,,,,,,,,,,,,,,,2365,324775
,,,,,,,,,,,,,,,,,,,,,,,,,2366,321683
,,,,,,,,,,,,,,,,,,,,,,,,,2367,321587
,,,,,,,,,,,,,,,,,,,,,,,,,2368,320959
,,,,,,,,,,,,,,,,,,,,,,,,,2369,319484
,,,,,,,,,,,,,,,,,,,,,,,,,2370,317882
,,,,,,,,,,,,,,,,,,,,,,,,,2371,317783
,,,,,,,,,,,,,,,,,,,,,,,,,2372,317429
,,,,,,,,,,,,,,,,,,,,,,,,,2373,316891
,,,,,,,,,,,,,,,,,,,,,,,,,2374,315422
,,,,,,,,,,,,,,,,,,,,,,,,,2375,313426
,,,,,,,,,,,,,,,,,,,,,,,,,2376,312200
,,,,,,,,,,,,,,,,,,,,,,,,,2377,312067
,,,,,,,,,,,,,,,,,,,,,,,,,2378,311238
,,,,,,,,,,,,,,,,,,,,,,,,,2379,310615
,,,,,,,,,,,,,,,,,,,,,,,,,2380,310601
,,,,,,,,,,,,,,,,,,,,,,,,,2381,308540
,,,,,,,,,,,,,,,,,,,,,,,,,2382,308497
,,,,,,,,,,,,,,,,,,,,,,,,,2383,308403
,,,,,,,,,,,,,,,,,,,,,,,,,2384,306037
,,,,,,,,,,,,,,,,,,,,,,,,,2385,305734
,,,,,,,,,,,,,,,,,,,,,,,,,2386,303908
,,,,,,,,,,,,,,,,,,,,,,,,,2387,302911
,,,,,,,,,,,,,,,,,,,,,,,,,2388,302837
,,,,,,,,,,,,,,,,,,,,,,,,,2389,302758
,,,,,,,,,,,,,,,,,,,,,,,,,2390,301563
,,,,,,,,,,,,,,,,,,,,,,,,,2391,299211
,,,,,,,,,,,,,,,,,,,,,,,,,2392,298713
,,,,,,,,,,,,,,,,,,,,,,,,,2393,295616
,,,,,,,,,,,,,,,,,,,,,,,,,2394,295095
,,,,,,,,,,,,,,,,,,,,,,,,,2395,295010
,,,,,,,,,,,,,,,,,,,,,,,,,2396,293869
,,,,,,,,,,,,,,,,,,,,,,,,,2397,291585
,,,,,,,,,,,,,,,,,,,,,,,,,2398,291175
,,,,,,,,,,,,,,,,,,,,,,,,,2399,288509
,,,,,,,,,,,,,,,,,,,,,,,,,2400,288269
,,,,,,,,,,,,,,,,,,,,,,,,,2401,287503
,,,,,,,,,,,,,,,,,,,,,,,,,2402,285874
,,,,,,,,,,,,,,,,,,,,,,,,,2403,283638
,,,,,,,,,,,,,,,,,,,,,,,,,2404,283270
,,,,,,,,,,,,,,,,,,,,,,,,,2405,277159
,,,,,,,,,,,,,,,,,,,,,,,,,2406,276434
,,,,,,,,,,,,,,,,,,,,,,,,,2407,276270
,,,,,,,,,,,,,,,,,,,,,,,,,2408,275841
,,,,,,,,,,,,,,,,,,,,,,,,,2409,275319
,,,,,,,,,,,,,,,,,,,,,,,,,2410,274305
,,,,,,,,,,,,,,,,,,,,,,,,,2411,272933
,,,,,,,,,,,,,,,,,,,,,,,,,2412,272124
,,,,,,,,,,,,,,,,,,,,,,,,,2413,271720
,,,,,,,,,,,,,,,,,,,,,,,,,2414,270250
,,,,,,,,,,,,,,,,,,,,,,,,,2415,269749
,,,,,,,,,,,,,,,,,,,,,,,,,2416,267714
,,,,,,,,,,,,,,,,,,,,,,,,,2417,266140
,,,,,,,,,,,,,,,,,,,,,,,,,2418,264256
,,,,,,,,,,,,,,,,,,,,,,,,,2419,263941
,,,,,,,,,,,,,,,,,,,,,,,,,2420,262688
,,,,,,,,,,,,,,,,,,,,,,,,,2421,261426
,,,,,,,,,,,,,,,,,,,,,,,,,2422,260672
,,,,,,,,,,,,,,,,,,,,,,,,,2423,260591
,,,,,,,,,,,,,,,,,,,,,,,,,2424,260148
,,,,,,,,,,,,,,,,,,,,,,,,,2425,259201
,,,,,,,,,,,,,,,,,,,,,,,,,2426,256333
,,,,,,,,,,,,,,,,,,,,,,,,,2427,256331
,,,,,,,,,,,,,,,,,,,,,,,,,2428,254880
,,,,,,,,,,,,,,,,,,,,,,,,,2429,252781
,,,,,,,,,,,,,,,,,,,,,,,,,2430,252051
,,,,,,,,,,,,,,,,,,,,,,,,,2431,251840
,,,,,,,,,,,,,,,,,,,,,,,,,2432,249538
,,,,,,,,,,,,,,,,,,,,,,,,,2433,249140
,,,,,,,,,,,,,,,,,,,,,,,,,2434,248343
,,,,,,,,,,,,,,,,,,,,,,,,,2435,247898
,,,,,,,,,,,,,,,,,,,,,,,,,2436,247193
,,,,,,,,,,,,,,,,,,,,,,,,,2437,247161
,,,,,,,,,,,,,,,,,,,,,,,,,2438,245421
,,,,,,,,,,,,,,,,,,,,,,,,,2439,244899
,,,,,,,,,,,,,,,,,,,,,,,,,2440,243464
,,,,,,,,,,,,,,,,,,,,,,,,,2441,243242
,,,,,,,,,,,,,,,,,,,,,,,,,2442,241151
,,,,,,,,,,,,,,,,,,,,,,,,,2443,240407
,,,,,,,,,,,,,,,,,,,,,,,,,2444,239238
,,,,,,,,,,,,,,,,,,,,,,,,,2445,236510
,,,,,,,,,,,,,,,,,,,,,,,,,2446,231210
,,,,,,,,,,,,,,,,,,,,,,,,,2447,229214
,,,,,,,,,,,,,,,,,,,,,,,,,2448,229023
,,,,,,,,,,,,,,,,,,,,,,,,,2449,226865
,,,,,,,,,,,,,,,,,,,,,,,,,2450,223838
,,,,,,,,,,,,,,,,,,,,,,,,,2451,223819
,,,,,,,,,,,,,,,,,,,,,,,,,2452,223791
,,,,,,,,,,,,,,,,,,,,,,,,,2453,222552
,,,,,,,,,,,,,,,,,,,,,,,,,2454,222485
,,,,,,,,,,,,,,,,,,,,,,,,,2455,222437
,,,,,,,,,,,,,,,,,,,,,,,,,2456,220028
,,,,,,,,,,,,,,,,,,,,,,,,,2457,219989
,,,,,,,,,,,,,,,,,,,,,,,,,2458,216673
,,,,,,,,,,,,,,,,,,,,,,,,,2459,214905
,,,,,,,,,,,,,,,,,,,,,,,,,2460,214839
,,,,,,,,,,,,,,,,,,,,,,,,,2461,214208
,,,,,,,,,,,,,,,,,,,,,,,,,2462,212842
,,,,,,,,,,,,,,,,,,,,,,,,,2463,210128
,,,,,,,,,,,,,,,,,,,,,,,,,2464,208759
,,,,,,,,,,,,,,,,,,,,,,,,,2465,208226
,,,,,,,,,,,,,,,,,,,,,,,,,2466,208140
,,,,,,,,,,,,,,,,,,,,,,,,,2467,208044
,,,,,,,,,,,,,,,,,,,,,,,,,2468,208037
,,,,,,,,,,,,,,,,,,,,,,,,,2469,207647
,,,,,,,,,,,,,,,,,,,,,,,,,2470,205889
,,,,,,,,,,,,,,,,,,,,,,,,,2471,205889
,,,,,,,,,,,,,,,,,,,,,,,,,2472,205889
,,,,,,,,,,,,,,,,,,,,,,,,,2473,204394
,,,,,,,,,,,,,,,,,,,,,,,,,2474,202943
,,,,,,,,,,,,,,,,,,,,,,,,,2475,202544
,,,,,,,,,,,,,,,,,,,,,,,,,2476,200705
,,,,,,,,,,,,,,,,,,,,,,,,,2477,200169
,,,,,,,,,,,,,,,,,,,,,,,,,2478,198880
,,,,,,,,,,,,,,,,,,,,,,,,,2479,196652
,,,,,,,,,,,,,,,,,,,,,,,,,2480,196269
,,,,,,,,,,,,,,,,,,,,,,,,,2481,192819
,,,,,,,,,,,,,,,,,,,,,,,,,2482,191288
,,,,,,,,,,,,,,,,,,,,,,,,,2483,191181
,,,,,,,,,,,,,,,,,,,,,,,,,2484,190511
,,,,,,,,,,,,,,,,,,,,,,,,,2485,186610
,,,,,,,,,,,,,,,,,,,,,,,,,2486,186454
,,,,,,,,,,,,,,,,,,,,,,,,,2487,184078
,,,,,,,,,,,,,,,,,,,,,,,,,2488,182986
,,,,,,,,,,,,,,,,,,,,,,,,,2489,182202
,,,,,,,,,,,,,,,,,,,,,,,,,2490,181588
,,,,,,,,,,,,,,,,,,,,,,,,,2491,180708
,,,,,,,,,,,,,,,,,,,,,,,,,2492,180002
,,,,,,,,,,,,,,,,,,,,,,,,,2493,179001
,,,,,,,,,,,,,,,,,,,,,,,,,2494,178924
,,,,,,,,,,,,,,,,,,,,,,,,,2495,178476
,,,,,,,,,,,,,,,,,,,,,,,,,2496,178438
,,,,,,,,,,,,,,,,,,,,,,,,,2497,174864
,,,,,,,,,,,,,,,,,,,,,,,,,2498,173989
,,,,,,,,,,,,,,,,,,,,,,,,,2499,168679
,,,,,,,,,,,,,,,,,,,,,,,,,2500,168632
,,,,,,,,,,,,,,,,,,,,,,,,,2501,167272
,,,,,,,,,,,,,,,,,,,,,,,,,2502,165607
,,,,,,,,,,,,,,,,,,,,,,,,,2503,165532
,,,,,,,,,,,,,,,,,,,,,,,,,2504,165515
,,,,,,,,,,,,,,,,,,,,,,,,,2505,164607
,,,,,,,,,,,,,,,,,,,,,,,,,2506,164584
,,,,,,,,,,,,,,,,,,,,,,,,,2507,163930
,,,,,,,,,,,,,,,,,,,,,,,,,2508,163884
,,,,,,,,,,,,,,,,,,,,,,,,,2509,162645
,,,,,,,,,,,,,,,,,,,,,,,,,2510,162118
,,,,,,,,,,,,,,,,,,,,,,,,,2511,161870
,,,,,,,,,,,,,,,,,,,,,,,,,2512,161357
,,,,,,,,,,,,,,,,,,,,,,,,,2513,160274
,,,,,,,,,,,,,,,,,,,,,,,,,2514,159004
,,,,,,,,,,,,,,,,,,,,,,,,,2515,158898
,,,,,,,,,,,,,,,,,,,,,,,,,2516,158280
,,,,,,,,,,,,,,,,,,,,,,,,,2517,157313
,,,,,,,,,,,,,,,,,,,,,,,,,2518,157251
,,,,,,,,,,,,,,,,,,,,,,,,,2519,153561
,,,,,,,,,,,,,,,,,,,,,,,,,2520,152766
,,,,,,,,,,,,,,,,,,,,,,,,,2521,152766
,,,,,,,,,,,,,,,,,,,,,,,,,2522,152544
,,,,,,,,,,,,,,,,,,,,,,,,,2523,151107
,,,,,,,,,,,,,,,,,,,,,,,,,2524,150104
,,,,,,,,,,,,,,,,,,,,,,,,,2525,147535
,,,,,,,,,,,,,,,,,,,,,,,,,2526,147006
,,,,,,,,,,,,,,,,,,,,,,,,,2527,146339
,,,,,,,,,,,,,,,,,,,,,,,,,2528,145651
,,,,,,,,,,,,,,,,,,,,,,,,,2529,142962
,,,,,,,,,,,,,,,,,,,,,,,,,2530,142730
,,,,,,,,,,,,,,,,,,,,,,,,,2531,142607
,,,,,,,,,,,,,,,,,,,,,,,,,2532,141188
,,,,,,,,,,,,,,,,,,,,,,,,,2533,140595
,,,,,,,,,,,,,,,,,,,,,,,,,2534,139082
,,,,,,,,,,,,,,,,,,,,,,,,,2535,138503
,,,,,,,,,,,,,,,,,,,,,,,,,2536,138030
,,,,,,,,,,,,,,,,,,,,,,,,,2537,137751
,,,,,,,,,,,,,,,,,,,,,,,,,2538,137001
,,,,,,,,,,,,,,,,,,,,,,,,,2539,135762
,,,,,,,,,,,,,,,,,,,,,,,,,2540,135646
,,,,,,,,,,,,,,,,,,,,,,,,,2541,134950
,,,,,,,,,,,,,,,,,,,,,,,,,2542,134736
,,,,,,,,,,,,,,,,,,,,,,,,,2543,133629
,,,,,,,,,,,,,,,,,,,,,,,,,2544,132713
,,,,,,,,,,,,,,,,,,,,,,,,,2545,132343
,,,,,,,,,,,,,,,,,,,,,,,,,2546,131855
,,,,,,,,,,,,,,,,,,,,,,,,,2547,130510
,,,,,,,,,,,,,,,,,,,,,,,,,2548,129906
,,,,,,,,,,,,,,,,,,,,,,,,,2549,129906
,,,,,,,,,,,,,,,,,,,,,,,,,2550,128146
,,,,,,,,,,,,,,,,,,,,,,,,,2551,127492
,,,,,,,,,,,,,,,,,,,,,,,,,2552,125902
,,,,,,,,,,,,,,,,,,,,,,,,,2553,125852
,,,,,,,,,,,,,,,,,,,,,,,,,2554,124947
,,,,,,,,,,,,,,,,,,,,,,,,,2555,124658
,,,,,,,,,,,,,,,,,,,,,,,,,2556,123449
,,,,,,,,,,,,,,,,,,,,,,,,,2557,122697
,,,,,,,,,,,,,,,,,,,,,,,,,2558,122358
,,,,,,,,,,,,,,,,,,,,,,,,,2559,120273
,,,,,,,,,,,,,,,,,,,,,,,,,2560,120188
,,,,,,,,,,,,,,,,,,,,,,,,,2561,118279
,,,,,,,,,,,,,,,,,,,,,,,,,2562,117555
,,,,,,,,,,,,,,,,,,,,,,,,,2563,116461
,,,,,,,,,,,,,,,,,,,,,,,,,2564,116314
,,,,,,,,,,,,,,,,,,,,,,,,,2565,114718
,,,,,,,,,,,,,,,,,,,,,,,,,2566,114657
,,,,,,,,,,,,,,,,,,,,,,,,,2567,114174
,,,,,,,,,,,,,,,,,,,,,,,,,2568,113714
,,,,,,,,,,,,,,,,,,,,,,,,,2569,112698
,,,,,,,,,,,,,,,,,,,,,,,,,2570,112312
,,,,,,,,,,,,,,,,,,,,,,,,,2571,111950
,,,,,,,,,,,,,,,,,,,,,,,,,2572,111423
,,,,,,,,,,,,,,,,,,,,,,,,,2573,110141
,,,,,,,,,,,,,,,,,,,,,,,,,2574,108639
,,,,,,,,,,,,,,,,,,,,,,,,,2575,107564
,,,,,,,,,,,,,,,,,,,,,,,,,2576,106698
,,,,,,,,,,,,,,,,,,,,,,,,,2577,106667
,,,,,,,,,,,,,,,,,,,,,,,,,2578,106556
,,,,,,,,,,,,,,,,,,,,,,,,,2579,105347
,,,,,,,,,,,,,,,,,,,,,,,,,2580,105091
,,,,,,,,,,,,,,,,,,,,,,,,,2581,104969
,,,,,,,,,,,,,,,,,,,,,,,,,2582,104879
,,,,,,,,,,,,,,,,,,,,,,,,,2583,104779
,,,,,,,,,,,,,,,,,,,,,,,,,2584,104779
,,,,,,,,,,,,,,,,,,,,,,,,,2585,104779
,,,,,,,,,,,,,,,,,,,,,,,,,2586,104779
,,,,,,,,,,,,,,,,,,,,,,,,,2587,104779
,,,,,,,,,,,,,,,,,,,,,,,,,2588,104779
,,,,,,,,,,,,,,,,,,,,,,,,,2589,104779
,,,,,,,,,,,,,,,,,,,,,,,,,2590,104779
,,,,,,,,,,,,,,,,,,,,,,,,,2591,104779
,,,,,,,,,,,,,,,,,,,,,,,,,2592,104779
,,,,,,,,,,,,,,,,,,,,,,,,,2593,104779
,,,,,,,,,,,,,,,,,,,,,,,,,2594,104779
,,,,,,,,,,,,,,,,,,,,,,,,,2595,104779
,,,,,,,,,,,,,,,,,,,,,,,,,2596,104779
,,,,,,,,,,,,,,,,,,,,,,,,,2597,104779
,,,,,,,,,,,,,,,,,,,,,,,,,2598,104779
,,,,,,,,,,,,,,,,,,,,,,,,,2599,104779
,,,,,,,,,,,,,,,,,,,,,,,,,2600,104779
,,,,,,,,,,,,,,,,,,,,,,,,,2601,104779
,,,,,,,,,,,,,,,,,,,,,,,,,2602,104779
,,,,,,,,,,,,,,,,,,,,,,,,,2603,104169
,,,,,,,,,,,,,,,,,,,,,,,,,2604,99737
,,,,,,,,,,,,,,,,,,,,,,,,,2605,98088
,,,,,,,,,,,,,,,,,,,,,,,,,2606,96770
,,,,,,,,,,,,,,,,,,,,,,,,,2607,95588
,,,,,,,,,,,,,,,,,,,,,,,,,2608,94518
,,,,,,,,,,,,,,,,,,,,,,,,,2609,93315
,,,,,,,,,,,,,,,,,,,,,,,,,2610,93175
,,,,,,,,,,,,,,,,,,,,,,,,,2611,92020
,,,,,,,,,,,,,,,,,,,,,,,,,2612,91979
,,,,,,,,,,,,,,,,,,,,,,,,,2613,91933
,,,,,,,,,,,,,,,,,,,,,,,,,2614,91638
,,,,,,,,,,,,,,,,,,,,,,,,,2615,91526
,,,,,,,,,,,,,,,,,,,,,,,,,2616,91055
,,,,,,,,,,,,,,,,,,,,,,,,,2617,90516
,,,,,,,,,,,,,,,,,,,,,,,,,2618,89220
,,,,,,,,,,,,,,,,,,,,,,,,,2619,88758
,,,,,,,,,,,,,,,,,,,,,,,,,2620,86695
,,,,,,,,,,,,,,,,,,,,,,,,,2621,86020
,,,,,,,,,,,,,,,,,,,,,,,,,2622,85872
,,,,,,,,,,,,,,,,,,,,,,,,,2623,85660
,,,,,,,,,,,,,,,,,,,,,,,,,2624,83869
,,,,,,,,,,,,,,,,,,,,,,,,,2625,83420
,,,,,,,,,,,,,,,,,,,,,,,,,2626,83126
,,,,,,,,,,,,,,,,,,,,,,,,,2627,82812
,,,,,,,,,,,,,,,,,,,,,,,,,2628,82741
,,,,,,,,,,,,,,,,,,,,,,,,,2629,82705
,,,,,,,,,,,,,,,,,,,,,,,,,2630,81790
,,,,,,,,,,,,,,,,,,,,,,,,,2631,81066
,,,,,,,,,,,,,,,,,,,,,,,,,2632,80169
,,,,,,,,,,,,,,,,,,,,,,,,,2633,79132
,,,,,,,,,,,,,,,,,,,,,,,,,2634,78852
,,,,,,,,,,,,,,,,,,,,,,,,,2635,78852
,,,,,,,,,,,,,,,,,,,,,,,,,2636,78852
,,,,,,,,,,,,,,,,,,,,,,,,,2637,78838
,,,,,,,,,,,,,,,,,,,,,,,,,2638,78805
,,,,,,,,,,,,,,,,,,,,,,,,,2639,78278
,,,,,,,,,,,,,,,,,,,,,,,,,2640,77522
,,,,,,,,,,,,,,,,,,,,,,,,,2641,76501
,,,,,,,,,,,,,,,,,,,,,,,,,2642,74133
,,,,,,,,,,,,,,,,,,,,,,,,,2643,73377
,,,,,,,,,,,,,,,,,,,,,,,,,2644,72913
,,,,,,,,,,,,,,,,,,,,,,,,,2645,71725
,,,,,,,,,,,,,,,,,,,,,,,,,2646,69763
,,,,,,,,,,,,,,,,,,,,,,,,,2647,68780
,,,,,,,,,,,,,,,,,,,,,,,,,2648,66230
,,,,,,,,,,,,,,,,,,,,,,,,,2649,64426
,,,,,,,,,,,,,,,,,,,,,,,,,2650,64088
,,,,,,,,,,,,,,,,,,,,,,,,,2651,64043
,,,,,,,,,,,,,,,,,,,,,,,,,2652,62961
,,,,,,,,,,,,,,,,,,,,,,,,,2653,62434
,,,,,,,,,,,,,,,,,,,,,,,,,2654,61614
,,,,,,,,,,,,,,,,,,,,,,,,,2655,61594
,,,,,,,,,,,,,,,,,,,,,,,,,2656,61172
,,,,,,,,,,,,,,,,,,,,,,,,,2657,60124
,,,,,,,,,,,,,,,,,,,,,,,,,2658,59917
,,,,,,,,,,,,,,,,,,,,,,,,,2659,59525
,,,,,,,,,,,,,,,,,,,,,,,,,2660,59338
,,,,,,,,,,,,,,,,,,,,,,,,,2661,59270
,,,,,,,,,,,,,,,,,,,,,,,,,2662,58626
,,,,,,,,,,,,,,,,,,,,,,,,,2663,58454
,,,,,,,,,,,,,,,,,,,,,,,,,2664,56856
,,,,,,,,,,,,,,,,,,,,,,,,,2665,56843
,,,,,,,,,,,,,,,,,,,,,,,,,2666,56206
,,,,,,,,,,,,,,,,,,,,,,,,,2667,55601
,,,,,,,,,,,,,,,,,,,,,,,,,2668,54991
,,,,,,,,,,,,,,,,,,,,,,,,,2669,54307
,,,,,,,,,,,,,,,,,,,,,,,,,2670,54032
,,,,,,,,,,,,,,,,,,,,,,,,,2671,53561
,,,,,,,,,,,,,,,,,,,,,,,,,2672,53393
,,,,,,,,,,,,,,,,,,,,,,,,,2673,53092
,,,,,,,,,,,,,,,,,,,,,,,,,2674,51505
,,,,,,,,,,,,,,,,,,,,,,,,,2675,50057
,,,,,,,,,,,,,,,,,,,,,,,,,2676,49832
,,,,,,,,,,,,,,,,,,,,,,,,,2677,47809
,,,,,,,,,,,,,,,,,,,,,,,,,2678,45167
,,,,,,,,,,,,,,,,,,,,,,,,,2679,44132
,,,,,,,,,,,,,,,,,,,,,,,,,2680,44039
,,,,,,,,,,,,,,,,,,,,,,,,,2681,43794
,,,,,,,,,,,,,,,,,,,,,,,,,2682,43712
,,,,,,,,,,,,,,,,,,,,,,,,,2683,42881
,,,,,,,,,,,,,,,,,,,,,,,,,2684,31415926
,,,,,,,,,,,,,,,,,,,,,,,,,2685,39385
,,,,,,,,,,,,,,,,,,,,,,,,,2686,37499
,,,,,,,,,,,,,,,,,,,,,,,,,2687,37042
,,,,,,,,,,,,,,,,,,,,,,,,,2688,36608
,,,,,,,,,,,,,,,,,,,,,,,,,2689,36608
,,,,,,,,,,,,,,,,,,,,,,,,,2690,36339
,,,,,,,,,,,,,,,,,,,,,,,,,2691,36339
,,,,,,,,,,,,,,,,,,,,,,,,,2692,35982
,,,,,,,,,,,,,,,,,,,,,,,,,2693,34853
,,,,,,,,,,,,,,,,,,,,,,,,,2694,34721
,,,,,,,,,,,,,,,,,,,,,,,,,2695,34519
,,,,,,,,,,,,,,,,,,,,,,,,,2696,34067
,,,,,,,,,,,,,,,,,,,,,,,,,2697,33482
,,,,,,,,,,,,,,,,,,,,,,,,,2698,31774
,,,,,,,,,,,,,,,,,,,,,,,,,2699,30814
,,,,,,,,,,,,,,,,,,,,,,,,,2700,30182
,,,,,,,,,,,,,,,,,,,,,,,,,2701,29948
,,,,,,,,,,,,,,,,,,,,,,,,,2702,29358
,,,,,,,,,,,,,,,,,,,,,,,,,2703,29268
,,,,,,,,,,,,,,,,,,,,,,,,,2704,28720
,,,,,,,,,,,,,,,,,,,,,,,,,2705,28546
,,,,,,,,,,,,,,,,,,,,,,,,,2706,27072
,,,,,,,,,,,,,,,,,,,,,,,,,2707,26654
,,,,,,,,,,,,,,,,,,,,,,,,,2708,26516
,,,,,,,,,,,,,,,,,,,,,,,,,2709,26501
,,,,,,,,,,,,,,,,,,,,,,,,,2710,26062
,,,,,,,,,,,,,,,,,,,,,,,,,2711,25748
,,,,,,,,,,,,,,,,,,,,,,,,,2712,24606
,,,,,,,,,,,,,,,,,,,,,,,,,2713,24228
,,,,,,,,,,,,,,,,,,,,,,,,,2714,23757
,,,,,,,,,,,,,,,,,,,,,,,,,2715,22580
,,,,,,,,,,,,,,,,,,,,,,,,,2716,22580
,,,,,,,,,,,,,,,,,,,,,,,,,2717,22338
,,,,,,,,,,,,,,,,,,,,,,,,,2718,22174
,,,,,,,,,,,,,,,,,,,,,,,,,2719,19148
,,,,,,,,,,,,,,,,,,,,,,,,,2720,18704
,,,,,,,,,,,,,,,,,,,,,,,,,2721,15451
,,,,,,,,,,,,,,,,,,,,,,,,,2722,15157
,,,,,,,,,,,,,,,,,,,,,,,,,2723,11056
,,,,,,,,,,,,,,,,,,,,,,,,,2724,10937
,,,,,,,,,,,,,,,,,,,,,,,,,2725,9987
,,,,,,,,,,,,,,,,,,,,,,,,,2726,9116
,,,,,,,,,,,,,,,,,,,,,,,,,2727,7628
,,,,,,,,,,,,,,,,,,,,,,,,,2728,6150
,,,,,,,,,,,,,,,,,,,,,,,,,2729,5703
,,,,,,,,,,,,,,,,,,,,,,,,,2730,5703
,,,,,,,,,,,,,,,,,,,,,,,,,2731,5660
,,,,,,,,,,,,,,,,,,,,,,,,,2732,5455
,,,,,,,,,,,,,,,,,,,,,,,,,2733,5419
,,,,,,,,,,,,,,,,,,,,,,,,,2734,4974
,,,,,,,,,,,,,,,,,,,,,,,,,2735,4920
,,,,,,,,,,,,,,,,,,,,,,,,,2736,4840
,,,,,,,,,,,,,,,,,,,,,,,,,2737,4667
,,,,,,,,,,,,,,,,,,,,,,,,,2738,4262
,,,,,,,,,,,,,,,,,,,,,,,,,2739,4258
,,,,,,,,,,,,,,,,,,,,,,,,,2740,3887
,,,,,,,,,,,,,,,,,,,,,,,,,2741,3773
,,,,,,,,,,,,,,,,,,,,,,,,,2742,3105
,,,,,,,,,,,,,,,,,,,,,,,,,2743,2634
,,,,,,,,,,,,,,,,,,,,,,,,,2744,2445
,,,,,,,,,,,,,,,,,,,,,,,,,2745,2440
,,,,,,,,,,,,,,,,,,,,,,,,,2746,1995
,,,,,,,,,,,,,,,,,,,,,,,,,2747,1758
,,,,,,,,,,,,,,,,,,,,,,,,,2748,1612
,,,,,,,,,,,,,,,,,,,,,,,,,2749,1212
,,,,,,,,,,,,,,,,,,,,,,,,,2750,1203
,,,,,,,,,,,,,,,,,,,,,,,,,2751,1096
,,,,,,,,,,,,,,,,,,,,,,,,,2752,1037
,,,,,,,,,,,,,,,,,,,,,,,,,2753,951
,,,,,,,,,,,,,,,,,,,,,,,,,2754,910
,,,,,,,,,,,,,,,,,,,,,,,,,2755,874
,,,,,,,,,,,,,,,,,,,,,,,,,2756,866
,,,,,,,,,,,,,,,,,,,,,,,,,2757,848
,,,,,,,,,,,,,,,,,,,,,,,,,2758,812
,,,,,,,,,,,,,,,,,,,,,,,,,2759,546
,,,,,,,,,,,,,,,,,,,,,,,,,2760,388
,,,,,,,,,,,,,,,,,,,,,,,,,2761,376
,,,,,,,,,,,,,,,,,,,,,,,,,2762,376
,,,,,,,,,,,,,,,,,,,,,,,,,2763,376
,,,,,,,,,,,,,,,,,,,,,,,,,2764,376
,,,,,,,,,,,,,,,,,,,,,,,,,2765,376
,,,,,,,,,,,,,,,,,,,,,,,,,2766,376
,,,,,,,,,,,,,,,,,,,,,,,,,2767,376
,,,,,,,,,,,,,,,,,,,,,,,,,2768,376
,,,,,,,,,,,,,,,,,,,,,,,,,2769,376
,,,,,,,,,,,,,,,,,,,,,,,,,2770,366
,,,,,,,,,,,,,,,,,,,,,,,,,2771,284
,,,,,,,,,,,,,,,,,,,,,,,,,2772,280
,,,,,,,,,,,,,,,,,,,,,,,,,2773,268
,,,,,,,,,,,,,,,,,,,,,,,,,2774,267
,,,,,,,,,,,,,,,,,,,,,,,,,2775,229
,,,,,,,,,,,,,,,,,,,,,,,,,2776,194
,,,,,,,,,,,,,,,,,,,,,,,,,2777,165
,,,,,,,,,,,,,,,,,,,,,,,,,2778,52
,,,,,,,,,,,,,,,,,,,,,,,,,2779,0
,,,,,,,,,,,,,,,,,,,,,,,,,2780,0
,,,,,,,,,,,,,,,,,,,,,,,,,2781,0
,,,,,,,,,,,,,,,,,,,,,,,,,2782,0
,,,,,,,,,,,,,,,,,,,,,,,,,2783,0
,,,,,,,,,,,,,,,,,,,,,,,,,2784,0
,,,,,,,,,,,,,,,,,,,,,,,,,2785,0
,,,,,,,,,,,,,,,,,,,,,,,,,2786,0
,,,,,,,,,,,,,,,,,,,,,,,,,2787,0
,,,,,,,,,,,,,,,,,,,,,,,,,2788,0
,,,,,,,,,,,,,,,,,,,,,,,,,2789,0
,,,,,,,,,,,,,,,,,,,,,,,,,2790,0
,,,,,,,,,,,,,,,,,,,,,,,,,2791,0
,,,,,,,,,,,,,,,,,,,,,,,,,2792,0
,,,,,,,,,,,,,,,,,,,,,,,,,2793,0
,,,,,,,,,,,,,,,,,,,,,,,,,2794,101010
,,,,,,,,,,,,,,,,,,,,,,,,,2795,0
,,,,,,,,,,,,,,,,,,,,,,,,,2796,0
,,,,,,,,,,,,,,,,,,,,,,,,,2797,0
,,,,,,,,,,,,,,,,,,,,,,,,,2798,0
,,,,,,,,,,,,,,,,,,,,,,,,,2799,0
,,,,,,,,,,,,,,,,,,,,,,,,,2800,0
,,,,,,,,,,,,,,,,,,,,,,,,,2801,0
,,,,,,,,,,,,,,,,,,,,,,,,,2802,0
,,,,,,,,,,,,,,,,,,,,,,,,,2803,0
,,,,,,,,,,,,,,,,,,,,,,,,,2804,0
,,,,,,,,,,,,,,,,,,,,,,,,,2805,0
,,,,,,,,,,,,,,,,,,,,,,,,,2806,0
,,,,,,,,,,,,,,,,,,,,,,,,,2807,0
,,,,,,,,,,,,,,,,,,,,,,,,,2808,0
,,,,,,,,,,,,,,,,,,,,,,,,,2809,0
,,,,,,,,,,,,,,,,,,,,,,,,,2810,0
,,,,,,,,,,,,,,,,,,,,,,,,,2811,0
,,,,,,,,,,,,,,,,,,,,,,,,,2812,0
,,,,,,,,,,,,,,,,,,,,,,,,,2813,0
,,,,,,,,,,,,,,,,,,,,,,,,,2814,0
,,,,,,,,,,,,,,,,,,,,,,,,,2815,0